gates	Run npm run gates	﻿2026-09-23T10:33:24.9515845Z ##[group]Run npm run gates
gates	Run npm run gates	2026-09-23T10:33:24.9516171Z ^[[36;1mnpm run gates^[[0m
gates	Run npm run gates	2026-09-23T10:33:24.9539540Z shell: /usr/bin/bash -e {0}
gates	Run npm run gates	2026-09-23T10:33:24.9540279Z ##[endgroup]
gates	Run npm run gates	2026-09-23T10:33:25.0263939Z 
gates	Run npm run gates	2026-09-23T10:33:25.0264813Z > ludone-desktop-prototype@0.1.4 gates
gates	Run npm run gates	2026-09-23T10:33:25.0265678Z > npm run lint && npm run typecheck && npm run test:unit && npm run preskocene
gates	Run npm run gates	2026-09-23T10:33:25.0266040Z 
gates	Run npm run gates	2026-09-23T10:33:25.0925079Z 
gates	Run npm run gates	2026-09-23T10:33:25.0925893Z > ludone-desktop-prototype@0.1.4 lint
gates	Run npm run gates	2026-09-23T10:33:25.0926282Z > eslint .
gates	Run npm run gates	2026-09-23T10:33:25.0926428Z 
gates	Run npm run gates	2026-09-23T10:33:27.2933230Z 
gates	Run npm run gates	2026-09-23T10:33:27.2934305Z > ludone-desktop-prototype@0.1.4 typecheck
gates	Run npm run gates	2026-09-23T10:33:27.2935029Z > tsc --noEmit -p jsconfig.json
gates	Run npm run gates	2026-09-23T10:33:27.2940104Z 
gates	Run npm run gates	2026-09-23T10:33:27.7740106Z 
gates	Run npm run gates	2026-09-23T10:33:27.7741066Z > ludone-desktop-prototype@0.1.4 test:unit
gates	Run npm run gates	2026-09-23T10:33:27.7741495Z > vitest run
gates	Run npm run gates	2026-09-23T10:33:27.7741634Z 
gates	Run npm run gates	2026-09-23T10:33:28.3028570Z 
gates	Run npm run gates	2026-09-23T10:33:28.3030669Z ^[[1m^[[46m RUN ^[[49m^[[22m ^[[36mv3.2.7 ^[[39m^[[90m/home/runner/work/ludone-desktop/ludone-desktop^[[39m
gates	Run npm run gates	2026-09-23T10:33:28.3031851Z 
gates	Run npm run gates	2026-09-23T10:33:31.0475825Z ^[[90mstderr^[[2m | tests/queue-wiring.test.js^[[2m > ^[[22m^[[2mzjištění uložené OAuth session^[[2m > ^[[22m^[[2mnový stav relace rozliší platnost, mez vypršení a chybějící relaci bez mazání tokenů
gates	Run npm run gates	2026-09-23T10:33:31.0477316Z ^[[22m^[[39m[auth] Obnova relace selhala: reason=refresh-failed
gates	Run npm run gates	2026-09-23T10:33:31.0477843Z 
gates	Run npm run gates	2026-09-23T10:33:31.0952789Z  ^[[32m✓^[[39m tests/upload-client.test.js ^[[2m(^[[22m^[[2m77 tests^[[22m^[[2m)^[[22m^[[33m 2112^[[2mms^[[22m^[[39m
gates	Run npm run gates	2026-09-23T10:33:31.0954509Z    ^[[33m^[[2m✓^[[22m^[[39m výsledek uploadu v perzistentním souboru fronty^[[2m > ^[[22mjednostopý upload uloží per-stopové ID, session a bajty až do outgoing.json ^[[33m 352^[[2mms^[[22m^[[39m
gates	Run npm run gates	2026-09-23T10:33:31.0956021Z    ^[[33m^[[2m✓^[[22m^[[39m výsledek uploadu v perzistentním souboru fronty^[[2m > ^[[22mdvoustopý upload uloží per-stopové ID, session a bajty až do outgoing.json ^[[33m 312^[[2mms^[[22m^[[39m
gates	Run npm run gates	2026-09-23T10:33:31.0957695Z    ^[[33m^[[2m✓^[[22m^[[39m výsledek uploadu v perzistentním souboru fronty^[[2m > ^[[22mpo úspěšné první stopě a výpadku druhé zachová oba serverové klíče pro retry ^[[33m 310^[[2mms^[[22m^[[39m
gates	Run npm run gates	2026-09-23T10:33:31.1891485Z ^[[90mstderr^[[2m | tests/queue-wiring.test.js^[[2m > ^[[22m^[[2mzjištění uložené OAuth session^[[2m > ^[[22m^[[2mvypršelá relace přes skutečné IPC ukáže vypršení v obou oknech a zůstane na disku
gates	Run npm run gates	2026-09-23T10:33:31.1893078Z ^[[22m^[[39m[auth] Obnova relace selhala: reason=refresh-failed
gates	Run npm run gates	2026-09-23T10:33:31.1894063Z 
gates	Run npm run gates	2026-09-23T10:33:31.3276268Z  ^[[32m✓^[[39m tests/queue.test.js ^[[2m(^[[22m^[[2m134 tests^[[22m^[[2m)^[[22m^[[33m 2331^[[2mms^[[22m^[[39m
gates	Run npm run gates	2026-09-23T10:33:31.4282333Z ^[[90mstdout^[[2m | tests/queue-wiring.test.js^[[2m > ^[[22m^[[2mzjištění uložené OAuth session^[[2m > ^[[22m^[[2mpřímý invoke změny prostředí neobejde blokaci běžícího LuTracku
gates	Run npm run gates	2026-09-23T10:33:31.4289426Z ^[[22m^[[39m[tracking] Uloženo: /tmp/ludone-main-queue-test-TZhOvM/cas/casovac.json
gates	Run npm run gates	2026-09-23T10:33:31.4289945Z 
gates	Run npm run gates	2026-09-23T10:33:31.4298710Z ^[[90mstdout^[[2m | tests/queue-wiring.test.js^[[2m > ^[[22m^[[2mzjištění uložené OAuth session^[[2m > ^[[22m^[[2mpřímý invoke změny prostředí neobejde blokaci běžícího LuTracku
gates	Run npm run gates	2026-09-23T10:33:31.4301223Z ^[[22m^[[39m[tracking] Uloženo: /tmp/ludone-main-queue-test-TZhOvM/cas/casovac.json
gates	Run npm run gates	2026-09-23T10:33:31.4301693Z 
gates	Run npm run gates	2026-09-23T10:33:31.7933712Z ^[[90mstdout^[[2m | tests/queue-wiring.test.js^[[2m > ^[[22m^[[2mviditelnost ikony a klikání na lištu^[[2m > ^[[22m^[[2mběžící LuTrack přepne položku na aktivní zastavení přes frontu tray příkazů
gates	Run npm run gates	2026-09-23T10:33:31.7935412Z ^[[22m^[[39m[tracking] Uloženo: /tmp/ludone-main-queue-test-7GLWgu/cas/casovac.json
gates	Run npm run gates	2026-09-23T10:33:31.7936396Z 
gates	Run npm run gates	2026-09-23T10:33:31.8540809Z ^[[90mstderr^[[2m | tests/queue-wiring.test.js^[[2m > ^[[22m^[[2mviditelnost ikony a klikání na lištu^[[2m > ^[[22m^[[2mpreload po výjimce prvního příkazu doručí druhý i třetí s rozestupy a vyzvedne další dávku
gates	Run npm run gates	2026-09-23T10:33:31.8542587Z ^[[22m^[[39m[tray] Rychlou akci stop-recording se nepodařilo zpracovat: Odběratel prvního příkazu selhal
gates	Run npm run gates	2026-09-23T10:33:31.8543751Z 
gates	Run npm run gates	2026-09-23T10:33:33.5217208Z  ^[[32m✓^[[39m tests/idle-panel.test.js ^[[2m(^[[22m^[[2m44 tests^[[22m^[[2m)^[[22m^[[33m 1352^[[2mms^[[22m^[[39m
gates	Run npm run gates	2026-09-23T10:33:34.1098270Z ^[[90mstderr^[[2m | tests/queue-wiring.test.js^[[2m > ^[[22m^[[2mprodukční zapojení odchozí fronty^[[2m > ^[[22m^[[2mprošlý access token neposkytne uploadu jako platný kontext
gates	Run npm run gates	2026-09-23T10:33:34.1100015Z ^[[22m^[[39m[auth] Obnova relace selhala: reason=refresh-failed
gates	Run npm run gates	2026-09-23T10:33:34.1129049Z 
gates	Run npm run gates	2026-09-23T10:33:34.3524400Z ^[[90mstderr^[[2m | tests/queue-wiring.test.js^[[2m > ^[[22m^[[2mprodukční zapojení odchozí fronty^[[2m > ^[[22m^[[2mselhaná obnova expirované session předá null a nespustí recording send
gates	Run npm run gates	2026-09-23T10:33:34.3551418Z ^[[22m^[[39m[auth] Obnova relace selhala: reason=refresh-failed
gates	Run npm run gates	2026-09-23T10:33:34.3614471Z 
gates	Run npm run gates	2026-09-23T10:33:35.0502747Z  ^[[32m✓^[[39m tests/recording-card.test.js ^[[2m(^[[22m^[[2m59 tests^[[22m^[[2m)^[[22m^[[33m 3141^[[2mms^[[22m^[[39m
gates	Run npm run gates	2026-09-23T10:33:35.0510218Z    ^[[33m^[[2m✓^[[22m^[[39m nahrávání při zneplatnění relace^[[2m > ^[[22mstav expired ponechá Stop i lokální uložení, ale zavře odesílání ^[[33m 827^[[2mms^[[22m^[[39m
gates	Run npm run gates	2026-09-23T10:33:35.6044556Z  ^[[32m✓^[[39m tests/retention.test.js ^[[2m(^[[22m^[[2m39 tests^[[22m^[[2m)^[[22m^[[33m 312^[[2mms^[[22m^[[39m
gates	Run npm run gates	2026-09-23T10:33:36.2549282Z ^[[90mstdout^[[2m | tests/queue-wiring.test.js^[[2m > ^[[22m^[[2mprodukční zapojení odchozí fronty^[[2m > ^[[22m^[[2mpo trvalém uzavření časovače zařadí přes produkční store přesný časový záznam
gates	Run npm run gates	2026-09-23T10:33:36.2580858Z ^[[22m^[[39m[tracking] Uloženo: /tmp/ludone-main-queue-test-ptotSl/cas/casovac.json
gates	Run npm run gates	2026-09-23T10:33:36.2608299Z 
gates	Run npm run gates	2026-09-23T10:33:36.2621581Z ^[[90mstdout^[[2m | tests/queue-wiring.test.js^[[2m > ^[[22m^[[2mprodukční zapojení odchozí fronty^[[2m > ^[[22m^[[2mpo trvalém uzavření časovače zařadí přes produkční store přesný časový záznam
gates	Run npm run gates	2026-09-23T10:33:36.2623799Z ^[[22m^[[39m[tracking] Uloženo: /tmp/ludone-main-queue-test-ptotSl/cas/casovac.json
gates	Run npm run gates	2026-09-23T10:33:36.2624409Z 
gates	Run npm run gates	2026-09-23T10:33:36.3633998Z ^[[90mstdout^[[2m | tests/queue-wiring.test.js^[[2m > ^[[22m^[[2mprodukční zapojení odchozí fronty^[[2m > ^[[22m^[[2mselhání zařazení času za běhu otevře panel, i když se aplikace neukončuje
gates	Run npm run gates	2026-09-23T10:33:36.3635790Z ^[[22m^[[39m[tracking] Uloženo: /tmp/ludone-main-queue-test-pNAhXM/cas/casovac.json
gates	Run npm run gates	2026-09-23T10:33:36.3636402Z 
gates	Run npm run gates	2026-09-23T10:33:36.3715235Z ^[[90mstdout^[[2m | tests/queue-wiring.test.js^[[2m > ^[[22m^[[2mprodukční zapojení odchozí fronty^[[2m > ^[[22m^[[2mselhání zařazení času za běhu otevře panel, i když se aplikace neukončuje
gates	Run npm run gates	2026-09-23T10:33:36.3739957Z ^[[22m^[[39m[tracking] Uloženo: /tmp/ludone-main-queue-test-pNAhXM/cas/casovac.json
gates	Run npm run gates	2026-09-23T10:33:36.3744486Z 
gates	Run npm run gates	2026-09-23T10:33:36.5967191Z  ^[[32m✓^[[39m tests/settings.test.js ^[[2m(^[[22m^[[2m46 tests^[[22m^[[2m)^[[22m^[[33m 2331^[[2mms^[[22m^[[39m
gates	Run npm run gates	2026-09-23T10:33:36.5968559Z    ^[[33m^[[2m✓^[[22m^[[39m poctivý výsledek odhlášení v Nastavení^[[2m > ^[[22mpotvrzené odhlášení na Macu i serveru zachová dosavadní úspěch ^[[33m 307^[[2mms^[[22m^[[39m
gates	Run npm run gates	2026-09-23T10:33:37.0775949Z  ^[[32m✓^[[39m tests/recording-export.test.js ^[[2m(^[[22m^[[2m75 tests^[[22m^[[2m)^[[22m^[[32m 237^[[2mms^[[22m^[[39m
gates	Run npm run gates	2026-09-23T10:33:38.1941314Z ^[[90mstdout^[[2m | tests/tracking-timer.test.js^[[2m > ^[[22m^[[2mvypínač DESKTOP_TIME_ENABLED^[[2m > ^[[22m^[[2mprodukční wiring s hodnotou true skončí jako started
gates	Run npm run gates	2026-09-23T10:33:38.1943230Z ^[[22m^[[39m[tracking] Uloženo: /tmp/ludone-tracking-test-HevRa9/cas/casovac.json
gates	Run npm run gates	2026-09-23T10:33:38.1943771Z 
gates	Run npm run gates	2026-09-23T10:33:38.5121837Z  ^[[32m✓^[[39m tests/tracking-timer.test.js ^[[2m(^[[22m^[[2m58 tests^[[22m^[[2m)^[[22m^[[33m 1930^[[2mms^[[22m^[[39m
gates	Run npm run gates	2026-09-23T10:33:39.3762336Z  ^[[32m✓^[[39m tests/onboarding-missing-steps.test.js ^[[2m(^[[22m^[[2m23 tests^[[22m^[[2m)^[[22m^[[33m 1746^[[2mms^[[22m^[[39m
gates	Run npm run gates	2026-09-23T10:33:39.3763495Z    ^[[33m^[[2m✓^[[22m^[[39m dva chybějící kroky onboardingu^[[2m > ^[[22mpo skončení pokusu přestane neznámou adresu znovu zjišťovat ^[[33m 877^[[2mms^[[22m^[[39m
gates	Run npm run gates	2026-09-23T10:33:39.4660622Z  ^[[32m✓^[[39m tests/logout.test.js ^[[2m(^[[22m^[[2m23 tests^[[22m^[[2m | ^[[22m^[[33m1 skipped^[[39m^[[2m)^[[22m^[[33m 803^[[2mms^[[22m^[[39m
gates	Run npm run gates	2026-09-23T10:33:40.1287896Z ^[[90mstdout^[[2m | tests/tray-authority.test.js^[[2m > ^[[22m^[[2mstav vlastní hlavní proces, ne renderer^[[2m > ^[[22m^[[2modvodí stav {"signedIn":false} jako signed-out
gates	Run npm run gates	2026-09-23T10:33:40.1289907Z ^[[22m^[[39m[tray] 2026-09-23T10:33:40.127Z stav=signed-out nahrávání=false výpadekZvuku=false jenMikrofon=false lutrack=false fronta=0 přihlášen=false
gates	Run npm run gates	2026-09-23T10:33:40.1290504Z 
gates	Run npm run gates	2026-09-23T10:33:40.1295283Z ^[[90mstdout^[[2m | tests/tray-authority.test.js^[[2m > ^[[22m^[[2mstav vlastní hlavní proces, ne renderer^[[2m > ^[[22m^[[2modvodí stav {"signedIn":true} jako idle
gates	Run npm run gates	2026-09-23T10:33:40.1298607Z ^[[22m^[[39m[tray] 2026-09-23T10:33:40.128Z stav=idle nahrávání=false výpadekZvuku=false jenMikrofon=false lutrack=false fronta=0 přihlášen=true
gates	Run npm run gates	2026-09-23T10:33:40.1299340Z 
gates	Run npm run gates	2026-09-23T10:33:40.1300284Z ^[[90mstdout^[[2m | tests/tray-authority.test.js^[[2m > ^[[22m^[[2mstav vlastní hlavní proces, ne renderer^[[2m > ^[[22m^[[2modvodí stav {"signedIn":true,"trackingOwners":[1]} jako tracking
gates	Run npm run gates	2026-09-23T10:33:40.1302120Z ^[[22m^[[39m[tray] 2026-09-23T10:33:40.129Z stav=tracking nahrávání=false výpadekZvuku=false jenMikrofon=false lutrack=true fronta=0 přihlášen=true
gates	Run npm run gates	2026-09-23T10:33:40.1302784Z 
gates	Run npm run gates	2026-09-23T10:33:40.1303867Z ^[[90mstdout^[[2m | tests/tray-authority.test.js^[[2m > ^[[22m^[[2mstav vlastní hlavní proces, ne renderer^[[2m > ^[[22m^[[2modvodí stav {"signedIn":true,"preparing":[[1,{"cancelled":false}]]} jako recording
gates	Run npm run gates	2026-09-23T10:33:40.1305414Z ^[[22m^[[39m[tray] 2026-09-23T10:33:40.129Z stav=recording nahrávání=true výpadekZvuku=false jenMikrofon=false lutrack=false fronta=0 přihlášen=true
gates	Run npm run gates	2026-09-23T10:33:40.1306111Z 
gates	Run npm run gates	2026-09-23T10:33:40.1310058Z ^[[90mstdout^[[2m | tests/tray-authority.test.js^[[2m > ^[[22m^[[2mstav vlastní hlavní proces, ne renderer^[[2m > ^[[22m^[[2modvodí stav {"signedIn":true,"sessions":[["s",{"ownerId":1}]]} jako recording
gates	Run npm run gates	2026-09-23T10:33:40.1311284Z ^[[22m^[[39m[tray] 2026-09-23T10:33:40.129Z stav=recording nahrávání=true výpadekZvuku=false jenMikrofon=false lutrack=false fronta=0 přihlášen=true
gates	Run npm run gates	2026-09-23T10:33:40.1311709Z 
gates	Run npm run gates	2026-09-23T10:33:40.1312288Z ^[[90mstdout^[[2m | tests/tray-authority.test.js^[[2m > ^[[22m^[[2mstav vlastní hlavní proces, ne renderer^[[2m > ^[[22m^[[2modvodí stav {"signedIn":true,"queueWaitingCount":1} jako queue-waiting
gates	Run npm run gates	2026-09-23T10:33:40.1313297Z ^[[22m^[[39m[tray] 2026-09-23T10:33:40.130Z stav=queue-waiting nahrávání=false výpadekZvuku=false jenMikrofon=false lutrack=false fronta=1 přihlášen=true
gates	Run npm run gates	2026-09-23T10:33:40.1313680Z 
gates	Run npm run gates	2026-09-23T10:33:40.1314591Z ^[[90mstdout^[[2m | tests/tray-authority.test.js^[[2m > ^[[22m^[[2mstav vlastní hlavní proces, ne renderer^[[2m > ^[[22m^[[2modvodí stav {"signedIn":true,"systemAudioLostOwners":[1]} jako idle
gates	Run npm run gates	2026-09-23T10:33:40.1315539Z ^[[22m^[[39m[tray] 2026-09-23T10:33:40.130Z stav=idle nahrávání=false výpadekZvuku=false jenMikrofon=false lutrack=false fronta=0 přihlášen=true
gates	Run npm run gates	2026-09-23T10:33:40.1315905Z 
gates	Run npm run gates	2026-09-23T10:33:40.1316777Z ^[[90mstdout^[[2m | tests/tray-authority.test.js^[[2m > ^[[22m^[[2mstav vlastní hlavní proces, ne renderer^[[2m > ^[[22m^[[2modvodí stav {"signedIn":true,"preparing":[[1,{"cancelled":false,"sources":["microphone","system"]}]],"systemAudioLostOwners":[1]} jako recording-audio-lost
gates	Run npm run gates	2026-09-23T10:33:40.1318547Z ^[[22m^[[39m[tray] 2026-09-23T10:33:40.130Z stav=recording-audio-lost nahrávání=true výpadekZvuku=true jenMikrofon=false lutrack=false fronta=0 přihlášen=true
gates	Run npm run gates	2026-09-23T10:33:40.1318954Z 
gates	Run npm run gates	2026-09-23T10:33:40.1319782Z ^[[90mstdout^[[2m | tests/tray-authority.test.js^[[2m > ^[[22m^[[2mstav vlastní hlavní proces, ne renderer^[[2m > ^[[22m^[[2modvodí stav {"signedIn":true,"trackingOwners":[1],"preparing":[[1,{"cancelled":false}]]} jako recording-tracking
gates	Run npm run gates	2026-09-23T10:33:40.1320836Z ^[[22m^[[39m[tray] 2026-09-23T10:33:40.131Z stav=recording-tracking nahrávání=true výpadekZvuku=false jenMikrofon=false lutrack=true fronta=0 přihlášen=true
gates	Run npm run gates	2026-09-23T10:33:40.1321251Z 
gates	Run npm run gates	2026-09-23T10:33:40.1322730Z ^[[90mstdout^[[2m | tests/tray-authority.test.js^[[2m > ^[[22m^[[2mstav vlastní hlavní proces, ne renderer^[[2m > ^[[22m^[[2modvodí stav {"signedIn":true,"trackingOwners":[1],"preparing":[[1,{"cancelled":false,"sources":["microphone","system"]}]],"queueWaitingCount":2,"systemAudioLostOwners":[1]} jako recording-audio-lost
gates	Run npm run gates	2026-09-23T10:33:40.1324457Z ^[[22m^[[39m[tray] 2026-09-23T10:33:40.131Z stav=recording-audio-lost nahrávání=true výpadekZvuku=true jenMikrofon=false lutrack=true fronta=2 přihlášen=true
gates	Run npm run gates	2026-09-23T10:33:40.1324850Z 
gates	Run npm run gates	2026-09-23T10:33:40.1325495Z ^[[90mstdout^[[2m | tests/tray-authority.test.js^[[2m > ^[[22m^[[2mstav vlastní hlavní proces, ne renderer^[[2m > ^[[22m^[[2modvodí stav {"signedIn":true,"trackingOwners":[1],"queueWaitingCount":2} jako tracking
gates	Run npm run gates	2026-09-23T10:33:40.1326517Z ^[[22m^[[39m[tray] 2026-09-23T10:33:40.131Z stav=tracking nahrávání=false výpadekZvuku=false jenMikrofon=false lutrack=true fronta=2 přihlášen=true
gates	Run npm run gates	2026-09-23T10:33:40.1326899Z 
gates	Run npm run gates	2026-09-23T10:33:40.1327935Z ^[[90mstdout^[[2m | tests/tray-authority.test.js^[[2m > ^[[22m^[[2mstav vlastní hlavní proces, ne renderer^[[2m > ^[[22m^[[2modvodí stav {"signedIn":false,"trackingOwners":[1],"preparing":[[1,{"cancelled":false}]],"queueWaitingCount":2,"systemAudioLostOwners":[1]} jako signed-out
gates	Run npm run gates	2026-09-23T10:33:40.1329326Z ^[[22m^[[39m[tray] 2026-09-23T10:33:40.132Z stav=signed-out nahrávání=true výpadekZvuku=false jenMikrofon=false lutrack=true fronta=2 přihlášen=false
gates	Run npm run gates	2026-09-23T10:33:40.1329698Z 
gates	Run npm run gates	2026-09-23T10:33:40.1330298Z ^[[90mstdout^[[2m | tests/tray-authority.test.js^[[2m > ^[[22m^[[2mstav vlastní hlavní proces, ne renderer^[[2m > ^[[22m^[[2modvodí stav {"signedIn":true,"preparing":[[1,{"cancelled":true}]]} jako idle
gates	Run npm run gates	2026-09-23T10:33:40.1331203Z ^[[22m^[[39m[tray] 2026-09-23T10:33:40.132Z stav=idle nahrávání=false výpadekZvuku=false jenMikrofon=false lutrack=false fronta=0 přihlášen=true
gates	Run npm run gates	2026-09-23T10:33:40.1331583Z 
gates	Run npm run gates	2026-09-23T10:33:40.1332257Z ^[[90mstdout^[[2m | tests/tray-authority.test.js^[[2m > ^[[22m^[[2mstav vlastní hlavní proces, ne renderer^[[2m > ^[[22m^[[2modvodí stav {"signedIn":true,"sessions":[["s",{"ownerId":1,"finalizePromise":{}}]]} jako idle
gates	Run npm run gates	2026-09-23T10:33:40.1333178Z ^[[22m^[[39m[tray] 2026-09-23T10:33:40.132Z stav=idle nahrávání=false výpadekZvuku=false jenMikrofon=false lutrack=false fronta=0 přihlášen=true
gates	Run npm run gates	2026-09-23T10:33:40.1333579Z 
gates	Run npm run gates	2026-09-23T10:33:40.1336233Z ^[[90mstdout^[[2m | tests/tray-authority.test.js^[[2m > ^[[22m^[[2mstav vlastní hlavní proces, ne renderer^[[2m > ^[[22m^[[2mjednostopé nahrávání odliší od plného nahrávání i výpadku: příprava
gates	Run npm run gates	2026-09-23T10:33:40.1337190Z ^[[22m^[[39m[tray] 2026-09-23T10:33:40.132Z stav=recording-microphone-only nahrávání=true výpadekZvuku=false jenMikrofon=true lutrack=false fronta=0 přihlášen=true
gates	Run npm run gates	2026-09-23T10:33:40.1337639Z 
gates	Run npm run gates	2026-09-23T10:33:40.1339473Z ^[[90mstdout^[[2m | tests/tray-authority.test.js^[[2m > ^[[22m^[[2mstav vlastní hlavní proces, ne renderer^[[2m > ^[[22m^[[2mjednostopé nahrávání odliší od plného nahrávání i výpadku: živá session
gates	Run npm run gates	2026-09-23T10:33:40.1340462Z ^[[22m^[[39m[tray] 2026-09-23T10:33:40.133Z stav=recording-microphone-only nahrávání=true výpadekZvuku=false jenMikrofon=true lutrack=false fronta=0 přihlášen=true
gates	Run npm run gates	2026-09-23T10:33:40.1340880Z 
gates	Run npm run gates	2026-09-23T10:33:40.1343546Z ^[[90mstdout^[[2m | tests/tray-authority.test.js^[[2m > ^[[22m^[[2mstav vlastní hlavní proces, ne renderer^[[2m > ^[[22m^[[2mjednostopé nahrávání odliší od plného nahrávání i výpadku: souběh s LuTrackem
gates	Run npm run gates	2026-09-23T10:33:40.1344682Z ^[[22m^[[39m[tray] 2026-09-23T10:33:40.133Z stav=recording-microphone-only nahrávání=true výpadekZvuku=false jenMikrofon=true lutrack=true fronta=2 přihlášen=true
gates	Run npm run gates	2026-09-23T10:33:40.1345092Z 
gates	Run npm run gates	2026-09-23T10:33:40.1359383Z ^[[90mstdout^[[2m | tests/tray-authority.test.js^[[2m > ^[[22m^[[2mstav vlastní hlavní proces, ne renderer^[[2m > ^[[22m^[[2mukončená jednostopá session nepřidá odznak jinému plnému nahrávání: {"preparing":[[1,{"cancelled":true,"sources":["microphone"]}]]}
gates	Run npm run gates	2026-09-23T10:33:40.1361280Z ^[[22m^[[39m[tray] 2026-09-23T10:33:40.134Z stav=recording nahrávání=true výpadekZvuku=false jenMikrofon=false lutrack=false fronta=0 přihlášen=true
gates	Run npm run gates	2026-09-23T10:33:40.1361878Z 
gates	Run npm run gates	2026-09-23T10:33:40.1363216Z ^[[90mstdout^[[2m | tests/tray-authority.test.js^[[2m > ^[[22m^[[2mstav vlastní hlavní proces, ne renderer^[[2m > ^[[22m^[[2mukončená jednostopá session nepřidá odznak jinému plnému nahrávání: {"sessions":[["s",{"ownerId":1,"tracks":{},"finalizePromise":{}}]]}
gates	Run npm run gates	2026-09-23T10:33:40.1365045Z ^[[22m^[[39m[tray] 2026-09-23T10:33:40.134Z stav=recording nahrávání=true výpadekZvuku=false jenMikrofon=false lutrack=false fronta=0 přihlášen=true
gates	Run npm run gates	2026-09-23T10:33:40.1365706Z 
gates	Run npm run gates	2026-09-23T10:33:40.1366653Z ^[[90mstdout^[[2m | tests/tray-authority.test.js^[[2m > ^[[22m^[[2mstav vlastní hlavní proces, ne renderer^[[2m > ^[[22m^[[2mskutečný výpadek má přednost před přijatým jednostopým nahráváním
gates	Run npm run gates	2026-09-23T10:33:40.1368043Z ^[[22m^[[39m[tray] 2026-09-23T10:33:40.134Z stav=recording-audio-lost nahrávání=true výpadekZvuku=true jenMikrofon=true lutrack=false fronta=0 přihlášen=true
gates	Run npm run gates	2026-09-23T10:33:40.1368946Z 
gates	Run npm run gates	2026-09-23T10:33:40.1370191Z ^[[90mstdout^[[2m | tests/tray-authority.test.js^[[2m > ^[[22m^[[2mstav vlastní hlavní proces, ne renderer^[[2m > ^[[22m^[[2mpři souběhu spojí fakt LuTracku se skutečným nahráváním z hlavního procesu
gates	Run npm run gates	2026-09-23T10:33:40.1371778Z ^[[22m^[[39m[tray] 2026-09-23T10:33:40.135Z stav=recording nahrávání=true výpadekZvuku=false jenMikrofon=false lutrack=false fronta=0 přihlášen=true
gates	Run npm run gates	2026-09-23T10:33:40.1372976Z [tray] 2026-09-23T10:33:40.135Z stav=recording-tracking nahrávání=true výpadekZvuku=false jenMikrofon=false lutrack=true fronta=0 přihlášen=true
gates	Run npm run gates	2026-09-23T10:33:40.1373511Z 
gates	Run npm run gates	2026-09-23T10:33:40.1374558Z ^[[90mstdout^[[2m | tests/tray-authority.test.js^[[2m > ^[[22m^[[2mpád rendereru^[[2m > ^[[22m^[[2mnechá lištu hlásit správný stav, ne ten poslední odeslaný
gates	Run npm run gates	2026-09-23T10:33:40.1375819Z ^[[22m^[[39m[tray] 2026-09-23T10:33:40.135Z stav=recording-tracking nahrávání=true výpadekZvuku=false jenMikrofon=false lutrack=true fronta=0 přihlášen=true
gates	Run npm run gates	2026-09-23T10:33:40.1377655Z [tray] 2026-09-23T10:33:40.135Z stav=tracking nahrávání=false výpadekZvuku=false jenMikrofon=false lutrack=true fronta=0 přihlášen=true
gates	Run npm run gates	2026-09-23T10:33:40.1379086Z [tray] 2026-09-23T10:33:40.135Z stav=idle nahrávání=false výpadekZvuku=false jenMikrofon=false lutrack=false fronta=0 přihlášen=true
gates	Run npm run gates	2026-09-23T10:33:40.1379639Z 
gates	Run npm run gates	2026-09-23T10:33:40.1380242Z ^[[90mstdout^[[2m | tests/tray-authority.test.js^[[2m > ^[[22m^[[2mpád rendereru^[[2m > ^[[22m^[[2mNEODHLÁSÍ uživatele — session drží hlavní proces
gates	Run npm run gates	2026-09-23T10:33:40.1381520Z ^[[22m^[[39m[tray] 2026-09-23T10:33:40.136Z stav=tracking nahrávání=false výpadekZvuku=false jenMikrofon=false lutrack=true fronta=0 přihlášen=true
gates	Run npm run gates	2026-09-23T10:33:40.1382719Z [tray] 2026-09-23T10:33:40.136Z stav=idle nahrávání=false výpadekZvuku=false jenMikrofon=false lutrack=false fronta=0 přihlášen=true
gates	Run npm run gates	2026-09-23T10:33:40.1383217Z 
gates	Run npm run gates	2026-09-23T10:33:40.1383981Z ^[[90mstdout^[[2m | tests/tray-authority.test.js^[[2m > ^[[22m^[[2mpád rendereru^[[2m > ^[[22m^[[2mzapomene jen padlé okno, ostatní nechá běžet
gates	Run npm run gates	2026-09-23T10:33:40.1385191Z ^[[22m^[[39m[tray] 2026-09-23T10:33:40.136Z stav=tracking nahrávání=false výpadekZvuku=false jenMikrofon=false lutrack=true fronta=0 přihlášen=true
gates	Run npm run gates	2026-09-23T10:33:40.1385776Z 
gates	Run npm run gates	2026-09-23T10:33:40.1386570Z ^[[90mstdout^[[2m | tests/tray-authority.test.js^[[2m > ^[[22m^[[2mpád rendereru^[[2m > ^[[22m^[[2mpo pádu odstraní i rendererový fakt výpadku, ne výpadek cizí živé session
gates	Run npm run gates	2026-09-23T10:33:40.1388421Z ^[[22m^[[39m[tray] 2026-09-23T10:33:40.136Z stav=recording-audio-lost nahrávání=true výpadekZvuku=true jenMikrofon=false lutrack=false fronta=0 přihlášen=true
gates	Run npm run gates	2026-09-23T10:33:40.1389663Z [tray] 2026-09-23T10:33:40.136Z stav=recording nahrávání=true výpadekZvuku=false jenMikrofon=false lutrack=false fronta=0 přihlášen=true
gates	Run npm run gates	2026-09-23T10:33:40.1391187Z ^[[90mstderr^[[2m | tests/tray-authority.test.js^[[2m > ^[[22m^[[2mpád rendereru^[[2m > ^[[22m^[[2mpo pádu odstraní i rendererový fakt výpadku, ne výpadek cizí živé session
gates	Run npm run gates	2026-09-23T10:33:40.1392371Z ^[[22m^[[39m[recording] Session uzavřena po události „pád rendereru“: mikrofon 0 B, systém 0 B.
gates	Run npm run gates	2026-09-23T10:33:40.1392785Z 
gates	Run npm run gates	2026-09-23T10:33:40.1392799Z 
gates	Run npm run gates	2026-09-23T10:33:40.1393652Z ^[[90mstdout^[[2m | tests/tray-authority.test.js^[[2m > ^[[22m^[[2mlišta se překresluje jen při skutečné změně^[[2m > ^[[22m^[[2mstejný stav podruhé už obrázek nesahá
gates	Run npm run gates	2026-09-23T10:33:40.1401609Z ^[[22m^[[39m[tray] 2026-09-23T10:33:40.137Z stav=idle nahrávání=false výpadekZvuku=false jenMikrofon=false lutrack=false fronta=0 přihlášen=true
gates	Run npm run gates	2026-09-23T10:33:40.1402139Z 
gates	Run npm run gates	2026-09-23T10:33:40.1402836Z ^[[90mstdout^[[2m | tests/tray-authority.test.js^[[2m > ^[[22m^[[2mlišta se překresluje jen při skutečné změně^[[2m > ^[[22m^[[2mzměna stavu obrázek i popisek přepíše
gates	Run npm run gates	2026-09-23T10:33:40.1404109Z ^[[22m^[[39m[tray] 2026-09-23T10:33:40.137Z stav=idle nahrávání=false výpadekZvuku=false jenMikrofon=false lutrack=false fronta=0 přihlášen=true
gates	Run npm run gates	2026-09-23T10:33:40.1405191Z [tray] 2026-09-23T10:33:40.137Z stav=tracking nahrávání=false výpadekZvuku=false jenMikrofon=false lutrack=true fronta=0 přihlášen=true
gates	Run npm run gates	2026-09-23T10:33:40.1405792Z 
gates	Run npm run gates	2026-09-23T10:33:40.1406683Z ^[[90mstdout^[[2m | tests/tray-authority.test.js^[[2m > ^[[22m^[[2mkanál faktů nesmí být tray:set-state pod jiným jménem^[[2m > ^[[22m^[[2modmítne hodnotu, která není boolean, a fakta NECHÁ být
gates	Run npm run gates	2026-09-23T10:33:40.1407981Z ^[[22m^[[39m[tray] 2026-09-23T10:33:40.139Z stav=idle nahrávání=false výpadekZvuku=false jenMikrofon=false lutrack=false fronta=0 přihlášen=true
gates	Run npm run gates	2026-09-23T10:33:40.1408776Z 
gates	Run npm run gates	2026-09-23T10:33:40.1409588Z ^[[90mstdout^[[2m | tests/tray-authority.test.js^[[2m > ^[[22m^[[2mkanál faktů nesmí být tray:set-state pod jiným jménem^[[2m > ^[[22m^[[2mprázdný objekt uživatele NEODHLÁSÍ
gates	Run npm run gates	2026-09-23T10:33:40.1410920Z ^[[22m^[[39m[tray] 2026-09-23T10:33:40.140Z stav=idle nahrávání=false výpadekZvuku=false jenMikrofon=false lutrack=false fronta=0 přihlášen=true
gates	Run npm run gates	2026-09-23T10:33:40.1411542Z 
gates	Run npm run gates	2026-09-23T10:33:40.1412424Z ^[[90mstdout^[[2m | tests/tray-authority.test.js^[[2m > ^[[22m^[[2mkanál faktů nesmí být tray:set-state pod jiným jménem^[[2m > ^[[22m^[[2modmítne undefined a nechá fakta být
gates	Run npm run gates	2026-09-23T10:33:40.1413647Z ^[[22m^[[39m[tray] 2026-09-23T10:33:40.140Z stav=idle nahrávání=false výpadekZvuku=false jenMikrofon=false lutrack=false fronta=0 přihlášen=true
gates	Run npm run gates	2026-09-23T10:33:40.1414184Z 
gates	Run npm run gates	2026-09-23T10:33:40.1415028Z ^[[90mstdout^[[2m | tests/tray-authority.test.js^[[2m > ^[[22m^[[2mkanál faktů nesmí být tray:set-state pod jiným jménem^[[2m > ^[[22m^[[2modmítne null a nechá fakta být
gates	Run npm run gates	2026-09-23T10:33:40.1416324Z ^[[22m^[[39m[tray] 2026-09-23T10:33:40.140Z stav=idle nahrávání=false výpadekZvuku=false jenMikrofon=false lutrack=false fronta=0 přihlášen=true
gates	Run npm run gates	2026-09-23T10:33:40.1416855Z 
gates	Run npm run gates	2026-09-23T10:33:40.1417606Z ^[[90mstdout^[[2m | tests/tray-authority.test.js^[[2m > ^[[22m^[[2mkanál faktů nesmí být tray:set-state pod jiným jménem^[[2m > ^[[22m^[[2modmítne "idle" a nechá fakta být
gates	Run npm run gates	2026-09-23T10:33:40.1419211Z ^[[22m^[[39m[tray] 2026-09-23T10:33:40.141Z stav=idle nahrávání=false výpadekZvuku=false jenMikrofon=false lutrack=false fronta=0 přihlášen=true
gates	Run npm run gates	2026-09-23T10:33:40.1419730Z 
gates	Run npm run gates	2026-09-23T10:33:40.1420498Z ^[[90mstdout^[[2m | tests/tray-authority.test.js^[[2m > ^[[22m^[[2mkanál faktů nesmí být tray:set-state pod jiným jménem^[[2m > ^[[22m^[[2modmítne 42 a nechá fakta být
gates	Run npm run gates	2026-09-23T10:33:40.1421748Z ^[[22m^[[39m[tray] 2026-09-23T10:33:40.141Z stav=idle nahrávání=false výpadekZvuku=false jenMikrofon=false lutrack=false fronta=0 přihlášen=true
gates	Run npm run gates	2026-09-23T10:33:40.1422331Z 
gates	Run npm run gates	2026-09-23T10:33:40.1423606Z ^[[90mstdout^[[2m | tests/tray-authority.test.js^[[2m > ^[[22m^[[2mkanál faktů nesmí být tray:set-state pod jiným jménem^[[2m > ^[[22m^[[2modmítne {"panelActionsAvailable":true,"signedIn":1,"systemAudioLost":false,"tracking":false} a nechá fakta být
gates	Run npm run gates	2026-09-23T10:33:40.1425254Z ^[[22m^[[39m[tray] 2026-09-23T10:33:40.141Z stav=idle nahrávání=false výpadekZvuku=false jenMikrofon=false lutrack=false fronta=0 přihlášen=true
gates	Run npm run gates	2026-09-23T10:33:40.1425777Z 
gates	Run npm run gates	2026-09-23T10:33:40.1426528Z ^[[90mstdout^[[2m | tests/tray-authority.test.js^[[2m > ^[[22m^[[2mkanál faktů nesmí být tray:set-state pod jiným jménem^[[2m > ^[[22m^[[2modmítne {"signedIn":true} a nechá fakta být
gates	Run npm run gates	2026-09-23T10:33:40.1427826Z ^[[22m^[[39m[tray] 2026-09-23T10:33:40.141Z stav=idle nahrávání=false výpadekZvuku=false jenMikrofon=false lutrack=false fronta=0 přihlášen=true
gates	Run npm run gates	2026-09-23T10:33:40.1428597Z 
gates	Run npm run gates	2026-09-23T10:33:40.1429716Z ^[[90mstdout^[[2m | tests/tray-authority.test.js^[[2m > ^[[22m^[[2mkanál faktů nesmí být tray:set-state pod jiným jménem^[[2m > ^[[22m^[[2modmítne {"signedIn":true,"tracking":false} a nechá fakta být
gates	Run npm run gates	2026-09-23T10:33:40.1431023Z ^[[22m^[[39m[tray] 2026-09-23T10:33:40.141Z stav=idle nahrávání=false výpadekZvuku=false jenMikrofon=false lutrack=false fronta=0 přihlášen=true
gates	Run npm run gates	2026-09-23T10:33:40.1431649Z 
gates	Run npm run gates	2026-09-23T10:33:40.1432895Z ^[[90mstdout^[[2m | tests/tray-authority.test.js^[[2m > ^[[22m^[[2mkanál faktů nesmí být tray:set-state pod jiným jménem^[[2m > ^[[22m^[[2modmítne {"panelActionsAvailable":true,"signedIn":true,"systemAudioLost":false,"tracking":false,"state":"recording"} a nechá fakta být
gates	Run npm run gates	2026-09-23T10:33:40.1434457Z ^[[22m^[[39m[tray] 2026-09-23T10:33:40.142Z stav=idle nahrávání=false výpadekZvuku=false jenMikrofon=false lutrack=false fronta=0 přihlášen=true
gates	Run npm run gates	2026-09-23T10:33:40.1434924Z 
gates	Run npm run gates	2026-09-23T10:33:40.1436264Z ^[[90mstdout^[[2m | tests/tray-authority.test.js^[[2m > ^[[22m^[[2mkanál faktů nesmí být tray:set-state pod jiným jménem^[[2m > ^[[22m^[[2modmítne {"panelActionsAvailable":true,"signedIn":true,"systemAudioLost":false,"tracking":false,"icon":"recording"} a nechá fakta být
gates	Run npm run gates	2026-09-23T10:33:40.1437748Z ^[[22m^[[39m[tray] 2026-09-23T10:33:40.142Z stav=idle nahrávání=false výpadekZvuku=false jenMikrofon=false lutrack=false fronta=0 přihlášen=true
gates	Run npm run gates	2026-09-23T10:33:40.1438540Z 
gates	Run npm run gates	2026-09-23T10:33:40.1439418Z ^[[90mstdout^[[2m | tests/tray-authority.test.js^[[2m > ^[[22m^[[2mkanál faktů nesmí být tray:set-state pod jiným jménem^[[2m > ^[[22m^[[2mplatnou čtveřici boolean přijme
gates	Run npm run gates	2026-09-23T10:33:40.1440818Z ^[[22m^[[39m[tray] 2026-09-23T10:33:40.142Z stav=signed-out nahrávání=false výpadekZvuku=false jenMikrofon=false lutrack=false fronta=0 přihlášen=false
gates	Run npm run gates	2026-09-23T10:33:40.1442127Z [tray] 2026-09-23T10:33:40.142Z stav=tracking nahrávání=false výpadekZvuku=false jenMikrofon=false lutrack=true fronta=0 přihlášen=true
gates	Run npm run gates	2026-09-23T10:33:40.1442760Z 
gates	Run npm run gates	2026-09-23T10:33:40.1443831Z ^[[90mstdout^[[2m | tests/tray-authority.test.js^[[2m > ^[[22m^[[2mkanál faktů nesmí být tray:set-state pod jiným jménem^[[2m > ^[[22m^[[2mvýpadek přijme jen jako boolean, neplatný report stav nezmění a obnova vrátí nahrávání
gates	Run npm run gates	2026-09-23T10:33:40.1445359Z ^[[22m^[[39m[tray] 2026-09-23T10:33:40.142Z stav=recording nahrávání=true výpadekZvuku=false jenMikrofon=false lutrack=false fronta=0 přihlášen=true
gates	Run npm run gates	2026-09-23T10:33:40.1446631Z [tray] 2026-09-23T10:33:40.142Z stav=recording-audio-lost nahrávání=true výpadekZvuku=true jenMikrofon=false lutrack=false fronta=0 přihlášen=true
gates	Run npm run gates	2026-09-23T10:33:40.1447810Z [tray] 2026-09-23T10:33:40.143Z stav=recording nahrávání=true výpadekZvuku=false jenMikrofon=false lutrack=false fronta=0 přihlášen=true
gates	Run npm run gates	2026-09-23T10:33:40.1448615Z 
gates	Run npm run gates	2026-09-23T10:33:40.1449424Z ^[[90mstdout^[[2m | tests/tray-authority.test.js^[[2m > ^[[22m^[[2mprvní vykreslení lišty^[[2m > ^[[22m^[[2mnastaví obrázek i popisek, i když se stav nezměnil
gates	Run npm run gates	2026-09-23T10:33:40.1450702Z ^[[22m^[[39m[tray] 2026-09-23T10:33:40.143Z stav=signed-out nahrávání=false výpadekZvuku=false jenMikrofon=false lutrack=false fronta=0 přihlášen=false
gates	Run npm run gates	2026-09-23T10:33:40.1451303Z 
gates	Run npm run gates	2026-09-23T10:33:40.1451834Z ^[[90mstdout^[[2m | tests/tray-authority.test.js^[[2m > ^[[22m^[[2mprvní vykreslení lišty^[[2m > ^[[22m^[[2mpodruhé už na lištu nesahá
gates	Run npm run gates	2026-09-23T10:33:40.1453284Z ^[[22m^[[39m[tray] 2026-09-23T10:33:40.143Z stav=signed-out nahrávání=false výpadekZvuku=false jenMikrofon=false lutrack=false fronta=0 přihlášen=false
gates	Run npm run gates	2026-09-23T10:33:40.1453830Z 
gates	Run npm run gates	2026-09-23T10:33:40.1490362Z  ^[[32m✓^[[39m tests/tray-authority.test.js ^[[2m(^[[22m^[[2m81 tests^[[22m^[[2m)^[[22m^[[32m 24^[[2mms^[[22m^[[39m
gates	Run npm run gates	2026-09-23T10:33:40.6929708Z  ^[[32m✓^[[39m tests/logout-safety.test.js ^[[2m(^[[22m^[[2m13 tests^[[22m^[[2m)^[[22m^[[33m 998^[[2mms^[[22m^[[39m
gates	Run npm run gates	2026-09-23T10:33:41.0552984Z  ^[[32m✓^[[39m tests/auth-controller-wiring.test.js ^[[2m(^[[22m^[[2m48 tests^[[22m^[[2m)^[[22m^[[32m 199^[[2mms^[[22m^[[39m
gates	Run npm run gates	2026-09-23T10:33:41.8597206Z ^[[90mstdout^[[2m | tests/queue-wiring.test.js^[[2m > ^[[22m^[[2mbezpečné ukončení aplikace^[[2m > ^[[22m^[[2mselhání zařazení časového záznamu při ukončení otevře panel a vyžádá potvrzení
gates	Run npm run gates	2026-09-23T10:33:41.8599333Z ^[[22m^[[39m[tracking] Uloženo: /tmp/ludone-main-queue-test-JUN6Bv/cas/casovac.json
gates	Run npm run gates	2026-09-23T10:33:41.8599787Z 
gates	Run npm run gates	2026-09-23T10:33:41.8673880Z  ^[[32m✓^[[39m tests/recordings-dashboard.test.js ^[[2m(^[[22m^[[2m17 tests^[[22m^[[2m)^[[22m^[[33m 301^[[2mms^[[22m^[[39m
gates	Run npm run gates	2026-09-23T10:33:41.9434921Z ^[[90mstdout^[[2m | tests/queue-wiring.test.js^[[2m > ^[[22m^[[2mbezpečné ukončení aplikace^[[2m > ^[[22m^[[2mselhání zařazení časového záznamu při ukončení otevře panel a vyžádá potvrzení
gates	Run npm run gates	2026-09-23T10:33:41.9436814Z ^[[22m^[[39m[tracking] Uloženo: /tmp/ludone-main-queue-test-JUN6Bv/cas/casovac.json
gates	Run npm run gates	2026-09-23T10:33:41.9437561Z 
gates	Run npm run gates	2026-09-23T10:33:43.3080894Z  ^[[32m✓^[[39m tests/auth-identity-fallback.test.js ^[[2m(^[[22m^[[2m29 tests^[[22m^[[2m)^[[22m^[[33m 2989^[[2mms^[[22m^[[39m
gates	Run npm run gates	2026-09-23T10:33:43.3082023Z    ^[[33m^[[2m✓^[[22m^[[39m znovupoužití uloženého OAuth klienta^[[2m > ^[[22mpři druhém přihlášení použije uloženého klienta bez nové registrace ^[[33m 372^[[2mms^[[22m^[[39m
gates	Run npm run gates	2026-09-23T10:33:43.3083212Z    ^[[33m^[[2m✓^[[22m^[[39m znovupoužití uloženého OAuth klienta^[[2m > ^[[22minvalid_client z autorizace přes loopback zneplatní stejnou cache jako token endpoint ^[[33m 333^[[2mms^[[22m^[[39m
gates	Run npm run gates	2026-09-23T10:33:43.3084315Z    ^[[33m^[[2m✓^[[22m^[[39m identita z userinfo endpointu (upload scope)^[[2m > ^[[22mdeadline userinfo uloží neznámou identitu, abortuje request a nevolá MCP ^[[33m 1312^[[2mms^[[22m^[[39m
gates	Run npm run gates	2026-09-23T10:33:44.7770214Z  ^[[32m✓^[[39m tests/meeting-audio.test.js ^[[2m(^[[22m^[[2m14 tests^[[22m^[[2m)^[[22m^[[33m 1291^[[2mms^[[22m^[[39m
gates	Run npm run gates	2026-09-23T10:33:44.7802133Z    ^[[33m^[[2m✓^[[22m^[[39m jediný delivery asset schůzky^[[2m > ^[[22mpo pádu mezi publikací WebM a sidecarem před HTTP překóduje z pevných zdrojů ^[[33m 476^[[2mms^[[22m^[[39m
gates	Run npm run gates	2026-09-23T10:33:44.8528096Z ^[[90mstdout^[[2m | tests/queue-wiring.test.js^[[2m > ^[[22m^[[2mprodukční zapojení automatických aktualizací^[[2m > ^[[22m^[[2mběžící LuTrack odloží restart a po zastavení jej uplatní
gates	Run npm run gates	2026-09-23T10:33:44.8529848Z ^[[22m^[[39m[tracking] Uloženo: /tmp/ludone-main-queue-test-Jm1XZA/cas/casovac.json
gates	Run npm run gates	2026-09-23T10:33:44.8531736Z 
gates	Run npm run gates	2026-09-23T10:33:44.8580241Z ^[[90mstdout^[[2m | tests/queue-wiring.test.js^[[2m > ^[[22m^[[2mprodukční zapojení automatických aktualizací^[[2m > ^[[22m^[[2mběžící LuTrack odloží restart a po zastavení jej uplatní
gates	Run npm run gates	2026-09-23T10:33:44.8582095Z ^[[22m^[[39m[tracking] Uloženo: /tmp/ludone-main-queue-test-Jm1XZA/cas/casovac.json
gates	Run npm run gates	2026-09-23T10:33:44.8583139Z 
gates	Run npm run gates	2026-09-23T10:33:45.1543733Z  ^[[32m✓^[[39m tests/recording-actions.test.js ^[[2m(^[[22m^[[2m18 tests^[[22m^[[2m)^[[22m^[[33m 3105^[[2mms^[[22m^[[39m
gates	Run npm run gates	2026-09-23T10:33:45.1545093Z    ^[[33m^[[2m✓^[[22m^[[39m bezpečné lokální akce nahrávky^[[2m > ^[[22mpo pádu před navázáním stereo masteru koš zachová všechny soubory i queue řádek ^[[33m 1240^[[2mms^[[22m^[[39m
gates	Run npm run gates	2026-09-23T10:33:45.1549748Z    ^[[33m^[[2m✓^[[22m^[[39m bezpečné lokální akce nahrávky^[[2m > ^[[22msmaže jeden připravený WebM, trvalý master, sidecar a originál pod stejnou revizí ^[[33m 415^[[2mms^[[22m^[[39m
gates	Run npm run gates	2026-09-23T10:33:45.1551144Z    ^[[33m^[[2m✓^[[22m^[[39m bezpečné lokální akce nahrávky^[[2m > ^[[22mincomplete primary s platným complete sidecarem smaže zbytky i bez audia a hashování ^[[33m 492^[[2mms^[[22m^[[39m
gates	Run npm run gates	2026-09-23T10:33:46.3407867Z ^[[90mstdout^[[2m | tests/queue-wiring.test.js^[[2m > ^[[22m^[[2mviditelnost automatických aktualizací v panelu^[[2m > ^[[22m^[[2mstažení doručí verzi do živého panelu a tracking dál blokuje instalaci
gates	Run npm run gates	2026-09-23T10:33:46.3409558Z ^[[22m^[[39m[tracking] Uloženo: /tmp/ludone-main-queue-test-t4yqb5/cas/casovac.json
gates	Run npm run gates	2026-09-23T10:33:46.3410242Z 
gates	Run npm run gates	2026-09-23T10:33:46.4798492Z  ^[[32m✓^[[39m tests/renderer-failure-feedback.test.js ^[[2m(^[[22m^[[2m29 tests^[[22m^[[2m)^[[22m^[[33m 630^[[2mms^[[22m^[[39m
gates	Run npm run gates	2026-09-23T10:33:46.6488336Z  ^[[32m✓^[[39m tests/ipc-sender-guard.test.js ^[[2m(^[[22m^[[2m21 tests^[[22m^[[2m)^[[22m^[[32m 8^[[2mms^[[22m^[[39m
gates	Run npm run gates	2026-09-23T10:33:47.2213555Z  ^[[32m✓^[[39m tests/recording-verification.test.js ^[[2m(^[[22m^[[2m21 tests^[[22m^[[2m)^[[22m^[[33m 385^[[2mms^[[22m^[[39m
gates	Run npm run gates	2026-09-23T10:33:47.4553454Z  ^[[31m❯^[[39m tests/queue-wiring.test.js ^[[2m(^[[22m^[[2m276 tests^[[22m^[[2m | ^[[22m^[[31m1 failed^[[39m^[[2m)^[[22m^[[33m 17828^[[2mms^[[22m^[[39m
gates	Run npm run gates	2026-09-23T10:33:47.4555279Z    ^[[32m✓^[[39m zapojení systémových nastavení^[[2m > ^[[22msamostatný preload výstrahy vystaví jedinou akci a volá nový kanál bez payloadu^[[32m 3^[[2mms^[[22m^[[39m
gates	Run npm run gates	2026-09-23T10:33:47.4556845Z    ^[[32m✓^[[39m zapojení systémových nastavení^[[2m > ^[[22mvýstražné okno přes vlastní kanál zapne a uloží ikonu v Docku^[[32m 42^[[2mms^[[22m^[[39m
gates	Run npm run gates	2026-09-23T10:33:47.4558084Z    ^[[32m✓^[[39m zapojení systémových nastavení^[[2m > ^[[22mchybu zapnutí Docku předá přes skutečný handler a preload až rendereru^[[32m 16^[[2mms^[[22m^[[39m
gates	Run npm run gates	2026-09-23T10:33:47.4563682Z    ^[[32m✓^[[39m zapojení systémových nastavení^[[2m > ^[[22mtentýž záchranný kanál odmítne panel i Nastavení bez změny Docku^[[32m 3^[[2mms^[[22m^[[39m
gates	Run npm run gates	2026-09-23T10:33:47.4564594Z    ^[[32m✓^[[39m zapojení systémových nastavení^[[2m > ^[[22mvýstražné okno ztratí nový kanál po změně URL nebo mimo hlavní rám^[[32m 3^[[2mms^[[22m^[[39m
gates	Run npm run gates	2026-09-23T10:33:47.4565718Z    ^[[32m✓^[[39m zapojení systémových nastavení^[[2m > ^[[22mzapnutý Dock uplatní při startu před vytvořením prvního okna^[[32m 3^[[2mms^[[22m^[[39m
gates	Run npm run gates	2026-09-23T10:33:47.4566615Z    ^[[32m✓^[[39m zapojení systémových nastavení^[[2m > ^[[22mvypnutý Dock zachová dnešní chování a skryje jej před prvním oknem^[[32m 3^[[2mms^[[22m^[[39m
gates	Run npm run gates	2026-09-23T10:33:47.4567679Z    ^[[32m✓^[[39m zapojení systémových nastavení^[[2m > ^[[22mpřepnutí Docku za běhu uloží boolean a uplatní změnu hned^[[32m 3^[[2mms^[[22m^[[39m
gates	Run npm run gates	2026-09-23T10:33:47.4568735Z    ^[[32m✓^[[39m zapojení systémových nastavení^[[2m > ^[[22mpři chybě nativní změny vrátí uloženou volbu do předchozího stavu^[[32m 3^[[2mms^[[22m^[[39m
gates	Run npm run gates	2026-09-23T10:33:47.4569769Z    ^[[32m✓^[[39m zapojení systémových nastavení^[[2m > ^[[22mpo selhání změny Docku i zápisu návratu čte skutečnou viditelnost^[[32m 4^[[2mms^[[22m^[[39m
gates	Run npm run gates	2026-09-23T10:33:47.4570647Z    ^[[32m✓^[[39m zapojení systémových nastavení^[[2m > ^[[22mpo selhání změny Docku i nativního návratu čte skutečnou viditelnost^[[32m 4^[[2mms^[[22m^[[39m
gates	Run npm run gates	2026-09-23T10:33:47.4571626Z    ^[[32m✓^[[39m zapojení systémových nastavení^[[2m > ^[[22mmimo macOS čte volbu Docku z úložiště bez nativního API^[[32m 3^[[2mms^[[22m^[[39m
gates	Run npm run gates	2026-09-23T10:33:47.4572603Z    ^[[32m✓^[[39m zapojení systémových nastavení^[[2m > ^[[22muložený Dock přežije nový hlavní proces a platí už při jeho startu^[[32m 138^[[2mms^[[22m^[[39m
gates	Run npm run gates	2026-09-23T10:33:47.4573902Z    ^[[32m✓^[[39m zapojení systémových nastavení^[[2m > ^[[22mautostart předá macOS správnou hodnotu a čte jeho skutečný stav^[[32m 12^[[2mms^[[22m^[[39m
gates	Run npm run gates	2026-09-23T10:33:47.4574987Z    ^[[32m✓^[[39m zapojení systémových nastavení^[[2m > ^[[22mnové IPC kanály odmítnou jiný payload než právě jeden boolean^[[32m 7^[[2mms^[[22m^[[39m
gates	Run npm run gates	2026-09-23T10:33:47.4576168Z    ^[[32m✓^[[39m zapojení systémových nastavení^[[2m > ^[[22mkliknutí na viditelnou ikonu v Docku zpřístupní už existující panel^[[32m 3^[[2mms^[[22m^[[39m
gates	Run npm run gates	2026-09-23T10:33:47.4577286Z    ^[[32m✓^[[39m zapojení systémových nastavení^[[2m > ^[[22mpreload mapuje čtyři metody na přesné kanály a setter pustí jen boolean^[[32m 1^[[2mms^[[22m^[[39m
gates	Run npm run gates	2026-09-23T10:33:47.4578502Z    ^[[32m✓^[[39m zapojení systémových nastavení^[[2m > ^[[22mpreload odmítne porušení boolean kontraktu v odpovědi hlavního procesu^[[32m 1^[[2mms^[[22m^[[39m
gates	Run npm run gates	2026-09-23T10:33:47.4579728Z    ^[[32m✓^[[39m uložený vypínač odesílání v hlavním procesu^[[2m > ^[[22mčerstvá zabalená aplikace má odesílání vypnuté a nezapisuje výchozí volby^[[32m 28^[[2mms^[[22m^[[39m
gates	Run npm run gates	2026-09-23T10:33:47.4580972Z    ^[[32m✓^[[39m uložený vypínač odesílání v hlavním procesu^[[2m > ^[[22muložený vypínač přežije restart zabalené aplikace i mezilehlou změnu Docku^[[32m 45^[[2mms^[[22m^[[39m
gates	Run npm run gates	2026-09-23T10:33:47.4582156Z    ^[[32m✓^[[39m uložený vypínač odesílání v hlavním procesu^[[2m > ^[[22mgetter zachová uloženou volbu true i při transportním prostředí "false"^[[32m 12^[[2mms^[[22m^[[39m
gates	Run npm run gates	2026-09-23T10:33:47.4583215Z    ^[[32m✓^[[39m uložený vypínač odesílání v hlavním procesu^[[2m > ^[[22mgetter zachová uloženou volbu false i při transportním prostředí "true"^[[32m 11^[[2mms^[[22m^[[39m
gates	Run npm run gates	2026-09-23T10:33:47.4584094Z    ^[[32m✓^[[39m uložený vypínač odesílání v hlavním procesu^[[2m > ^[[22mgetter zachová uloženou volbu true i při transportním prostředí ""^[[32m 220^[[2mms^[[22m^[[39m
gates	Run npm run gates	2026-09-23T10:33:47.4584983Z    ^[[32m✓^[[39m uložený vypínač odesílání v hlavním procesu^[[2m > ^[[22mgetter zachová uloženou volbu true i při transportním prostředí "TRUE"^[[32m 17^[[2mms^[[22m^[[39m
gates	Run npm run gates	2026-09-23T10:33:47.4585852Z    ^[[32m✓^[[39m uložený vypínač odesílání v hlavním procesu^[[2m > ^[[22mgetter zachová uloženou volbu true i při transportním prostředí "1"^[[32m 239^[[2mms^[[22m^[[39m
gates	Run npm run gates	2026-09-23T10:33:47.4586776Z    ^[[32m✓^[[39m uložený vypínač odesílání v hlavním procesu^[[2m > ^[[22mgetter zachová uloženou volbu true i při transportním prostředí "true "^[[32m 12^[[2mms^[[22m^[[39m
gates	Run npm run gates	2026-09-23T10:33:47.4587758Z    ^[[32m✓^[[39m uložený vypínač odesílání v hlavním procesu^[[2m > ^[[22mpoškozený soubor {rozbitý JSON nezapne vypínač ani neshodí start^[[32m 4^[[2mms^[[22m^[[39m
gates	Run npm run gates	2026-09-23T10:33:47.4619475Z    ^[[32m✓^[[39m uložený vypínač odesílání v hlavním procesu^[[2m > ^[[22mpoškozený soubor {"schemaVersion":1,"uploadEnabled":"true"} nezapne vypínač ani neshodí start^[[32m 4^[[2mms^[[22m^[[39m
gates	Run npm run gates	2026-09-23T10:33:47.4620699Z    ^[[32m✓^[[39m uložený vypínač odesílání v hlavním procesu^[[2m > ^[[22mIPC zápis se projeví v pumpě, opakování i soupisu jediné instance fronty^[[32m 249^[[2mms^[[22m^[[39m
gates	Run npm run gates	2026-09-23T10:33:47.4621630Z    ^[[32m✓^[[39m uložený vypínač odesílání v hlavním procesu^[[2m > ^[[22mIPC odmítne cizí okno, podřízený rám, neplatný boolean i argumenty navíc^[[32m 9^[[2mms^[[22m^[[39m
gates	Run npm run gates	2026-09-23T10:33:47.4622502Z    ^[[32m✓^[[39m uložený vypínač odesílání v hlavním procesu^[[2m > ^[[22mautomatiku snapshotne při začátku session a pozdější toggle finish nezmění^[[32m 26^[[2mms^[[22m^[[39m
gates	Run npm run gates	2026-09-23T10:33:47.4623372Z    ^[[32m✓^[[39m uložený vypínač odesílání v hlavním procesu^[[2m > ^[[22mpreload vystaví úzké booleanské kanály a odmítne vadné vstupy i odpovědi^[[32m 1^[[2mms^[[22m^[[39m
gates	Run npm run gates	2026-09-23T10:33:47.4624224Z    ^[[32m✓^[[39m kopírování probíhající přihlašovací adresy^[[2m > ^[[22mpanel zkopíruje právě probíhající adresu ze stavu hlavního procesu^[[32m 66^[[2mms^[[22m^[[39m
gates	Run npm run gates	2026-09-23T10:33:47.4625127Z    ^[[32m✓^[[39m kopírování probíhající přihlašovací adresy^[[2m > ^[[22mbez probíhající nebo s cizí adresou nic nezmění a vrátí neúspěch^[[32m 94^[[2mms^[[22m^[[39m
gates	Run npm run gates	2026-09-23T10:33:47.4626185Z    ^[[32m✓^[[39m kopírování probíhající přihlašovací adresy^[[2m > ^[[22modmítne cizího odesílatele i textový payload a preload žádný text neposílá^[[32m 59^[[2mms^[[22m^[[39m
gates	Run npm run gates	2026-09-23T10:33:47.4627299Z    ^[[32m✓^[[39m kopírování probíhající přihlašovací adresy^[[2m > ^[[22mchybu nativní schránky vrátí bez zapsání citlivé adresy do logu^[[32m 57^[[2mms^[[22m^[[39m
gates	Run npm run gates	2026-09-23T10:33:47.4646326Z    ^[[32m✓^[[39m zjištění uložené OAuth session^[[2m > ^[[22mstarou mcp:read relaci zachová pro bezpečný přepis, ale nepustí ji do upload identity^[[32m 6^[[2mms^[[22m^[[39m
gates	Run npm run gates	2026-09-23T10:33:47.4649026Z    ^[[32m✓^[[39m zjištění uložené OAuth session^[[2m > ^[[22mnový stav relace rozliší platnost, mez vypršení a chybějící relaci bez mazání tokenů^[[32m 23^[[2mms^[[22m^[[39m
gates	Run npm run gates	2026-09-23T10:33:47.4650487Z    ^[[32m✓^[[39m zjištění uložené OAuth session^[[2m > ^[[22mvypršelá relace přes skutečné IPC ukáže vypršení v obou oknech a zůstane na disku^[[32m 165^[[2mms^[[22m^[[39m
gates	Run npm run gates	2026-09-23T10:33:47.4651663Z    ^[[32m✓^[[39m zjištění uložené OAuth session^[[2m > ^[[22mhlavní proces vrací pro chybějící, platnou a poškozenou session jen boolean^[[32m 14^[[2mms^[[22m^[[39m
gates	Run npm run gates	2026-09-23T10:33:47.4652449Z    ^[[32m✓^[[39m zjištění uložené OAuth session^[[2m > ^[[22mpři nedostupném bezpečném úložišti selže zavřeně^[[32m 4^[[2mms^[[22m^[[39m
gates	Run npm run gates	2026-09-23T10:33:47.4656915Z    ^[[32m✓^[[39m zjištění uložené OAuth session^[[2m > ^[[22mkanál odmítne jiné okno stejným validačním wrapperem jako ostatní^[[32m 5^[[2mms^[[22m^[[39m
gates	Run npm run gates	2026-09-23T10:33:47.4658338Z    ^[[32m✓^[[39m zjištění uložené OAuth session^[[2m > ^[[22mběhem souběžného odhlášení počká na stabilní výsledek^[[32m 38^[[2mms^[[22m^[[39m
gates	Run npm run gates	2026-09-23T10:33:47.4659375Z    ^[[32m✓^[[39m zjištění uložené OAuth session^[[2m > ^[[22mstav session odmítne payload a session z jiného prostředí^[[32m 15^[[2mms^[[22m^[[39m
gates	Run npm run gates	2026-09-23T10:33:47.4660484Z    ^[[32m✓^[[39m zjištění uložené OAuth session^[[2m > ^[[22mpřepne prostředí a odhlásí jako jediný stabilní přechod^[[32m 19^[[2mms^[[22m^[[39m
gates	Run npm run gates	2026-09-23T10:33:47.4661672Z    ^[[32m✓^[[39m zjištění uložené OAuth session^[[2m > ^[[22matomické přepnutí odmítne cizí okno i neplatný payload před logoutem^[[32m 4^[[2mms^[[22m^[[39m
gates	Run npm run gates	2026-09-23T10:33:47.4662761Z    ^[[32m✓^[[39m zjištění uložené OAuth session^[[2m > ^[[22mneúspěšný atomický logout ponechá prostředí i stabilní session^[[32m 4^[[2mms^[[22m^[[39m
gates	Run npm run gates	2026-09-23T10:33:47.4663572Z    ^[[32m✓^[[39m zjištění uložené OAuth session^[[2m > ^[[22mpo lokálním odhlášení a chybě zápisu originu vrátí pravdivý stav a probudí panel^[[32m 7^[[2mms^[[22m^[[39m
gates	Run npm run gates	2026-09-23T10:33:47.4664373Z    ^[[32m✓^[[39m zjištění uložené OAuth session^[[2m > ^[[22mrozpracované čtení po neúspěšném odhlášení vrátí stabilní true^[[32m 4^[[2mms^[[22m^[[39m
gates	Run npm run gates	2026-09-23T10:33:47.4665115Z    ^[[32m✓^[[39m zjištění uložené OAuth session^[[2m > ^[[22mpreload volá getter bez argumentů a odpověď nijak nerozšiřuje^[[32m 1^[[2mms^[[22m^[[39m
gates	Run npm run gates	2026-09-23T10:33:47.4665907Z    ^[[32m✓^[[39m zjištění uložené OAuth session^[[2m > ^[[22mkaždý pokus o odhlášení pozastaví panel a po výsledku ho znovu probudí^[[32m 3^[[2mms^[[22m^[[39m
gates	Run npm run gates	2026-09-23T10:33:47.4666725Z    ^[[32m✓^[[39m zjištění uložené OAuth session^[[2m > ^[[22mpreload předá bezdatové probuzení a po odhlášení odběratele jej odstraní^[[32m 0^[[2mms^[[22m^[[39m
gates	Run npm run gates	2026-09-23T10:33:47.4668050Z    ^[[32m✓^[[39m zjištění uložené OAuth session^[[2m > ^[[22mkanál identity vrátí nastavení jen jméno a e-mail z platné šifrované session^[[32m 4^[[2mms^[[22m^[[39m
gates	Run npm run gates	2026-09-23T10:33:47.4669338Z    ^[[32m✓^[[39m zjištění uložené OAuth session^[[2m > ^[[22mkanál identity rozliší chybějící session, chybějící jméno a nečitelnou identitu^[[32m 18^[[2mms^[[22m^[[39m
gates	Run npm run gates	2026-09-23T10:33:47.4670648Z    ^[[32m✓^[[39m zjištění uložené OAuth session^[[2m > ^[[22morigin vrací validovanou konfiguraci a identitu nespojí se session jiného originu^[[32m 6^[[2mms^[[22m^[[39m
gates	Run npm run gates	2026-09-23T10:33:47.4671892Z    ^[[32m✓^[[39m zjištění uložené OAuth session^[[2m > ^[[22muložené labs přežije restart hlavního procesu^[[32m 7^[[2mms^[[22m^[[39m
gates	Run npm run gates	2026-09-23T10:33:47.4672989Z    ^[[32m✓^[[39m zjištění uložené OAuth session^[[2m > ^[[22mkanál odmítne cizí HTTPS origin a prostředí nezmění^[[32m 3^[[2mms^[[22m^[[39m
gates	Run npm run gates	2026-09-23T10:33:47.4674210Z    ^[[32m✓^[[39m zjištění uložené OAuth session^[[2m > ^[[22mkanál odmítne labs s cestou a prostředí nezmění^[[32m 3^[[2mms^[[22m^[[39m
gates	Run npm run gates	2026-09-23T10:33:47.4675222Z    ^[[32m✓^[[39m zjištění uložené OAuth session^[[2m > ^[[22mkanál odmítne labs s lomítkem a prostředí nezmění^[[32m 3^[[2mms^[[22m^[[39m
gates	Run npm run gates	2026-09-23T10:33:47.4676235Z    ^[[32m✓^[[39m zjištění uložené OAuth session^[[2m > ^[[22mkanál odmítne holý hostname a prostředí nezmění^[[32m 8^[[2mms^[[22m^[[39m
gates	Run npm run gates	2026-09-23T10:33:47.4677185Z    ^[[32m✓^[[39m zjištění uložené OAuth session^[[2m > ^[[22mkanál odmítne číslo a prostředí nezmění^[[32m 3^[[2mms^[[22m^[[39m
gates	Run npm run gates	2026-09-23T10:33:47.4688602Z    ^[[32m✓^[[39m zjištění uložené OAuth session^[[2m > ^[[22mkanál odmítne null a prostředí nezmění^[[32m 3^[[2mms^[[22m^[[39m
gates	Run npm run gates	2026-09-23T10:33:47.4690354Z    ^[[32m✓^[[39m zjištění uložené OAuth session^[[2m > ^[[22mkanál odmítne chybějící hodnota a prostředí nezmění^[[32m 3^[[2mms^[[22m^[[39m
gates	Run npm run gates	2026-09-23T10:33:47.4691792Z    ^[[32m✓^[[39m zjištění uložené OAuth session^[[2m > ^[[22mkanál odmítne argument navíc a prostředí nezmění^[[32m 3^[[2mms^[[22m^[[39m
gates	Run npm run gates	2026-09-23T10:33:47.4692976Z    ^[[32m✓^[[39m zjištění uložené OAuth session^[[2m > ^[[22mkanál změny prostředí přijme jen okno settings^[[32m 7^[[2mms^[[22m^[[39m
gates	Run npm run gates	2026-09-23T10:33:47.4694173Z    ^[[32m✓^[[39m zjištění uložené OAuth session^[[2m > ^[[22mkanál změnu odmítne, dokud auth:logout neodstraní uloženou session^[[32m 5^[[2mms^[[22m^[[39m
gates	Run npm run gates	2026-09-23T10:33:47.4695468Z    ^[[32m✓^[[39m zjištění uložené OAuth session^[[2m > ^[[22mpřímý invoke změny prostředí neobejde blokaci běžícího LuTracku^[[32m 9^[[2mms^[[22m^[[39m
gates	Run npm run gates	2026-09-23T10:33:47.4696777Z    ^[[32m✓^[[39m zjištění uložené OAuth session^[[2m > ^[[22msouběžný neúspěšný logout nesmí změně prostředí skrýt uloženou session^[[32m 9^[[2mms^[[22m^[[39m
gates	Run npm run gates	2026-09-23T10:33:47.4698076Z    ^[[32m✓^[[39m zjištění uložené OAuth session^[[2m > ^[[22mběhem rozpracované změny prostředí nelze zahájit novou aktivitu^[[32m 5^[[2mms^[[22m^[[39m
gates	Run npm run gates	2026-09-23T10:33:47.4699509Z    ^[[32m✓^[[39m zjištění uložené OAuth session^[[2m > ^[[22mLUDONE_ORIGIN má přednost, ale uloženou volbu nepřepíše^[[32m 9^[[2mms^[[22m^[[39m
gates	Run npm run gates	2026-09-23T10:33:47.4700752Z    ^[[32m✓^[[39m zjištění uložené OAuth session^[[2m > ^[[22mstejná instance fronty použije po přepnutí nový efektivní origin^[[32m 19^[[2mms^[[22m^[[39m
gates	Run npm run gates	2026-09-23T10:33:47.4702038Z    ^[[32m✓^[[39m zjištění uložené OAuth session^[[2m > ^[[22mzměnu prostředí odmítne, dokud dobíhá upload, a ponechá jediný store^[[32m 5^[[2mms^[[22m^[[39m
gates	Run npm run gates	2026-09-23T10:33:47.4703381Z    ^[[32m✓^[[39m zjištění uložené OAuth session^[[2m > ^[[22mprodukční adaptér předá upload klientu callback pro durable serverový postup^[[32m 4^[[2mms^[[22m^[[39m
gates	Run npm run gates	2026-09-23T10:33:47.4704709Z    ^[[32m✓^[[39m zjištění uložené OAuth session^[[2m > ^[[22mpozdní 403 z kontextu A nesmaže mezitím uloženou firmu B^[[32m 15^[[2mms^[[22m^[[39m
gates	Run npm run gates	2026-09-23T10:33:47.4705804Z    ^[[32m✓^[[39m zjištění uložené OAuth session^[[2m > ^[[22mzměnu prostředí odmítne, dokud handover drží původní origin^[[32m 36^[[2mms^[[22m^[[39m
gates	Run npm run gates	2026-09-23T10:33:47.4707205Z    ^[[32m✓^[[39m zjištění uložené OAuth session^[[2m > ^[[22mpreload předá identity a origin přes oddělené bezargumentové kanály^[[32m 1^[[2mms^[[22m^[[39m
gates	Run npm run gates	2026-09-23T10:33:47.4708696Z    ^[[32m✓^[[39m zjištění uložené OAuth session^[[2m > ^[[22mpreload atomické přepnutí validuje a z odpovědi propustí jen veřejná pole^[[32m 1^[[2mms^[[22m^[[39m
gates	Run npm run gates	2026-09-23T10:33:47.4709920Z    ^[[32m✓^[[39m zjištění uložené OAuth session^[[2m > ^[[22mpreload cizí origin odmítne ještě před IPC^[[32m 1^[[2mms^[[22m^[[39m
gates	Run npm run gates	2026-09-23T10:33:47.4711094Z    ^[[32m✓^[[39m výška panelu podle obsahu^[[2m > ^[[22mvýšku pod rozumným minimem ořízne na 180 bodů a šířku nechá 366^[[32m 13^[[2mms^[[22m^[[39m
gates	Run npm run gates	2026-09-23T10:33:47.4717939Z    ^[[32m✓^[[39m výška panelu podle obsahu^[[2m > ^[[22mvýšku nad monitorem ořízne pod spodní hranu pracovní plochy^[[32m 20^[[2mms^[[22m^[[39m
gates	Run npm run gates	2026-09-23T10:33:47.4719638Z    ^[[32m✓^[[39m výška panelu podle obsahu^[[2m > ^[[22mpo skutečné změně výšky panel znovu přilepí pod ikonu^[[32m 8^[[2mms^[[22m^[[39m
gates	Run npm run gates	2026-09-23T10:33:47.4721095Z    ^[[32m✓^[[39m výška panelu podle obsahu^[[2m > ^[[22mpo změně parametrů monitoru hned omezí a pak obnoví přirozenou výšku^[[32m 7^[[2mms^[[22m^[[39m
gates	Run npm run gates	2026-09-23T10:33:47.4722327Z    ^[[32m✓^[[39m výška panelu podle obsahu^[[2m > ^[[22mstejná výška podruhé nespustí další změnu ani přepozicování^[[32m 6^[[2mms^[[22m^[[39m
gates	Run npm run gates	2026-09-23T10:33:47.4723470Z    ^[[32m✓^[[39m výška panelu podle obsahu^[[2m > ^[[22mkanál přijme právě jednu konečnou číselnou výšku^[[32m 10^[[2mms^[[22m^[[39m
gates	Run npm run gates	2026-09-23T10:33:47.4724527Z    ^[[32m✓^[[39m výška panelu podle obsahu^[[2m > ^[[22mpreload posílá hlavnímu procesu pouze číslo^[[32m 1^[[2mms^[[22m^[[39m
gates	Run npm run gates	2026-09-23T10:33:47.4725607Z    ^[[32m✓^[[39m výška panelu podle obsahu^[[2m > ^[[22mpreload nečíselnou výšku do IPC vůbec neodešle^[[32m 1^[[2mms^[[22m^[[39m
gates	Run npm run gates	2026-09-23T10:33:47.4726597Z    ^[[32m✓^[[39m výška panelu podle obsahu^[[2m > ^[[22mpreload čte stav oprávnění samostatným read-only kanálem^[[32m 0^[[2mms^[[22m^[[39m
gates	Run npm run gates	2026-09-23T10:33:47.4727913Z    ^[[32m✓^[[39m šablonové ikony v liště^[[2m > ^[[22mneutrální stav použije šablonový obraz a při změně motivu ho nepřepíná^[[32m 7^[[2mms^[[22m^[[39m
gates	Run npm run gates	2026-09-23T10:33:47.4729439Z    ^[[32m✓^[[39m šablonové ikony v liště^[[2m > ^[[22maktivní stav tracking použije šablonu se stejnými bajty v obou motivech^[[32m 28^[[2mms^[[22m^[[39m
gates	Run npm run gates	2026-09-23T10:33:47.4730968Z    ^[[32m✓^[[39m šablonové ikony v liště^[[2m > ^[[22maktivní stav recording použije šablonu se stejnými bajty v obou motivech^[[32m 17^[[2mms^[[22m^[[39m
gates	Run npm run gates	2026-09-23T10:33:47.4732412Z    ^[[32m✓^[[39m šablonové ikony v liště^[[2m > ^[[22maktivní stav recording-tracking použije šablonu se stejnými bajty v obou motivech^[[32m 10^[[2mms^[[22m^[[39m
gates	Run npm run gates	2026-09-23T10:33:47.4733829Z    ^[[32m✓^[[39m šablonové ikony v liště^[[2m > ^[[22maktivní stav recording-audio-lost použije šablonu se stejnými bajty v obou motivech^[[32m 6^[[2mms^[[22m^[[39m
gates	Run npm run gates	2026-09-23T10:33:47.4735432Z    ^[[32m✓^[[39m šablonové ikony v liště^[[2m > ^[[22maktivní stav recording-microphone-only použije šablonu se stejnými bajty v obou motivech^[[32m 10^[[2mms^[[22m^[[39m
gates	Run npm run gates	2026-09-23T10:33:47.4736826Z    ^[[32m✓^[[39m viditelnost ikony a klikání na lištu^[[2m > ^[[22mu stavu naměřená položka ve výřezu vytvoří očekávaný počet oken^[[32m 3^[[2mms^[[22m^[[39m
gates	Run npm run gates	2026-09-23T10:33:47.4738461Z    ^[[32m✓^[[39m viditelnost ikony a klikání na lištu^[[2m > ^[[22mu stavu tatáž položka na displeji bez výřezu vytvoří očekávaný počet oken^[[32m 3^[[2mms^[[22m^[[39m
gates	Run npm run gates	2026-09-23T10:33:47.4740461Z    ^[[32m✓^[[39m viditelnost ikony a klikání na lištu^[[2m > ^[[22mu stavu displej bez výřezu se spodním Dockem vytvoří očekávaný počet oken^[[32m 3^[[2mms^[[22m^[[39m
gates	Run npm run gates	2026-09-23T10:33:47.4741947Z    ^[[32m✓^[[39m viditelnost ikony a klikání na lištu^[[2m > ^[[22mu stavu položka odsunutá vlevo před 45 % šířky vytvoří očekávaný počet oken^[[32m 3^[[2mms^[[22m^[[39m
gates	Run npm run gates	2026-09-23T10:33:47.4743412Z    ^[[32m✓^[[39m viditelnost ikony a klikání na lištu^[[2m > ^[[22mu stavu položka napravo od původní hranice při Docku vlevo vytvoří očekávaný počet oken^[[32m 3^[[2mms^[[22m^[[39m
gates	Run npm run gates	2026-09-23T10:33:47.4745028Z    ^[[32m✓^[[39m viditelnost ikony a klikání na lištu^[[2m > ^[[22mu stavu naměřená poloha na displeji s posunutým počátkem vytvoří očekávaný počet oken^[[32m 3^[[2mms^[[22m^[[39m
gates	Run npm run gates	2026-09-23T10:33:47.4746973Z    ^[[32m✓^[[39m viditelnost ikony a klikání na lištu^[[2m > ^[[22mu stavu položka v pravé části lišty na displeji s výřezem vytvoří očekávaný počet oken^[[32m 3^[[2mms^[[22m^[[39m
gates	Run npm run gates	2026-09-23T10:33:47.4748578Z    ^[[32m✓^[[39m viditelnost ikony a klikání na lištu^[[2m > ^[[22mu stavu vysoká lišta externího displeje vytvoří očekávaný počet oken^[[32m 3^[[2mms^[[22m^[[39m
gates	Run npm run gates	2026-09-23T10:33:47.4750044Z    ^[[32m✓^[[39m viditelnost ikony a klikání na lištu^[[2m > ^[[22mu stavu položka s nesmyslnou výškou přesahující lištu vytvoří očekávaný počet oken^[[32m 3^[[2mms^[[22m^[[39m
gates	Run npm run gates	2026-09-23T10:33:47.4751492Z    ^[[32m✓^[[39m viditelnost ikony a klikání na lištu^[[2m > ^[[22mu stavu položka odsunutá vlevo, ale mimo horní lištu vytvoří očekávaný počet oken^[[32m 3^[[2mms^[[22m^[[39m
gates	Run npm run gates	2026-09-23T10:33:47.5077148Z    ^[[32m✓^[[39m viditelnost ikony a klikání na lištu^[[2m > ^[[22mu stavu nesmyslné rozměry displeje vytvoří očekávaný počet oken^[[32m 6^[[2mms^[[22m^[[39m
gates	Run npm run gates	2026-09-23T10:33:47.5078781Z    ^[[32m✓^[[39m viditelnost ikony a klikání na lištu^[[2m > ^[[22mu stavu chybějící rozměry displeje vytvoří očekávaný počet oken^[[32m 10^[[2mms^[[22m^[[39m
gates	Run npm run gates	2026-09-23T10:33:47.5079686Z    ^[[32m✓^[[39m viditelnost ikony a klikání na lištu^[[2m > ^[[22mgeometrii vztáhne k displeji odpovídajícímu položce, ne k primárnímu^[[32m 6^[[2mms^[[22m^[[39m
gates	Run npm run gates	2026-09-23T10:33:47.5080569Z    ^[[32m✓^[[39m viditelnost ikony a klikání na lištu^[[2m > ^[[22mpočká na ustálení a u pravděpodobně nevykreslené ikony ukáže varování bez fokusu^[[32m 4^[[2mms^[[22m^[[39m
gates	Run npm run gates	2026-09-23T10:33:47.5081440Z    ^[[32m✓^[[39m viditelnost ikony a klikání na lištu^[[2m > ^[[22mvaruje i těsně vlevo od přesné hranice 45 %^[[32m 5^[[2mms^[[22m^[[39m
gates	Run npm run gates	2026-09-23T10:33:47.5082088Z    ^[[32m✓^[[39m viditelnost ikony a klikání na lištu^[[2m > ^[[22mu stavu ikona vpravo mlčí^[[32m 3^[[2mms^[[22m^[[39m
gates	Run npm run gates	2026-09-23T10:33:47.5082823Z    ^[[32m✓^[[39m viditelnost ikony a klikání na lištu^[[2m > ^[[22mu stavu přesně na konzervativní hranici mlčí^[[32m 2^[[2mms^[[22m^[[39m
gates	Run npm run gates	2026-09-23T10:33:47.5083523Z    ^[[32m✓^[[39m viditelnost ikony a klikání na lištu^[[2m > ^[[22mu stavu nulová šířka mlčí^[[32m 2^[[2mms^[[22m^[[39m
gates	Run npm run gates	2026-09-23T10:33:47.5084216Z    ^[[32m✓^[[39m viditelnost ikony a klikání na lištu^[[2m > ^[[22mu stavu nezjistitelné rozměry mlčí^[[32m 2^[[2mms^[[22m^[[39m
gates	Run npm run gates	2026-09-23T10:33:47.5085070Z    ^[[32m✓^[[39m viditelnost ikony a klikání na lištu^[[2m > ^[[22mpři výjimce z tray.getBounds zaloguje důvod a vrátí se bez varovného okna^[[32m 2^[[2mms^[[22m^[[39m
gates	Run npm run gates	2026-09-23T10:33:47.5085928Z    ^[[32m✓^[[39m viditelnost ikony a klikání na lištu^[[2m > ^[[22mpři výjimce z screen.getDisplayMatching zaloguje důvod a vrátí se bez varovného okna^[[32m 15^[[2mms^[[22m^[[39m
gates	Run npm run gates	2026-09-23T10:33:47.5086744Z    ^[[32m✓^[[39m viditelnost ikony a klikání na lištu^[[2m > ^[[22mvaruje nejvýš jednou za spuštění i po zavření okna^[[32m 9^[[2mms^[[22m^[[39m
gates	Run npm run gates	2026-09-23T10:33:47.5087497Z    ^[[32m✓^[[39m viditelnost ikony a klikání na lištu^[[2m > ^[[22mpravý klik otevře schválené popup menu a panel nechá být^[[32m 4^[[2mms^[[22m^[[39m
gates	Run npm run gates	2026-09-23T10:33:47.5088585Z    ^[[32m✓^[[39m viditelnost ikony a klikání na lištu^[[2m > ^[[22mSpustit LuTrack povolí až po připraveném panelu a běžnou rychlou cestu zachová^[[32m 3^[[2mms^[[22m^[[39m
gates	Run npm run gates	2026-09-23T10:33:47.5089846Z    ^[[32m✓^[[39m viditelnost ikony a klikání na lištu^[[2m > ^[[22mopožděný report během změny session rychlou akci neoživí^[[32m 3^[[2mms^[[22m^[[39m
gates	Run npm run gates	2026-09-23T10:33:47.5091084Z    ^[[32m✓^[[39m viditelnost ikony a klikání na lištu^[[2m > ^[[22mběžící LuTrack přepne položku na aktivní zastavení přes frontu tray příkazů^[[32m 8^[[2mms^[[22m^[[39m
gates	Run npm run gates	2026-09-23T10:33:47.5092525Z    ^[[32m✓^[[39m viditelnost ikony a klikání na lištu^[[2m > ^[[22mrychlé akce předá panelu jediným validovaným kanálem i před jeho odběrem^[[32m 3^[[2mms^[[22m^[[39m
gates	Run npm run gates	2026-09-23T10:33:47.5093636Z    ^[[32m✓^[[39m viditelnost ikony a klikání na lištu^[[2m > ^[[22mčekající rychlou akci nepřenese do nové generace rendereru^[[32m 3^[[2mms^[[22m^[[39m
gates	Run npm run gates	2026-09-23T10:33:47.5094740Z    ^[[32m✓^[[39m viditelnost ikony a klikání na lištu^[[2m > ^[[22mpreload po registraci vyzvedne i dříve čekající rychlé akce^[[32m 51^[[2mms^[[22m^[[39m
gates	Run npm run gates	2026-09-23T10:33:47.5096137Z    ^[[32m✓^[[39m viditelnost ikony a klikání na lištu^[[2m > ^[[22mpreload po výjimce prvního příkazu doručí druhý i třetí s rozestupy a vyzvedne další dávku^[[32m 51^[[2mms^[[22m^[[39m
gates	Run npm run gates	2026-09-23T10:33:47.5097222Z    ^[[32m✓^[[39m viditelnost ikony a klikání na lištu^[[2m > ^[[22mlevý klik dál otevře a napozicuje panel, nikoli kontextové menu^[[32m 4^[[2mms^[[22m^[[39m
gates	Run npm run gates	2026-09-23T10:33:47.5098424Z    ^[[32m✓^[[39m průběžný titulek lišty^[[2m > ^[[22mbez běžící aktivity nechá vedle ikony prázdný text a nezaloží interval^[[32m 7^[[2mms^[[22m^[[39m
gates	Run npm run gates	2026-09-23T10:33:47.5099383Z    ^[[32m✓^[[39m průběžný titulek lišty^[[2m > ^[[22mpři nahrávání ukazuje rostoucí čas přesně ve tvaru panelového formatElapsed^[[32m 15^[[2mms^[[22m^[[39m
gates	Run npm run gates	2026-09-23T10:33:47.5100466Z    ^[[32m✓^[[39m průběžný titulek lišty^[[2m > ^[[22mvýpadek zvuku změní stav, zachová čas, odmítne ne-boolean a po obnově vrátí nahrávání^[[32m 18^[[2mms^[[22m^[[39m
gates	Run npm run gates	2026-09-23T10:33:47.5112181Z    ^[[32m✓^[[39m průběžný titulek lišty^[[2m > ^[[22mboolean výpadku nevytvoří systémovou stopu v nahrávání jen s mikrofonem^[[32m 10^[[2mms^[[22m^[[39m
gates	Run npm run gates	2026-09-23T10:33:47.5113292Z    ^[[32m✓^[[39m průběžný titulek lišty^[[2m > ^[[22mpři LuTracku ukazuje čas od náběžné hrany faktu z dnešního rendereru^[[32m 3^[[2mms^[[22m^[[39m
gates	Run npm run gates	2026-09-23T10:33:47.5114074Z    ^[[32m✓^[[39m průběžný titulek lišty^[[2m > ^[[22mposun hodin zpět nesmí do lišty napsat záporný čas^[[32m 3^[[2mms^[[22m^[[39m
gates	Run npm run gates	2026-09-23T10:33:47.5114865Z    ^[[32m✓^[[39m průběžný titulek lišty^[[2m > ^[[22mpři souběhu ukazuje oba časy a po konci nahrávání jediný čas LuTracku^[[32m 21^[[2mms^[[22m^[[39m
gates	Run npm run gates	2026-09-23T10:33:47.5115857Z    ^[[32m✓^[[39m průběžný titulek lišty^[[2m > ^[[22mdlouhý souběh zůstane jednoznačný a nepřekročí třináct znaků^[[32m 24^[[2mms^[[22m^[[39m
gates	Run npm run gates	2026-09-23T10:33:47.5116875Z    ^[[32m✓^[[39m průběžný titulek lišty^[[2m > ^[[22mpo zastavení nahrávání titulek vyprázdní a interval zruší^[[32m 32^[[2mms^[[22m^[[39m
gates	Run npm run gates	2026-09-23T10:33:47.5117811Z    ^[[32m✓^[[39m průběžný titulek lišty^[[2m > ^[[22mpři nezměněném textu setTitle znovu nevolá^[[32m 26^[[2mms^[[22m^[[39m
gates	Run npm run gates	2026-09-23T10:33:47.5118941Z    ^[[32m✓^[[39m průběžný titulek lišty^[[2m > ^[[22mpři ukončení aplikace timer uklidí a už jej znovu nezaloží^[[32m 34^[[2mms^[[22m^[[39m
gates	Run npm run gates	2026-09-23T10:33:47.5119873Z    ^[[32m✓^[[39m produkční zapojení odchozí fronty^[[2m > ^[[22mhlavní proces načítá modul fronty ze src/lib^[[32m 0^[[2mms^[[22m^[[39m
gates	Run npm run gates	2026-09-23T10:33:47.5120709Z    ^[[32m✓^[[39m produkční zapojení odchozí fronty^[[2m > ^[[22mdokončení nahrávky zařazuje do fronty^[[32m 1^[[2mms^[[22m^[[39m
gates	Run npm run gates	2026-09-23T10:33:47.5121758Z    ^[[32m✓^[[39m produkční zapojení odchozí fronty^[[2m > ^[[22mpo startu aplikace proběhne pumpa produkční fronty bez testového override^[[32m 1^[[2mms^[[22m^[[39m
gates	Run npm run gates	2026-09-23T10:33:47.5122805Z    ^[[32m✓^[[39m produkční zapojení odchozí fronty^[[2m > ^[[22mvypnutý killswitch upload klienta ani nevytvoří, ani nespustí^[[32m 242^[[2mms^[[22m^[[39m
gates	Run npm run gates	2026-09-23T10:33:47.5123570Z    ^[[32m✓^[[39m produkční zapojení odchozí fronty^[[2m > ^[[22mpreload vystavuje validační kanály fronty^[[32m 0^[[2mms^[[22m^[[39m
gates	Run npm run gates	2026-09-23T10:33:47.5124413Z    ^[[32m✓^[[39m produkční zapojení odchozí fronty^[[2m > ^[[22mpreload převzetí propustí jen jako GUID a revizi^[[32m 1^[[2mms^[[22m^[[39m
gates	Run npm run gates	2026-09-23T10:33:47.5125163Z    ^[[32m✓^[[39m produkční zapojení odchozí fronty^[[2m > ^[[22mpreload načte lokální přehled jediným úzkým IPC voláním^[[32m 0^[[2mms^[[22m^[[39m
gates	Run npm run gates	2026-09-23T10:33:47.5125986Z    ^[[32m✓^[[39m produkční zapojení odchozí fronty^[[2m > ^[[22mpreload save-decision a akce nahrávky propustí jen přesný validovaný payload^[[32m 0^[[2mms^[[22m^[[39m
gates	Run npm run gates	2026-09-23T10:33:47.5126896Z    ^[[32m✓^[[39m produkční zapojení odchozí fronty^[[2m > ^[[22mpreload ověření a otevření propustí jen GUID, revizi a známou stopu^[[32m 0^[[2mms^[[22m^[[39m
gates	Run npm run gates	2026-09-23T10:33:47.5127704Z    ^[[32m✓^[[39m produkční zapojení odchozí fronty^[[2m > ^[[22mruční serverové ověření jde přes trusted store a open-web URL skládá jen main^[[32m 15^[[2mms^[[22m^[[39m
gates	Run npm run gates	2026-09-23T10:33:47.5128888Z    ^[[32m✓^[[39m produkční zapojení odchozí fronty^[[2m > ^[[22mpojmenování přes preload předá časování, GUID i název na přesné IPC kanály^[[32m 0^[[2mms^[[22m^[[39m
gates	Run npm run gates	2026-09-23T10:33:47.5129746Z    ^[[32m✓^[[39m produkční zapojení odchozí fronty^[[2m > ^[[22mpreload předá potvrzení ztráty stereo exportu jen jeho úzkému IPC kanálu^[[32m 0^[[2mms^[[22m^[[39m
gates	Run npm run gates	2026-09-23T10:33:47.5130545Z    ^[[32m✓^[[39m produkční zapojení odchozí fronty^[[2m > ^[[22mpreload předá hlavnímu procesu přesný seznam vznikajících stop^[[32m 0^[[2mms^[[22m^[[39m
gates	Run npm run gates	2026-09-23T10:33:47.5131298Z    ^[[32m✓^[[39m produkční zapojení odchozí fronty^[[2m > ^[[22mIPC fronty používá předepsané role odesílatele^[[32m 0^[[2mms^[[22m^[[39m
gates	Run npm run gates	2026-09-23T10:33:47.5132115Z    ^[[33m^[[2m✓^[[22m^[[39m produkční zapojení odchozí fronty^[[2m > ^[[22mpotvrzené převzetí získá vlastníka z platné session, ověří guard a nevolá server ^[[33m 350^[[2mms^[[22m^[[39m
gates	Run npm run gates	2026-09-23T10:33:47.5132985Z    ^[[32m✓^[[39m produkční zapojení odchozí fronty^[[2m > ^[[22mzrušení dialogu a cizí IPC odesílatel nezpůsobí převzetí^[[32m 69^[[2mms^[[22m^[[39m
gates	Run npm run gates	2026-09-23T10:33:47.5133900Z    ^[[32m✓^[[39m produkční zapojení odchozí fronty^[[2m > ^[[22mpřevzetí s chybějící nebo expirovanou session odmítne bez obnovy a bez dialogu^[[32m 113^[[2mms^[[22m^[[39m
gates	Run npm run gates	2026-09-23T10:33:47.5134812Z    ^[[32m✓^[[39m produkční zapojení odchozí fronty^[[2m > ^[[22mzměna účtu během potvrzení se stejnou auth generation nezapíše převzetí^[[32m 88^[[2mms^[[22m^[[39m
gates	Run npm run gates	2026-09-23T10:33:47.5135613Z    ^[[32m✓^[[39m produkční zapojení odchozí fronty^[[2m > ^[[22mIPC převzetí odmítne neplatný payload i argument navíc před dialogem^[[32m 3^[[2mms^[[22m^[[39m
gates	Run npm run gates	2026-09-23T10:33:47.5136456Z    ^[[32m✓^[[39m produkční zapojení odchozí fronty^[[2m > ^[[22mstale snímek a nahrávku aktuálního vlastníka odmítne ještě před dialogem^[[32m 9^[[2mms^[[22m^[[39m
gates	Run npm run gates	2026-09-23T10:33:47.5137344Z    ^[[32m✓^[[39m produkční zapojení odchozí fronty^[[2m > ^[[22mnavigaci okna během čekání na serializovaný claim odmítne jeho vnitřní guard^[[32m 6^[[2mms^[[22m^[[39m
gates	Run npm run gates	2026-09-23T10:33:47.5138434Z    ^[[32m✓^[[39m produkční zapojení odchozí fronty^[[2m > ^[[22mqueue:list označí vypnuté odesílání podle druhu položky a fail-closed prostředí^[[32m 22^[[2mms^[[22m^[[39m
gates	Run npm run gates	2026-09-23T10:33:47.5139321Z    ^[[32m✓^[[39m produkční zapojení odchozí fronty^[[2m > ^[[22mzaregistrované dokončení nahrávky ji zpřístupní přes queue:list^[[32m 27^[[2mms^[[22m^[[39m
gates	Run npm run gates	2026-09-23T10:33:47.5140294Z    ^[[32m✓^[[39m produkční zapojení odchozí fronty^[[2m > ^[[22mčekající položku z vlastního store promítne do lišty, když nic neběží^[[32m 209^[[2mms^[[22m^[[39m
gates	Run npm run gates	2026-09-23T10:33:47.5141376Z    ^[[32m✓^[[39m produkční zapojení odchozí fronty^[[2m > ^[[22mpersistovanou čekající frontu ukáže už před dlouhou obnovou při startu^[[32m 7^[[2mms^[[22m^[[39m
gates	Run npm run gates	2026-09-23T10:33:47.5142213Z    ^[[32m✓^[[39m produkční zapojení odchozí fronty^[[2m > ^[[22mvlastník nahrávky se otiskne ze session při jejím začátku bez čitelného e-mailu^[[32m 69^[[2mms^[[22m^[[39m
gates	Run npm run gates	2026-09-23T10:33:47.5143219Z    ^[[32m✓^[[39m produkční zapojení odchozí fronty^[[2m > ^[[22modhlášeně začatou nahrávku nepřivlastní session, která vznikne před dokončením^[[32m 18^[[2mms^[[22m^[[39m
gates	Run npm run gates	2026-09-23T10:33:47.5144133Z    ^[[33m^[[2m✓^[[22m^[[39m produkční zapojení odchozí fronty^[[2m > ^[[22mjednostopá session vytvoří jen mikrofonní originál, projde frontou i exportem ^[[33m 336^[[2mms^[[22m^[[39m
gates	Run npm run gates	2026-09-23T10:33:47.5145219Z    ^[[32m✓^[[39m produkční zapojení odchozí fronty^[[2m > ^[[22modmítne 'prázdnou session' ještě před vytvořením souborů^[[32m 9^[[2mms^[[22m^[[39m
gates	Run npm run gates	2026-09-23T10:33:47.5146067Z    ^[[32m✓^[[39m produkční zapojení odchozí fronty^[[2m > ^[[22modmítne 'session bez mikrofonu' ještě před vytvořením souborů^[[32m 6^[[2mms^[[22m^[[39m
gates	Run npm run gates	2026-09-23T10:33:47.5146928Z    ^[[32m✓^[[39m produkční zapojení odchozí fronty^[[2m > ^[[22modmítne 'neznámý zdroj' ještě před vytvořením souborů^[[32m 6^[[2mms^[[22m^[[39m
gates	Run npm run gates	2026-09-23T10:33:47.5147727Z    ^[[32m✓^[[39m produkční zapojení odchozí fronty^[[2m > ^[[22mselhání zápisu fronty není rendereru hlášeno jako úspěch^[[32m 145^[[2mms^[[22m^[[39m
gates	Run npm run gates	2026-09-23T10:33:47.5148770Z    ^[[32m✓^[[39m produkční zapojení odchozí fronty^[[2m > ^[[22mstart obnoví osiřelý manifest do perzistentní fronty^[[32m 21^[[2mms^[[22m^[[39m
gates	Run npm run gates	2026-09-23T10:33:47.5149580Z    ^[[32m✓^[[39m produkční zapojení odchozí fronty^[[2m > ^[[22m🔴 z logu pumpy jde poznat, KOLIK se odeslalo^[[32m 57^[[2mms^[[22m^[[39m
gates	Run npm run gates	2026-09-23T10:33:47.5150265Z    ^[[32m✓^[[39m produkční zapojení odchozí fronty^[[2m > ^[[22m🔴 instance bez zámku nesmí sáhnout na frontu^[[32m 2^[[2mms^[[22m^[[39m
gates	Run npm run gates	2026-09-23T10:33:47.5151136Z    ^[[32m✓^[[39m produkční zapojení odchozí fronty^[[2m > ^[[22mčekající obnova nezdrží vytvoření ikony, panelu ani dokončení startu^[[32m 57^[[2mms^[[22m^[[39m
gates	Run npm run gates	2026-09-23T10:33:47.5151943Z    ^[[32m✓^[[39m produkční zapojení odchozí fronty^[[2m > ^[[22mnové nahrávání počká na obnovu a nemůže se stát jejím falešným sirotkem^[[32m 67^[[2mms^[[22m^[[39m
gates	Run npm run gates	2026-09-23T10:33:47.5152794Z    ^[[32m✓^[[39m produkční zapojení odchozí fronty^[[2m > ^[[22mnové nahrávání neprojde ani v okně mezi panelem a dokončením retence^[[32m 28^[[2mms^[[22m^[[39m
gates	Run npm run gates	2026-09-23T10:33:47.5153667Z    ^[[32m✓^[[39m produkční zapojení odchozí fronty^[[2m > ^[[22mnahrávání čekající na obnovu se po zahájeném quitu už nerozběhne^[[32m 3^[[2mms^[[22m^[[39m
gates	Run npm run gates	2026-09-23T10:33:47.5154510Z    ^[[32m✓^[[39m produkční zapojení odchozí fronty^[[2m > ^[[22mprošlý access token neposkytne uploadu jako platný kontext^[[32m 22^[[2mms^[[22m^[[39m
gates	Run npm run gates	2026-09-23T10:33:47.5155339Z    ^[[32m✓^[[39m produkční zapojení odchozí fronty^[[2m > ^[[22múspěšné nové přihlášení znovu probudí pozastavenou frontu^[[32m 106^[[2mms^[[22m^[[39m
gates	Run npm run gates	2026-09-23T10:33:47.5156170Z    ^[[32m✓^[[39m produkční zapojení odchozí fronty^[[2m > ^[[22mstartup i ruční retry předají stejný platný current owner^[[32m 56^[[2mms^[[22m^[[39m
gates	Run npm run gates	2026-09-23T10:33:47.5157062Z    ^[[32m✓^[[39m produkční zapojení odchozí fronty^[[2m > ^[[22mstartup obnoví expirovanou session před předáním current owner pumpě^[[32m 58^[[2mms^[[22m^[[39m
gates	Run npm run gates	2026-09-23T10:33:47.5157906Z    ^[[32m✓^[[39m produkční zapojení odchozí fronty^[[2m > ^[[22mselhaná obnova expirované session předá null a nespustí recording send^[[32m 62^[[2mms^[[22m^[[39m
gates	Run npm run gates	2026-09-23T10:33:47.5158949Z    ^[[33m^[[2m✓^[[22m^[[39m produkční zapojení odchozí fronty^[[2m > ^[[22mpojmenování použije pro handover uložený labs origin a jeden stereo soubor ^[[33m 647^[[2mms^[[22m^[[39m
gates	Run npm run gates	2026-09-23T10:33:47.5159931Z    ^[[32m✓^[[39m produkční zapojení odchozí fronty^[[2m > ^[[22mchyba pojmenovaného exportu nezapíše název schůzky do logu^[[32m 30^[[2mms^[[22m^[[39m
gates	Run npm run gates	2026-09-23T10:33:47.5160988Z    ^[[32m✓^[[39m produkční zapojení odchozí fronty^[[2m > ^[[22mstart aplikace zavolá pumpu fronty právě jednou^[[32m 53^[[2mms^[[22m^[[39m
gates	Run npm run gates	2026-09-23T10:33:47.5162197Z    ^[[32m✓^[[39m produkční zapojení odchozí fronty^[[2m > ^[[22mlokální přehled projde z disku přes store a chráněné IPC bez recovery nebo sítě^[[32m 30^[[2mms^[[22m^[[39m
gates	Run npm run gates	2026-09-23T10:33:47.5163510Z    ^[[33m^[[2m✓^[[22m^[[39m produkční zapojení odchozí fronty^[[2m > ^[[22msend projde skutečným preloadem a store schválí jen zvolenou held nahrávku i po obnově tokenu ^[[33m 381^[[2mms^[[22m^[[39m
gates	Run npm run gates	2026-09-23T10:33:47.5164561Z    ^[[32m✓^[[39m produkční zapojení odchozí fronty^[[2m > ^[[22mnative delete zrušení, stale potvrzení a platné potvrzení drží skutečný store i koš^[[32m 262^[[2mms^[[22m^[[39m
gates	Run npm run gates	2026-09-23T10:33:47.5165612Z    ^[[32m✓^[[39m produkční zapojení odchozí fronty^[[2m > ^[[22msave-decision po exportní kopii a ztrátě auth uloží title jako held a neotevře web^[[32m 197^[[2mms^[[22m^[[39m
gates	Run npm run gates	2026-09-23T10:33:47.5166738Z    ^[[32m✓^[[39m produkční zapojení odchozí fronty^[[2m > ^[[22msave-decision vrátí queued po durable volbě ještě před dokončením upload pumpy^[[32m 237^[[2mms^[[22m^[[39m
gates	Run npm run gates	2026-09-23T10:33:47.5167695Z    ^[[32m✓^[[39m produkční zapojení odchozí fronty^[[2m > ^[[22mpo trvalém uzavření časovače zařadí přes produkční store přesný časový záznam^[[32m 120^[[2mms^[[22m^[[39m
gates	Run npm run gates	2026-09-23T10:33:47.5168821Z    ^[[32m✓^[[39m produkční zapojení odchozí fronty^[[2m > ^[[22mselhání zařazení času za běhu otevře panel, i když se aplikace neukončuje^[[32m 20^[[2mms^[[22m^[[39m
gates	Run npm run gates	2026-09-23T10:33:47.5169890Z    ^[[32m✓^[[39m produkční zapojení odchozí fronty^[[2m > ^[[22mpři DESKTOP_TIME_ENABLED=undefined nezařadí žádný časový záznam^[[32m 4^[[2mms^[[22m^[[39m
gates	Run npm run gates	2026-09-23T10:33:47.5171130Z    ^[[32m✓^[[39m produkční zapojení odchozí fronty^[[2m > ^[[22mpři DESKTOP_TIME_ENABLED=false nezařadí žádný časový záznam^[[32m 4^[[2mms^[[22m^[[39m
gates	Run npm run gates	2026-09-23T10:33:47.5172351Z    ^[[32m✓^[[39m produkční zapojení odchozí fronty^[[2m > ^[[22mpři DESKTOP_TIME_ENABLED=1 nezařadí žádný časový záznam^[[32m 3^[[2mms^[[22m^[[39m
gates	Run npm run gates	2026-09-23T10:33:47.5173304Z    ^[[32m✓^[[39m produkční zapojení odchozí fronty^[[2m > ^[[22mpři startu použije uložený sedmidenní výběr a odstraní starou odeslanou kopii^[[32m 63^[[2mms^[[22m^[[39m
gates	Run npm run gates	2026-09-23T10:33:47.5174199Z    ^[[32m✓^[[39m produkční zapojení odchozí fronty^[[2m > ^[[22mretenční log nezveřejní cestu ani název schůzky^[[32m 58^[[2mms^[[22m^[[39m
gates	Run npm run gates	2026-09-23T10:33:47.5175027Z    ^[[32m✓^[[39m produkční zapojení odchozí fronty^[[2m > ^[[22mpři startu čeká s retenčním čtením na skutečné dokončení loadFile^[[32m 135^[[2mms^[[22m^[[39m
gates	Run npm run gates	2026-09-23T10:33:47.5175880Z    ^[[32m✓^[[39m produkční zapojení odchozí fronty^[[2m > ^[[22mpři chybě načtení pokračuje start bez čtení a bez mazání^[[32m 176^[[2mms^[[22m^[[39m
gates	Run npm run gates	2026-09-23T10:33:47.5176979Z    ^[[32m✓^[[39m produkční zapojení odchozí fronty^[[2m > ^[[22mpři zavření okna pokračuje start bez čtení a bez mazání^[[32m 172^[[2mms^[[22m^[[39m
gates	Run npm run gates	2026-09-23T10:33:47.5178076Z    ^[[32m✓^[[39m produkční zapojení odchozí fronty^[[2m > ^[[22mpři zničení rendereru pokračuje start bez čtení a bez mazání^[[32m 54^[[2mms^[[22m^[[39m
gates	Run npm run gates	2026-09-23T10:33:47.5179573Z    ^[[32m✓^[[39m produkční zapojení odchozí fronty^[[2m > ^[[22mpo pěti sekundách ukončí čekání na nenačtené okno fail-closed^[[32m 55^[[2mms^[[22m^[[39m
gates	Run npm run gates	2026-09-23T10:33:47.5180711Z    ^[[32m✓^[[39m produkční zapojení odchozí fronty^[[2m > ^[[22mpo jedné sekundě ukončí neodpovídající čtení rendereru fail-closed^[[32m 261^[[2mms^[[22m^[[39m
gates	Run npm run gates	2026-09-23T10:33:47.5182061Z    ^[[32m✓^[[39m produkční zapojení odchozí fronty^[[2m > ^[[22mpo změně dokumentu během čtení zachová data fail-closed^[[32m 118^[[2mms^[[22m^[[39m
gates	Run npm run gates	2026-09-23T10:33:47.5183120Z    ^[[32m✓^[[39m produkční zapojení odchozí fronty^[[2m > ^[[22mchybějící politika retence nesmaže žádná data^[[32m 114^[[2mms^[[22m^[[39m
gates	Run npm run gates	2026-09-23T10:33:47.5183951Z    ^[[32m✓^[[39m produkční zapojení odchozí fronty^[[2m > ^[[22mnečitelná politika retence nesmaže žádná data^[[32m 154^[[2mms^[[22m^[[39m
gates	Run npm run gates	2026-09-23T10:33:47.5184893Z    ^[[32m✓^[[39m produkční zapojení odchozí fronty^[[2m > ^[[22mnedostupná politika retence nesmaže žádná data^[[32m 60^[[2mms^[[22m^[[39m
gates	Run npm run gates	2026-09-23T10:33:47.5185725Z    ^[[32m✓^[[39m produkční zapojení odchozí fronty^[[2m > ^[[22mneznámá politika retence nesmaže žádná data^[[32m 221^[[2mms^[[22m^[[39m
gates	Run npm run gates	2026-09-23T10:33:47.5186604Z    ^[[32m✓^[[39m produkční zapojení odchozí fronty^[[2m > ^[[22mselhání načtení retenční fronty nezastaví start ani její pumpu^[[32m 98^[[2mms^[[22m^[[39m
gates	Run npm run gates	2026-09-23T10:33:47.5187489Z    ^[[32m✓^[[39m produkční zapojení odchozí fronty^[[2m > ^[[22mstore fronty se nezpřístupní, dokud startupová retence nedokončí zápis^[[32m 55^[[2mms^[[22m^[[39m
gates	Run npm run gates	2026-09-23T10:33:47.5188663Z    ^[[33m^[[2m✓^[[22m^[[39m výslovná volba stránky přes exportní IPC^[[2m > ^[[22m501 jednotek přes preload odmítne, zachová soubory a po opravě export zopakuje ^[[33m 315^[[2mms^[[22m^[[39m
gates	Run npm run gates	2026-09-23T10:33:47.5189741Z    ^[[33m^[[2m✓^[[22m^[[39m výslovná volba stránky přes exportní IPC^[[2m > ^[[22mpřenese openUploadPage=false přes skutečný preload až ke kopii ^[[33m 408^[[2mms^[[22m^[[39m
gates	Run npm run gates	2026-09-23T10:33:47.5190877Z    ^[[32m✓^[[39m výslovná volba stránky přes exportní IPC^[[2m > ^[[22mpřenese openUploadPage=true přes skutečný preload až ke kopii^[[32m 250^[[2mms^[[22m^[[39m
gates	Run npm run gates	2026-09-23T10:33:47.5191854Z    ^[[32m✓^[[39m výslovná volba stránky přes exportní IPC^[[2m > ^[[22modmítne neplatnou nebo chybějící volbu undefined bez vedlejších účinků^[[32m 22^[[2mms^[[22m^[[39m
gates	Run npm run gates	2026-09-23T10:33:47.5192807Z    ^[[32m✓^[[39m výslovná volba stránky přes exportní IPC^[[2m > ^[[22modmítne neplatnou nebo chybějící volbu "Starý název" bez vedlejších účinků^[[32m 223^[[2mms^[[22m^[[39m
gates	Run npm run gates	2026-09-23T10:33:47.5193745Z    ^[[32m✓^[[39m výslovná volba stránky přes exportní IPC^[[2m > ^[[22modmítne neplatnou nebo chybějící volbu {} bez vedlejších účinků^[[32m 76^[[2mms^[[22m^[[39m
gates	Run npm run gates	2026-09-23T10:33:47.5194829Z    ^[[32m✓^[[39m výslovná volba stránky přes exportní IPC^[[2m > ^[[22modmítne neplatnou nebo chybějící volbu {"openUploadPage":"false"} bez vedlejších účinků^[[32m 74^[[2mms^[[22m^[[39m
gates	Run npm run gates	2026-09-23T10:33:47.5195896Z    ^[[32m✓^[[39m výslovná volba stránky přes exportní IPC^[[2m > ^[[22modmítne neplatnou nebo chybějící volbu {"openUploadPage":null} bez vedlejších účinků^[[32m 27^[[2mms^[[22m^[[39m
gates	Run npm run gates	2026-09-23T10:33:47.5196821Z    ^[[32m✓^[[39m výslovná volba stránky přes exportní IPC^[[2m > ^[[22mJen uložit dokončí i odložený quit bez otevření prohlížeče^[[32m 261^[[2mms^[[22m^[[39m
gates	Run npm run gates	2026-09-23T10:33:47.5197810Z    ^[[33m^[[2m✓^[[22m^[[39m soukromí chyb stereo exportu^[[2m > ^[[22msystémová chyba s cestou neukáže v panelu cestu, příponu ani název schůzky ^[[33m 433^[[2mms^[[22m^[[39m
gates	Run npm run gates	2026-09-23T10:33:47.5198822Z    ^[[33m^[[2m✓^[[22m^[[39m soukromí chyb stereo exportu^[[2m > ^[[22mvlastní chyba o probíhajícím exportu projde beze změny ^[[33m 338^[[2mms^[[22m^[[39m
gates	Run npm run gates	2026-09-23T10:33:47.5199675Z    ^[[32m✓^[[39m soukromí chyb stereo exportu^[[2m > ^[[22modmítnutý souběžný export nesmí uvolnit ten první^[[32m 101^[[2mms^[[22m^[[39m
gates	Run npm run gates	2026-09-23T10:33:47.5200545Z    ^[[32m✓^[[39m soukromí chyb stereo exportu^[[2m > ^[[22msave decision webovou stránku neotevírá, takže její chyba export neovlivní^[[32m 31^[[2mms^[[22m^[[39m
gates	Run npm run gates	2026-09-23T10:33:47.5201502Z    ^[[32m✓^[[39m soukromí chyb stereo exportu^[[2m > ^[[22mdo logu zapíše jen kód systémové chyby, nikdy její syrovou zprávu^[[32m 110^[[2mms^[[22m^[[39m
gates	Run npm run gates	2026-09-23T10:33:47.5202345Z    ^[[32m✓^[[39m bezpečné ukončení aplikace^[[2m > ^[[22mquit i updater odvozují veškerou blokaci nahrávání z jednoho predikátu^[[32m 2^[[2mms^[[22m^[[39m
gates	Run npm run gates	2026-09-23T10:33:47.5203195Z    ^[[32m✓^[[39m bezpečné ukončení aplikace^[[2m > ^[[22mquit počká na potvrzení názvu a připraveného stereo exportu^[[32m 199^[[2mms^[[22m^[[39m
gates	Run npm run gates	2026-09-23T10:33:47.5204210Z    ^[[32m✓^[[39m bezpečné ukončení aplikace^[[2m > ^[[22mquit timeout neodpojí pojmenování zahájené před dokončením stereo exportu^[[32m 58^[[2mms^[[22m^[[39m
gates	Run npm run gates	2026-09-23T10:33:47.5205277Z    ^[[33m^[[2m✓^[[22m^[[39m bezpečné ukončení aplikace^[[2m > ^[[22mpři nahrávání odloží quit, čistě dokončí session a zachová její data ^[[33m 435^[[2mms^[[22m^[[39m
gates	Run npm run gates	2026-09-23T10:33:47.5206626Z    ^[[32m✓^[[39m bezpečné ukončení aplikace^[[2m > ^[[22mpo 15 sekundách nedokončeného zastavení quit přesto vynutí a hlasitě zaloguje^[[32m 11^[[2mms^[[22m^[[39m
gates	Run npm run gates	2026-09-23T10:33:47.5207565Z    ^[[32m✓^[[39m bezpečné ukončení aplikace^[[2m > ^[[22mbez nahrávání a LuTracku nechá quit proběhnout okamžitě^[[32m 3^[[2mms^[[22m^[[39m
gates	Run npm run gates	2026-09-23T10:33:47.5208511Z    ^[[32m✓^[[39m bezpečné ukončení aplikace^[[2m > ^[[22mpřed quitem čistě zastaví i LuTrack v hlavním procesu^[[32m 254^[[2mms^[[22m^[[39m
gates	Run npm run gates	2026-09-23T10:33:47.5209604Z    ^[[32m✓^[[39m bezpečné ukončení aplikace^[[2m > ^[[22modloží quit vyvolaný až během lokálního enqueue dokončené nahrávky^[[32m 23^[[2mms^[[22m^[[39m
gates	Run npm run gates	2026-09-23T10:33:47.5210870Z    ^[[32m✓^[[39m bezpečné ukončení aplikace^[[2m > ^[[22mpři ENOSPC během quitu nechá renderer zobrazit chybu před druhým potvrzením^[[32m 13^[[2mms^[[22m^[[39m
gates	Run npm run gates	2026-09-23T10:33:47.5212235Z    ^[[32m✓^[[39m bezpečné ukončení aplikace^[[2m > ^[[22mselhání zařazení časového záznamu při ukončení otevře panel a vyžádá potvrzení^[[32m 112^[[2mms^[[22m^[[39m
gates	Run npm run gates	2026-09-23T10:33:47.5213536Z ^[[31m   ^[[31m×^[[31m bezpečné ukončení aplikace^[[2m > ^[[22mpočká na rozpracovaný start LuTracku a pak jej čistě zastaví^[[39m^[[33m 1122^[[2mms^[[22m^[[39m
gates	Run npm run gates	2026-09-23T10:33:47.5214287Z ^[[31m     → expected "spy" to be called once, but got 0 times^[[39m
gates	Run npm run gates	2026-09-23T10:33:47.5215038Z    ^[[32m✓^[[39m bezpečné ukončení aplikace^[[2m > ^[[22mneočekávaný výsledek zastavení LuTracku vynutí quit a hlasitě jej zaloguje^[[32m 53^[[2mms^[[22m^[[39m
gates	Run npm run gates	2026-09-23T10:33:47.5215875Z    ^[[32m✓^[[39m bezpečné ukončení aplikace^[[2m > ^[[22mneúspěšnou stereo finalizaci během quitu ukáže a čeká na výslovné potvrzení^[[32m 191^[[2mms^[[22m^[[39m
gates	Run npm run gates	2026-09-23T10:33:47.5216676Z    ^[[32m✓^[[39m bezpečné ukončení aplikace^[[2m > ^[[22mpo pozdním potvrzení znovu použije graceful timeout pro jinou visící agendu^[[32m 141^[[2mms^[[22m^[[39m
gates	Run npm run gates	2026-09-23T10:33:47.5217498Z    ^[[32m✓^[[39m bezpečné ukončení aplikace^[[2m > ^[[22mneúspěšná stereo finalizace mimo quit zachová dosavadní chování^[[32m 277^[[2mms^[[22m^[[39m
gates	Run npm run gates	2026-09-23T10:33:47.5218567Z    ^[[32m✓^[[39m bezpečné ukončení aplikace^[[2m > ^[[22mchyba stereo exportu nesmí přerušit dosud běžící zápis fronty^[[32m 28^[[2mms^[[22m^[[39m
gates	Run npm run gates	2026-09-23T10:33:47.5219391Z    ^[[32m✓^[[39m bezpečné ukončení aplikace^[[2m > ^[[22mchyba finálního manifestu zachová stereo a nezamkne budoucí quit^[[32m 128^[[2mms^[[22m^[[39m
gates	Run npm run gates	2026-09-23T10:33:47.5220154Z    ^[[32m✓^[[39m bezpečné ukončení aplikace^[[2m > ^[[22mpád vlastníka uvolní export až po finalizaci a nejistý stereo soubor zachová^[[32m 67^[[2mms^[[22m^[[39m
gates	Run npm run gates	2026-09-23T10:33:47.5221082Z    ^[[32m✓^[[39m produkční zapojení automatických aktualizací^[[2m > ^[[22mzkontroluje vydání po startu a znovu po šesti hodinách^[[32m 4^[[2mms^[[22m^[[39m
gates	Run npm run gates	2026-09-23T10:33:47.5222019Z    ^[[32m✓^[[39m produkční zapojení automatických aktualizací^[[2m > ^[[22mruční kontrolu omezí proti click spamu a stav aktuální ukáže jen po skutečné odpovědi^[[32m 3^[[2mms^[[22m^[[39m
gates	Run npm run gates	2026-09-23T10:33:47.5223128Z    ^[[32m✓^[[39m produkční zapojení automatických aktualizací^[[2m > ^[[22mruční kliknutí se připojí k probíhající startovní kontrole bez druhého requestu^[[32m 6^[[2mms^[[22m^[[39m
gates	Run npm run gates	2026-09-23T10:33:47.5224176Z    ^[[32m✓^[[39m produkční zapojení automatických aktualizací^[[2m > ^[[22modložení během asynchronní bezpečnostní bariéry zruší právě tento souhlas^[[32m 4^[[2mms^[[22m^[[39m
gates	Run npm run gates	2026-09-23T10:33:47.5225135Z    ^[[32m✓^[[39m produkční zapojení automatických aktualizací^[[2m > ^[[22msouhlas se zobrazenou verzí A nepřenese na mezitím staženou verzi B^[[32m 53^[[2mms^[[22m^[[39m
gates	Run npm run gates	2026-09-23T10:33:47.5226343Z    ^[[33m^[[2m✓^[[22m^[[39m produkční zapojení automatických aktualizací^[[2m > ^[[22mzobrazí nativní oznámení nejvýš jednou pro verzi i po restartu ^[[33m 424^[[2mms^[[22m^[[39m
gates	Run npm run gates	2026-09-23T10:33:47.5227508Z    ^[[33m^[[2m✓^[[22m^[[39m produkční zapojení automatických aktualizací^[[2m > ^[[22mrestart počká i na pojmenování a export uložené nahrávky ^[[33m 367^[[2mms^[[22m^[[39m
gates	Run npm run gates	2026-09-23T10:33:47.5228986Z    ^[[32m✓^[[39m produkční zapojení automatických aktualizací^[[2m > ^[[22mběžící LuTrack odloží restart a po zastavení jej uplatní^[[32m 85^[[2mms^[[22m^[[39m
gates	Run npm run gates	2026-09-23T10:33:47.5230306Z    ^[[32m✓^[[39m produkční zapojení automatických aktualizací^[[2m > ^[[22modloží restart i pro LuTrack hlášený současným panelem^[[32m 66^[[2mms^[[22m^[[39m
gates	Run npm run gates	2026-09-23T10:33:47.5231398Z    ^[[32m✓^[[39m produkční zapojení automatických aktualizací^[[2m > ^[[22mpočká i na právě zapisovaný start LuTracku^[[32m 147^[[2mms^[[22m^[[39m
gates	Run npm run gates	2026-09-23T10:33:47.5232599Z    ^[[32m✓^[[39m produkční zapojení automatických aktualizací^[[2m > ^[[22mnepřehlédne LuTrack spuštěný až během kontroly odchozí fronty^[[32m 6^[[2mms^[[22m^[[39m
gates	Run npm run gates	2026-09-23T10:33:47.5234763Z    ^[[32m✓^[[39m produkční zapojení automatických aktualizací^[[2m > ^[[22mčeká po finalizaci nahrávky na serializační bariéru fronty^[[32m 26^[[2mms^[[22m^[[39m
gates	Run npm run gates	2026-09-23T10:33:47.5236214Z    ^[[32m✓^[[39m produkční zapojení automatických aktualizací^[[2m > ^[[22mbez aktivity uplatní staženou aktualizaci až po výslovném kliknutí a právě jednou^[[32m 56^[[2mms^[[22m^[[39m
gates	Run npm run gates	2026-09-23T10:33:47.5237766Z    ^[[32m✓^[[39m produkční zapojení automatických aktualizací^[[2m > ^[[22mpři předání instalace dovolí zavřít panel a nepřijme novou aktivitu^[[32m 64^[[2mms^[[22m^[[39m
gates	Run npm run gates	2026-09-23T10:33:47.5239368Z    ^[[32m✓^[[39m produkční zapojení automatických aktualizací^[[2m > ^[[22mošetří odmítnutí downloadPromise bez nezachycené chyby^[[32m 57^[[2mms^[[22m^[[39m
gates	Run npm run gates	2026-09-23T10:33:47.5240603Z    ^[[32m✓^[[39m produkční zapojení automatických aktualizací^[[2m > ^[[22mpo asynchronní chybě instalace bezpečně dovolí další pokus^[[32m 112^[[2mms^[[22m^[[39m
gates	Run npm run gates	2026-09-23T10:33:47.5241886Z    ^[[32m✓^[[39m produkční zapojení automatických aktualizací^[[2m > ^[[22mv zabaleném E2E běhu updater vůbec nespustí^[[32m 4^[[2mms^[[22m^[[39m
gates	Run npm run gates	2026-09-23T10:33:47.5243086Z    ^[[32m✓^[[39m selhání otevření prohlížeče z menu lišty^[[2m > ^[[22mkdyž prohlížeč nejde otevřít, řekne to dialogem a nabídne adresu^[[32m 10^[[2mms^[[22m^[[39m
gates	Run npm run gates	2026-09-23T10:33:47.5244283Z    ^[[32m✓^[[39m selhání otevření prohlížeče z menu lišty^[[2m > ^[[22mkdyž se prohlížeč otevře, žádný dialog nevyskočí^[[32m 8^[[2mms^[[22m^[[39m
gates	Run npm run gates	2026-09-23T10:33:47.5245411Z    ^[[32m✓^[[39m plošná pojistka nad každým webContents^[[2m > ^[[22mzakáže navigaci mimo vlastní dokumenty a vlastní pustí^[[32m 6^[[2mms^[[22m^[[39m
gates	Run npm run gates	2026-09-23T10:33:47.5246620Z    ^[[32m✓^[[39m plošná pojistka nad každým webContents^[[2m > ^[[22mnové okno nikdy neotevře; https pošle do systémového prohlížeče^[[32m 2^[[2mms^[[22m^[[39m
gates	Run npm run gates	2026-09-23T10:33:47.5247678Z    ^[[32m✓^[[39m plošná pojistka nad každým webContents^[[2m > ^[[22modmítne připojení <webview>^[[32m 1^[[2mms^[[22m^[[39m
gates	Run npm run gates	2026-09-23T10:33:47.5248958Z    ^[[32m✓^[[39m viditelnost automatických aktualizací v panelu^[[2m > ^[[22mverze je přítomná bez interakce (dokončený onboarding: true)^[[32m 34^[[2mms^[[22m^[[39m
gates	Run npm run gates	2026-09-23T10:33:47.5250289Z    ^[[32m✓^[[39m viditelnost automatických aktualizací v panelu^[[2m > ^[[22mverze je přítomná bez interakce (dokončený onboarding: false)^[[32m 25^[[2mms^[[22m^[[39m
gates	Run npm run gates	2026-09-23T10:33:47.5251630Z    ^[[32m✓^[[39m viditelnost automatických aktualizací v panelu^[[2m > ^[[22mdostupnost a skutečný průběh projdou z updater události přes IPC do živého panelu^[[32m 30^[[2mms^[[22m^[[39m
gates	Run npm run gates	2026-09-23T10:33:47.5253181Z    ^[[33m^[[2m✓^[[22m^[[39m viditelnost automatických aktualizací v panelu^[[2m > ^[[22mopožděný počáteční snapshot nepřepíše novější událost o dostupné verzi ^[[33m 551^[[2mms^[[22m^[[39m
gates	Run npm run gates	2026-09-23T10:33:47.5254552Z    ^[[32m✓^[[39m viditelnost automatických aktualizací v panelu^[[2m > ^[[22mstažení doručí verzi do živého panelu a recording dál blokuje instalaci^[[32m 58^[[2mms^[[22m^[[39m
gates	Run npm run gates	2026-09-23T10:33:47.5255914Z    ^[[32m✓^[[39m viditelnost automatických aktualizací v panelu^[[2m > ^[[22mstažení doručí verzi do živého panelu a tracking dál blokuje instalaci^[[32m 177^[[2mms^[[22m^[[39m
gates	Run npm run gates	2026-09-23T10:33:47.5256964Z    ^[[32m✓^[[39m viditelnost automatických aktualizací v panelu^[[2m > ^[[22mpanel otevřený až po stažení vyzvedne uložený stav přes preload^[[32m 98^[[2mms^[[22m^[[39m
gates	Run npm run gates	2026-09-23T10:33:47.5257862Z    ^[[32m✓^[[39m viditelnost automatických aktualizací v panelu^[[2m > ^[[22mpřipomínku aktualizace zachová i během přihlášení a prvního nastavení^[[32m 27^[[2mms^[[22m^[[39m
gates	Run npm run gates	2026-09-23T10:33:47.5259611Z    ^[[32m✓^[[39m viditelnost automatických aktualizací v panelu^[[2m > ^[[22mjedna ani dvě chyby nevarují; třetí varuje a úspěch hlášku i počítadlo vynuluje^[[32m 11^[[2mms^[[22m^[[39m
gates	Run npm run gates	2026-09-23T10:33:47.5260814Z    ^[[32m✓^[[39m viditelnost automatických aktualizací v panelu^[[2m > ^[[22mjednotlivé chyby oddělené úspěchem se nesčítají^[[32m 10^[[2mms^[[22m^[[39m
gates	Run npm run gates	2026-09-23T10:33:47.5262115Z    ^[[32m✓^[[39m viditelnost automatických aktualizací v panelu^[[2m > ^[[22mopakované odmítnutí downloadPromise se také dostane do panelu^[[32m 12^[[2mms^[[22m^[[39m
gates	Run npm run gates	2026-09-23T10:33:47.5262970Z    ^[[32m✓^[[39m viditelnost automatických aktualizací v panelu^[[2m > ^[[22maktualizační IPC odmítne cizí frame i neočekávaný payload^[[32m 9^[[2mms^[[22m^[[39m
gates	Run npm run gates	2026-09-23T10:33:47.5264052Z    ^[[33m^[[2m✓^[[22m^[[39m viditelnost automatických aktualizací v panelu^[[2m > ^[[22mskutečné settings IPC načte nabídku a uloží explicitní firmu stejné relace ^[[33m 662^[[2mms^[[22m^[[39m
gates	Run npm run gates	2026-09-23T10:33:47.5265207Z    ^[[32m✓^[[39m viditelnost automatických aktualizací v panelu^[[2m > ^[[22mnavigace Nastavení zneplatní výběr čekající uvnitř company CAS^[[32m 263^[[2mms^[[22m^[[39m
gates	Run npm run gates	2026-09-23T10:33:47.5266312Z    ^[[32m✓^[[39m viditelnost automatických aktualizací v panelu^[[2m > ^[[22mpreload výběru firmy posílá přesně dva validované argumenty^[[32m 1^[[2mms^[[22m^[[39m
gates	Run npm run gates	2026-09-23T10:33:47.6663411Z  ^[[32m✓^[[39m tests/ui-smoke.test.js ^[[2m(^[[22m^[[2m17 tests^[[22m^[[2m)^[[22m^[[32m 13^[[2mms^[[22m^[[39m
gates	Run npm run gates	2026-09-23T10:33:47.7931200Z  ^[[32m✓^[[39m tests/auth-cancellation-storage.test.js ^[[2m(^[[22m^[[2m11 tests^[[22m^[[2m)^[[22m^[[33m 419^[[2mms^[[22m^[[39m
gates	Run npm run gates	2026-09-23T10:33:48.0026327Z  ^[[32m✓^[[39m tests/zapojeni-odhlaseni.test.js ^[[2m(^[[22m^[[2m12 tests^[[22m^[[2m | ^[[22m^[[33m1 skipped^[[39m^[[2m)^[[22m^[[32m 7^[[2mms^[[22m^[[39m
gates	Run npm run gates	2026-09-23T10:33:48.1653044Z  ^[[32m✓^[[39m tests/tray-ikony.test.js ^[[2m(^[[22m^[[2m9 tests^[[22m^[[2m)^[[22m^[[33m 327^[[2mms^[[22m^[[39m
gates	Run npm run gates	2026-09-23T10:33:48.1890009Z  ^[[32m✓^[[39m tests/session-reentry.test.js ^[[2m(^[[22m^[[2m12 tests^[[22m^[[2m)^[[22m^[[33m 2750^[[2mms^[[22m^[[39m
gates	Run npm run gates	2026-09-23T10:33:48.1891377Z    ^[[33m^[[2m✓^[[22m^[[39m návrat do aplikace po ztrátě session^[[2m > ^[[22mdokončení úvodního průvodce bez platné relace otevře nový přihlašovací krok ^[[33m 1281^[[2mms^[[22m^[[39m
gates	Run npm run gates	2026-09-23T10:33:48.1892685Z    ^[[33m^[[2m✓^[[22m^[[39m oznámení změny session mezi okny^[[2m > ^[[22motevřená okna zjistí vypršení bez změny fokusu a panel nabídne nové přihlášení ^[[33m 1151^[[2mms^[[22m^[[39m
gates	Run npm run gates	2026-09-23T10:33:48.5065065Z  ^[[32m✓^[[39m tests/auth-refresh.test.js ^[[2m(^[[22m^[[2m10 tests^[[22m^[[2m)^[[22m^[[33m 318^[[2mms^[[22m^[[39m
gates	Run npm run gates	2026-09-23T10:33:49.2641962Z  ^[[32m✓^[[39m tests/settings-persistence.test.js ^[[2m(^[[22m^[[2m31 tests^[[22m^[[2m)^[[22m^[[33m 566^[[2mms^[[22m^[[39m
gates	Run npm run gates	2026-09-23T10:33:49.2644862Z    ^[[33m^[[2m✓^[[22m^[[39m perzistence vypínače odesílání ve společném nastavení^[[2m > ^[[22mzápisy vypínače a Docku se zachovají navzájem a přežijí restart ^[[33m 306^[[2mms^[[22m^[[39m
gates	Run npm run gates	2026-09-23T10:33:49.4780011Z  ^[[32m✓^[[39m tests/settings-audio-test.test.js ^[[2m(^[[22m^[[2m10 tests^[[22m^[[2m)^[[22m^[[33m 496^[[2mms^[[22m^[[39m
gates	Run npm run gates	2026-09-23T10:33:49.9834896Z  ^[[32m✓^[[39m tests/desktop-progress.test.js ^[[2m(^[[22m^[[2m3 tests^[[22m^[[2m)^[[22m^[[32m 297^[[2mms^[[22m^[[39m
gates	Run npm run gates	2026-09-23T10:33:50.6313401Z  ^[[32m✓^[[39m tests/packaging.test.js ^[[2m(^[[22m^[[2m6 tests^[[22m^[[2m)^[[22m^[[33m 1199^[[2mms^[[22m^[[39m
gates	Run npm run gates	2026-09-23T10:33:50.6314981Z    ^[[33m^[[2m✓^[[22m^[[39m kontrakt electron-builderu^[[2m > ^[[22mbez podpisových proměnných provede nepodepsaný build plán a nespadne ^[[33m 616^[[2mms^[[22m^[[39m
gates	Run npm run gates	2026-09-23T10:33:50.6316238Z    ^[[33m^[[2m✓^[[22m^[[39m kontrakt electron-builderu^[[2m > ^[[22múplná tajemství zapnou podpis a notarizaci, ale nikdy se nevypíší ^[[33m 538^[[2mms^[[22m^[[39m
gates	Run npm run gates	2026-09-23T10:33:50.8760319Z  ^[[32m✓^[[39m tests/diagnostics.test.js ^[[2m(^[[22m^[[2m6 tests^[[22m^[[2m)^[[22m^[[32m 44^[[2mms^[[22m^[[39m
gates	Run npm run gates	2026-09-23T10:33:51.4748056Z  ^[[32m✓^[[39m tests/auth-error-screens.test.js ^[[2m(^[[22m^[[2m13 tests^[[22m^[[2m)^[[22m^[[33m 758^[[2mms^[[22m^[[39m
gates	Run npm run gates	2026-09-23T10:33:51.8097441Z  ^[[32m✓^[[39m tests/volba-firmy-v-relaci.test.js ^[[2m(^[[22m^[[2m14 tests^[[22m^[[2m)^[[22m^[[32m 146^[[2mms^[[22m^[[39m
gates	Run npm run gates	2026-09-23T10:33:51.8897086Z  ^[[32m✓^[[39m tests/nazev-zarizeni.test.js ^[[2m(^[[22m^[[2m8 tests^[[22m^[[2m)^[[22m^[[32m 221^[[2mms^[[22m^[[39m
gates	Run npm run gates	2026-09-23T10:33:52.0041921Z  ^[[32m✓^[[39m tests/permissions.test.js ^[[2m(^[[22m^[[2m18 tests^[[22m^[[2m)^[[22m^[[32m 12^[[2mms^[[22m^[[39m
gates	Run npm run gates	2026-09-23T10:33:52.8485804Z  ^[[32m✓^[[39m tests/zkratky-bez-kryti.test.js ^[[2m(^[[22m^[[2m9 tests^[[22m^[[2m)^[[22m^[[32m 204^[[2mms^[[22m^[[39m
gates	Run npm run gates	2026-09-23T10:33:53.1429437Z  ^[[32m✓^[[39m tests/settings-audio-permissions.test.js ^[[2m(^[[22m^[[2m11 tests^[[22m^[[2m)^[[22m^[[32m 24^[[2mms^[[22m^[[39m
gates	Run npm run gates	2026-09-23T10:33:53.7170692Z  ^[[32m✓^[[39m tests/tracking-card.test.js ^[[2m(^[[22m^[[2m10 tests^[[22m^[[2m)^[[22m^[[33m 957^[[2mms^[[22m^[[39m
gates	Run npm run gates	2026-09-23T10:33:53.7171969Z    ^[[33m^[[2m✓^[[22m^[[39m LuTrack jako ukázka (compact=false)^[[2m > ^[[22mhned po vykreslení bez interakce viditelně říká, že se čas nikam neuloží ^[[33m 357^[[2mms^[[22m^[[39m
gates	Run npm run gates	2026-09-23T10:33:53.9786401Z  ^[[32m✓^[[39m tests/upload-company-selection.test.js ^[[2m(^[[22m^[[2m12 tests^[[22m^[[2m)^[[22m^[[32m 68^[[2mms^[[22m^[[39m
gates	Run npm run gates	2026-09-23T10:33:54.2217207Z  ^[[32m✓^[[39m tests/tray-space-warning.test.js ^[[2m(^[[22m^[[2m4 tests^[[22m^[[2m)^[[22m^[[32m 233^[[2mms^[[22m^[[39m
gates	Run npm run gates	2026-09-23T10:33:54.2232846Z  ^[[32m✓^[[39m tests/manifest.test.js ^[[2m(^[[22m^[[2m10 tests^[[22m^[[2m)^[[22m^[[32m 20^[[2mms^[[22m^[[39m
gates	Run npm run gates	2026-09-23T10:33:54.6060365Z  ^[[32m✓^[[39m tests/media-encoder.test.js ^[[2m(^[[22m^[[2m7 tests^[[22m^[[2m)^[[22m^[[32m 172^[[2mms^[[22m^[[39m
gates	Run npm run gates	2026-09-23T10:33:54.7972505Z  ^[[32m✓^[[39m tests/fronta-neztrati.test.js ^[[2m(^[[22m^[[2m8 tests^[[22m^[[2m)^[[22m^[[32m 6^[[2mms^[[22m^[[39m
gates	Run npm run gates	2026-09-23T10:33:54.8303834Z  ^[[32m✓^[[39m tests/ikona-aplikace.test.js ^[[2m(^[[22m^[[2m4 tests^[[22m^[[2m)^[[22m^[[33m 6484^[[2mms^[[22m^[[39m
gates	Run npm run gates	2026-09-23T10:33:54.8305528Z    ^[[33m^[[2m✓^[[22m^[[39m ikona aplikace^[[2m > ^[[22mbuild.mac.icon ukazuje na existující neprázdnou sadu ICNS ^[[33m 1561^[[2mms^[[22m^[[39m
gates	Run npm run gates	2026-09-23T10:33:54.8306978Z    ^[[33m^[[2m✓^[[22m^[[39m ikona aplikace^[[2m > ^[[22mgenerátor vytváří všech deset PNG a reprodukovatelné ICNS ^[[33m 1217^[[2mms^[[22m^[[39m
gates	Run npm run gates	2026-09-23T10:33:54.8309051Z    ^[[33m^[[2m✓^[[22m^[[39m ikona aplikace^[[2m > ^[[22mzměna sdílených bodů, šířky i plátna mění glyf aplikace i lišty ^[[33m 3097^[[2mms^[[22m^[[39m
gates	Run npm run gates	2026-09-23T10:33:54.8314447Z    ^[[33m^[[2m✓^[[22m^[[39m ikona aplikace^[[2m > ^[[22mbalení vytvoří chybějící ikonu dříve, než spustí electron-builder ^[[33m 607^[[2mms^[[22m^[[39m
gates	Run npm run gates	2026-09-23T10:33:55.0463101Z  ^[[32m✓^[[39m tests/zjisteni-firmy.test.js ^[[2m(^[[22m^[[2m10 tests^[[22m^[[2m)^[[22m^[[32m 14^[[2mms^[[22m^[[39m
gates	Run npm run gates	2026-09-23T10:33:55.0609921Z  ^[[32m✓^[[39m tests/meeting-upload.test.js ^[[2m(^[[22m^[[2m2 tests^[[22m^[[2m)^[[22m^[[32m 17^[[2mms^[[22m^[[39m
gates	Run npm run gates	2026-09-23T10:33:55.1884963Z  ^[[32m✓^[[39m tests/recordings-status.test.js ^[[2m(^[[22m^[[2m2 tests^[[22m^[[2m)^[[22m^[[32m 167^[[2mms^[[22m^[[39m
gates	Run npm run gates	2026-09-23T10:33:55.3267879Z  ^[[32m✓^[[39m tests/media-encoder-packaging.test.js ^[[2m(^[[22m^[[2m4 tests^[[22m^[[2m)^[[22m^[[32m 40^[[2mms^[[22m^[[39m
gates	Run npm run gates	2026-09-23T10:33:55.3298533Z ^[[90mstdout^[[2m | tests/verify-macos-release.test.js^[[2m > ^[[22m^[[2mověření podepsaného macOS releasu^[[2m > ^[[22m^[[2mmapuje x64 na Mach-O x86_64 a ověří aplikace uvnitř read-only DMG i ZIP
gates	Run npm run gates	2026-09-23T10:33:55.3329792Z ^[[22m^[[39mPASS DMG obraz a vložená aplikace: LuDone-Desktop-0.1.4-arm64.dmg
gates	Run npm run gates	2026-09-23T10:33:55.3344216Z 
gates	Run npm run gates	2026-09-23T10:33:55.3345768Z ^[[90mstdout^[[2m | tests/verify-macos-release.test.js^[[2m > ^[[22m^[[2mověření podepsaného macOS releasu^[[2m > ^[[22m^[[2mmapuje x64 na Mach-O x86_64 a ověří aplikace uvnitř read-only DMG i ZIP
gates	Run npm run gates	2026-09-23T10:33:55.3347631Z ^[[22m^[[39mPASS DMG obraz a vložená aplikace: LuDone-Desktop-0.1.4-x64.dmg
gates	Run npm run gates	2026-09-23T10:33:55.3348086Z 
gates	Run npm run gates	2026-09-23T10:33:55.3349257Z ^[[90mstdout^[[2m | tests/verify-macos-release.test.js^[[2m > ^[[22m^[[2mověření podepsaného macOS releasu^[[2m > ^[[22m^[[2mmapuje x64 na Mach-O x86_64 a ověří aplikace uvnitř read-only DMG i ZIP
gates	Run npm run gates	2026-09-23T10:33:55.3350569Z ^[[22m^[[39mPASS ZIP aplikace, architektura, podpis a notarizace: LuDone-Desktop-0.1.4-arm64.zip
gates	Run npm run gates	2026-09-23T10:33:55.3351281Z 
gates	Run npm run gates	2026-09-23T10:33:55.3352175Z ^[[90mstdout^[[2m | tests/verify-macos-release.test.js^[[2m > ^[[22m^[[2mověření podepsaného macOS releasu^[[2m > ^[[22m^[[2mmapuje x64 na Mach-O x86_64 a ověří aplikace uvnitř read-only DMG i ZIP
gates	Run npm run gates	2026-09-23T10:33:55.3353264Z ^[[22m^[[39mPASS ZIP aplikace, architektura, podpis a notarizace: LuDone-Desktop-0.1.4-x64.zip
gates	Run npm run gates	2026-09-23T10:33:55.3353878Z 
gates	Run npm run gates	2026-09-23T10:33:55.3439403Z  ^[[32m✓^[[39m tests/verify-macos-release.test.js ^[[2m(^[[22m^[[2m2 tests^[[22m^[[2m)^[[22m^[[32m 52^[[2mms^[[22m^[[39m
gates	Run npm run gates	2026-09-23T10:33:55.5736090Z  ^[[32m✓^[[39m tests/proc-je-ticho.test.js ^[[2m(^[[22m^[[2m15 tests^[[22m^[[2m)^[[22m^[[32m 10^[[2mms^[[22m^[[39m
gates	Run npm run gates	2026-09-23T10:33:55.5860274Z  ^[[32m✓^[[39m tests/seznam-firem.test.js ^[[2m(^[[22m^[[2m10 tests^[[22m^[[2m)^[[22m^[[32m 9^[[2mms^[[22m^[[39m
gates	Run npm run gates	2026-09-23T10:33:55.7980928Z  ^[[32m✓^[[39m tests/queue-scheduler.test.js ^[[2m(^[[22m^[[2m8 tests^[[22m^[[2m)^[[22m^[[32m 14^[[2mms^[[22m^[[39m
gates	Run npm run gates	2026-09-23T10:33:55.8310388Z  ^[[32m✓^[[39m tests/auth-panel-blur-guard.test.js ^[[2m(^[[22m^[[2m6 tests^[[22m^[[2m)^[[22m^[[32m 10^[[2mms^[[22m^[[39m
gates	Run npm run gates	2026-09-23T10:33:56.0538573Z  ^[[32m✓^[[39m tests/release-artifacts.test.js ^[[2m(^[[22m^[[2m4 tests^[[22m^[[2m)^[[22m^[[32m 64^[[2mms^[[22m^[[39m
gates	Run npm run gates	2026-09-23T10:33:56.0603957Z  ^[[32m✓^[[39m tests/kalendar-zrusen.test.js ^[[2m(^[[22m^[[2m4 tests^[[22m^[[2m | ^[[22m^[[33m1 skipped^[[39m^[[2m)^[[22m^[[32m 12^[[2mms^[[22m^[[39m
gates	Run npm run gates	2026-09-23T10:33:56.2920961Z  ^[[32m✓^[[39m tests/pisma.test.js ^[[2m(^[[22m^[[2m4 tests^[[22m^[[2m)^[[22m^[[32m 9^[[2mms^[[22m^[[39m
gates	Run npm run gates	2026-09-23T10:33:56.3244395Z  ^[[32m✓^[[39m tests/upload-company-selector.test.js ^[[2m(^[[22m^[[2m4 tests^[[22m^[[2m)^[[22m^[[32m 216^[[2mms^[[22m^[[39m
gates	Run npm run gates	2026-09-23T10:33:56.3286782Z  ^[[32m✓^[[39m tests/publish-release-remote.test.js ^[[2m(^[[22m^[[2m2 tests^[[22m^[[2m)^[[22m^[[32m 38^[[2mms^[[22m^[[39m
gates	Run npm run gates	2026-09-23T10:33:56.4997948Z  ^[[32m✓^[[39m tests/firma-pro-odeslani.test.js ^[[2m(^[[22m^[[2m8 tests^[[22m^[[2m)^[[22m^[[32m 9^[[2mms^[[22m^[[39m
gates	Run npm run gates	2026-09-23T10:33:56.5263688Z  ^[[32m✓^[[39m tests/panel-blur-guard.test.js ^[[2m(^[[22m^[[2m6 tests^[[22m^[[2m)^[[22m^[[32m 3^[[2mms^[[22m^[[39m
gates	Run npm run gates	2026-09-23T10:33:56.5602003Z  ^[[32m✓^[[39m tests/fronta-symetrie.test.js ^[[2m(^[[22m^[[2m3 tests^[[22m^[[2m)^[[22m^[[32m 4^[[2mms^[[22m^[[39m
gates	Run npm run gates	2026-09-23T10:33:56.7732524Z  ^[[32m✓^[[39m tests/verify-published-release.test.js ^[[2m(^[[22m^[[2m7 tests^[[22m^[[2m)^[[22m^[[32m 15^[[2mms^[[22m^[[39m
gates	Run npm run gates	2026-09-23T10:33:56.7797566Z  ^[[32m✓^[[39m tests/auth-wait-lifecycle.test.js ^[[2m(^[[22m^[[2m2 tests^[[22m^[[2m)^[[22m^[[32m 48^[[2mms^[[22m^[[39m
gates	Run npm run gates	2026-09-23T10:33:56.8173730Z  ^[[32m✓^[[39m tests/oauth-state.test.js ^[[2m(^[[22m^[[2m10 tests^[[22m^[[2m)^[[22m^[[32m 13^[[2mms^[[22m^[[39m
gates	Run npm run gates	2026-09-23T10:33:56.9929961Z  ^[[32m✓^[[39m tests/opravneni-k-odesilani.test.js ^[[2m(^[[22m^[[2m14 tests^[[22m^[[2m)^[[22m^[[32m 6^[[2mms^[[22m^[[39m
gates	Run npm run gates	2026-09-23T10:33:57.0322808Z  ^[[32m✓^[[39m tests/release-workflow.test.js ^[[2m(^[[22m^[[2m4 tests^[[22m^[[2m)^[[22m^[[32m 11^[[2mms^[[22m^[[39m
gates	Run npm run gates	2026-09-23T10:33:57.2213475Z  ^[[32m✓^[[39m tests/brany-workflow.test.js ^[[2m(^[[22m^[[2m5 tests^[[22m^[[2m)^[[22m^[[32m 5^[[2mms^[[22m^[[39m
gates	Run npm run gates	2026-09-23T10:33:57.2767154Z  ^[[32m✓^[[39m tests/pkce.test.js ^[[2m(^[[22m^[[2m5 tests^[[22m^[[2m)^[[22m^[[32m 6^[[2mms^[[22m^[[39m
gates	Run npm run gates	2026-09-23T10:33:57.4210694Z  ^[[32m✓^[[39m tests/barvy.test.js ^[[2m(^[[22m^[[2m1 test^[[22m^[[2m)^[[22m^[[32m 4^[[2mms^[[22m^[[39m
gates	Run npm run gates	2026-09-23T10:33:57.4960508Z  ^[[32m✓^[[39m tests/electron-verze.test.js ^[[2m(^[[22m^[[2m3 tests^[[22m^[[2m)^[[22m^[[32m 3^[[2mms^[[22m^[[39m
gates	Run npm run gates	2026-09-23T10:33:57.6638374Z  ^[[32m✓^[[39m tests/recording-order-guard.test.js ^[[2m(^[[22m^[[2m1 test^[[22m^[[2m)^[[22m^[[32m 3^[[2mms^[[22m^[[39m
gates	Run npm run gates	2026-09-23T10:33:57.8137109Z  ^[[32m✓^[[39m tests/main-entry.test.js ^[[2m(^[[22m^[[2m1 test^[[22m^[[2m)^[[22m^[[32m 82^[[2mms^[[22m^[[39m
gates	Run npm run gates	2026-09-23T10:33:57.8752954Z  ^[[32m✓^[[39m tests/queue-card-labels.test.js ^[[2m(^[[22m^[[2m5 tests^[[22m^[[2m)^[[22m^[[32m 183^[[2mms^[[22m^[[39m
gates	Run npm run gates	2026-09-23T10:33:57.8890211Z  ^[[32m✓^[[39m tests/auth-timeout-guard.test.js ^[[2m(^[[22m^[[2m2 tests^[[22m^[[2m)^[[22m^[[32m 2^[[2mms^[[22m^[[39m
gates	Run npm run gates	2026-09-23T10:33:58.4111540Z  ^[[32m✓^[[39m tests/zachyceni-zdroju.test.js ^[[2m(^[[22m^[[2m3 tests^[[22m^[[2m)^[[22m^[[32m 4^[[2mms^[[22m^[[39m
gates	Run npm run gates	2026-09-23T10:33:58.4355984Z 
gates	Run npm run gates	2026-09-23T10:33:58.4357790Z ^[[31m⎯⎯⎯⎯⎯⎯⎯^[[39m^[[1m^[[41m Failed Tests 1 ^[[49m^[[22m^[[31m⎯⎯⎯⎯⎯⎯⎯^[[39m
gates	Run npm run gates	2026-09-23T10:33:58.4358386Z 
gates	Run npm run gates	2026-09-23T10:33:58.4359577Z ^[[41m^[[1m FAIL ^[[22m^[[49m tests/queue-wiring.test.js^[[2m > ^[[22mbezpečné ukončení aplikace^[[2m > ^[[22mpočká na rozpracovaný start LuTracku a pak jej čistě zastaví
gates	Run npm run gates	2026-09-23T10:33:58.4371442Z ^[[31m^[[1mAssertionError^[[22m: expected "spy" to be called once, but got 0 times^[[39m
gates	Run npm run gates	2026-09-23T10:33:58.4372256Z ^[[36m ^[[2m❯^[[22m tests/queue-wiring.test.js:^[[2m6918:62^[[22m^[[39m
gates	Run npm run gates	2026-09-23T10:33:58.4400016Z     ^[[90m6916| ^[[39m    expect(quitEvent.preventDefault).toHaveBeenCalledOnce();
gates	Run npm run gates	2026-09-23T10:33:58.4401035Z     ^[[90m6917| ^[[39m    await vi.waitFor(() => expect(trackingStore.stop).toHaveBeenCalled…
gates	Run npm run gates	2026-09-23T10:33:58.4402009Z     ^[[90m6918| ^[[39m    await vi.waitFor(() => expect(harness.electron.app.quit).toHaveBee…
gates	Run npm run gates	2026-09-23T10:33:58.4402410Z 
gates	Run npm run gates	2026-09-23T10:33:58.4402925Z     ^[[90m   | ^[[39m                                                             ^[[31m^^[[39m
gates	Run npm run gates	2026-09-23T10:33:58.4403599Z     ^[[90m6919| ^[[39m    expect(state.aktualni).toBeNull();
gates	Run npm run gates	2026-09-23T10:33:58.4404228Z     ^[[90m6920| ^[[39m    expect(state.uzavrene).toHaveLength(1);
gates	Run npm run gates	2026-09-23T10:33:58.4404587Z 
gates	Run npm run gates	2026-09-23T10:33:58.4404949Z ^[[31m^[[2m⎯⎯⎯⎯⎯⎯⎯⎯⎯⎯⎯⎯⎯⎯⎯⎯⎯⎯⎯⎯⎯⎯⎯⎯[1/1]⎯^[[22m^[[39m
gates	Run npm run gates	2026-09-23T10:33:58.4420509Z 
gates	Run npm run gates	2026-09-23T10:33:58.4421753Z ^[[2m Test Files ^[[22m ^[[1m^[[31m1 failed^[[39m^[[22m^[[2m | ^[[22m^[[1m^[[32m75 passed^[[39m^[[22m^[[90m (76)^[[39m
gates	Run npm run gates	2026-09-23T10:33:58.4423218Z ^[[2m      Tests ^[[22m ^[[1m^[[31m1 failed^[[39m^[[22m^[[2m | ^[[22m^[[1m^[[32m1553 passed^[[39m^[[22m^[[2m | ^[[22m^[[33m3 skipped^[[39m^[[90m (1557)^[[39m
gates	Run npm run gates	2026-09-23T10:33:58.4423990Z ^[[2m   Start at ^[[22m 10:33:28
gates	Run npm run gates	2026-09-23T10:33:58.4424868Z ^[[2m   Duration ^[[22m 30.13s^[[2m (transform 1.31s, setup 458ms, collect 13.35s, tests 60.87s, environment 395ms, prepare 5.03s)^[[22m
gates	Run npm run gates	2026-09-23T10:33:58.4425496Z 
gates	Run npm run gates	2026-09-23T10:33:58.4447352Z 
gates	Run npm run gates	2026-09-23T10:33:58.4474030Z ##[error]AssertionError: expected "spy" to be called once, but got 0 times
gates	Run npm run gates	 ❯ tests/queue-wiring.test.js:6918:62
gates	Run npm run gates	
gates	Run npm run gates	
gates	Run npm run gates	2026-09-23T10:33:58.5223726Z ##[error]Process completed with exit code 1.
