$ gh run view 35852937848 --log
macos	Set up job	﻿2026-09-23T11:10:03.3012280Z Current runner version: '2.337.0'
macos	Set up job	2026-09-23T11:10:03.3028570Z ##[group]Runner Image Provisioner
macos	Set up job	2026-09-23T11:10:03.3029310Z Hosted Compute Agent
macos	Set up job	2026-09-23T11:10:03.3029850Z Version: 20260828.587
macos	Set up job	2026-09-23T11:10:03.3030450Z Commit: abac92662cab4cc7352de4f9f9d2e2419aad9c29
macos	Set up job	2026-09-23T11:10:03.3031100Z Build Date: 2026-08-28T16:44:25Z
macos	Set up job	2026-09-23T11:10:03.3031730Z Worker ID: {b3879bd7-c8c0-40f7-90e5-d9becf850866}
macos	Set up job	2026-09-23T11:10:03.3032340Z Azure Region: westus
macos	Set up job	2026-09-23T11:10:03.3032880Z ##[endgroup]
macos	Set up job	2026-09-23T11:10:03.3033900Z ##[group]Operating System
macos	Set up job	2026-09-23T11:10:03.3034530Z macOS
macos	Set up job	2026-09-23T11:10:03.3035010Z 14.8.9
macos	Set up job	2026-09-23T11:10:03.3035500Z 23J631
macos	Set up job	2026-09-23T11:10:03.3035980Z ##[endgroup]
macos	Set up job	2026-09-23T11:10:03.3036490Z ##[group]Runner Image
macos	Set up job	2026-09-23T11:10:03.3037020Z Image: macos-14-arm64
macos	Set up job	2026-09-23T11:10:03.3037530Z Version: 20260831.0302.1
macos	Set up job	2026-09-23T11:10:03.3038440Z Included Software: https://github.com/actions/runner-images/blob/macos-14-arm64/20260831.0302/images/macos/macos-14-arm64-Readme.md
macos	Set up job	2026-09-23T11:10:03.3039700Z Image Release: https://github.com/actions/runner-images/releases/tag/macos-14-arm64%2F20260831.0302
macos	Set up job	2026-09-23T11:10:03.3040510Z ##[endgroup]
macos	Set up job	2026-09-23T11:10:03.3041440Z ##[group]GITHUB_TOKEN Permissions
macos	Set up job	2026-09-23T11:10:03.3042670Z Contents: read
macos	Set up job	2026-09-23T11:10:03.3043160Z Metadata: read
macos	Set up job	2026-09-23T11:10:03.3043650Z ##[endgroup]
macos	Set up job	2026-09-23T11:10:03.3045130Z Secret source: Actions
macos	Set up job	2026-09-23T11:10:03.3046260Z Cache mode: write
macos	Set up job	2026-09-23T11:10:03.3047020Z Prepare workflow directory
macos	Set up job	2026-09-23T11:10:03.3271850Z Prepare all required actions
macos	Set up job	2026-09-23T11:10:03.3305820Z Getting action download info
macos	Set up job	2026-09-23T11:10:03.7656270Z Download action repository 'actions/checkout@v4' (SHA:11d5960a326750d5838078e36cf38b85af677262)
macos	Set up job	2026-09-23T11:10:04.0183600Z Download action repository 'actions/setup-node@v4' (SHA:49933ea5288caeca8642d1e84afbd3f7d6820020)
macos	Set up job	2026-09-23T11:10:04.1104540Z Download action repository 'actions/upload-artifact@v4' (SHA:ea165f8d65b6e75b540449e92b4886f43607fa02)
macos	Set up job	2026-09-23T11:10:04.2702540Z Complete job name: macos
macos	Run actions/checkout@v4	﻿2026-09-23T11:10:04.3196690Z Node 20 is being deprecated. This workflow is running with Node 24 by default. If you need to temporarily use Node 20, you can set the ACTIONS_ALLOW_USE_UNSECURE_NODE_VERSION=true environment variable. For more information see: https://github.blog/changelog/2025-09-19-deprecation-of-node-20-on-github-actions-runners/
macos	Run actions/checkout@v4	2026-09-23T11:10:04.3203910Z ##[group]Run actions/checkout@v4
macos	Run actions/checkout@v4	2026-09-23T11:10:04.3204550Z with:
macos	Run actions/checkout@v4	2026-09-23T11:10:04.3205060Z   persist-credentials: false
macos	Run actions/checkout@v4	2026-09-23T11:10:04.3205710Z   repository: Make-more-s-r-o/ludone-desktop
macos	Run actions/checkout@v4	2026-09-23T11:10:04.3209130Z   token: ***
macos	Run actions/checkout@v4	2026-09-23T11:10:04.3209590Z   ssh-strict: true
macos	Run actions/checkout@v4	2026-09-23T11:10:04.3210250Z   ssh-user: git
macos	Run actions/checkout@v4	2026-09-23T11:10:04.3210750Z   clean: true
macos	Run actions/checkout@v4	2026-09-23T11:10:04.3211250Z   sparse-checkout-cone-mode: true
macos	Run actions/checkout@v4	2026-09-23T11:10:04.3211850Z   fetch-depth: 1
macos	Run actions/checkout@v4	2026-09-23T11:10:04.3212390Z   fetch-tags: false
macos	Run actions/checkout@v4	2026-09-23T11:10:04.3212870Z   show-progress: true
macos	Run actions/checkout@v4	2026-09-23T11:10:04.3213360Z   lfs: false
macos	Run actions/checkout@v4	2026-09-23T11:10:04.3213800Z   submodules: false
macos	Run actions/checkout@v4	2026-09-23T11:10:04.3214360Z   set-safe-directory: true
macos	Run actions/checkout@v4	2026-09-23T11:10:04.3214890Z   allow-unsafe-pr-checkout: false
macos	Run actions/checkout@v4	2026-09-23T11:10:04.3215620Z ##[endgroup]
macos	Run actions/checkout@v4	2026-09-23T11:10:04.5466630Z Syncing repository: Make-more-s-r-o/ludone-desktop
macos	Run actions/checkout@v4	2026-09-23T11:10:04.5468770Z ##[group]Getting Git version info
macos	Run actions/checkout@v4	2026-09-23T11:10:04.5469640Z Working directory is '/Users/runner/work/ludone-desktop/ludone-desktop'
macos	Run actions/checkout@v4	2026-09-23T11:10:04.5481390Z [command]/opt/homebrew/bin/git version
macos	Run actions/checkout@v4	2026-09-23T11:10:04.5826080Z git version 2.55.0
macos	Run actions/checkout@v4	2026-09-23T11:10:04.5842440Z ##[endgroup]
macos	Run actions/checkout@v4	2026-09-23T11:10:04.5852040Z Copying '/Users/runner/.gitconfig' to '/Users/runner/work/_temp/8a14b84c-5e62-45c9-828a-a3300937bd5d/.gitconfig'
macos	Run actions/checkout@v4	2026-09-23T11:10:04.5869180Z Temporarily overriding HOME='/Users/runner/work/_temp/8a14b84c-5e62-45c9-828a-a3300937bd5d' before making global git config changes
macos	Run actions/checkout@v4	2026-09-23T11:10:04.5874810Z Adding repository directory to the temporary git global config as a safe directory
macos	Run actions/checkout@v4	2026-09-23T11:10:04.5883690Z [command]/opt/homebrew/bin/git config --global --add safe.directory /Users/runner/work/ludone-desktop/ludone-desktop
macos	Run actions/checkout@v4	2026-09-23T11:10:04.6054510Z Deleting the contents of '/Users/runner/work/ludone-desktop/ludone-desktop'
macos	Run actions/checkout@v4	2026-09-23T11:10:04.6061550Z ##[group]Initializing the repository
macos	Run actions/checkout@v4	2026-09-23T11:10:04.6071220Z [command]/opt/homebrew/bin/git init /Users/runner/work/ludone-desktop/ludone-desktop
macos	Run actions/checkout@v4	2026-09-23T11:10:04.6384370Z hint: Using 'master' as the name for the initial branch. This default branch name
macos	Run actions/checkout@v4	2026-09-23T11:10:04.6385500Z hint: will change to "main" in Git 3.0. To configure the initial branch name
macos	Run actions/checkout@v4	2026-09-23T11:10:04.6386400Z hint: to use in all of your new repositories, which will suppress this warning,
macos	Run actions/checkout@v4	2026-09-23T11:10:04.6387150Z hint: call:
macos	Run actions/checkout@v4	2026-09-23T11:10:04.6387620Z hint:
macos	Run actions/checkout@v4	2026-09-23T11:10:04.6388260Z hint: 	git config --global init.defaultBranch <name>
macos	Run actions/checkout@v4	2026-09-23T11:10:04.6388950Z hint:
macos	Run actions/checkout@v4	2026-09-23T11:10:04.6389550Z hint: Names commonly chosen instead of 'master' are 'main', 'trunk' and
macos	Run actions/checkout@v4	2026-09-23T11:10:04.6392380Z hint: 'development'. The just-created branch can be renamed via this command:
macos	Run actions/checkout@v4	2026-09-23T11:10:04.6393110Z hint:
macos	Run actions/checkout@v4	2026-09-23T11:10:04.6393690Z hint: 	git branch -m <name>
macos	Run actions/checkout@v4	2026-09-23T11:10:04.6394220Z hint:
macos	Run actions/checkout@v4	2026-09-23T11:10:04.6394890Z hint: Disable this message with "git config set advice.defaultBranchName false"
macos	Run actions/checkout@v4	2026-09-23T11:10:04.6395880Z Initialized empty Git repository in /Users/runner/work/ludone-desktop/ludone-desktop/.git/
macos	Run actions/checkout@v4	2026-09-23T11:10:04.6398320Z [command]/opt/homebrew/bin/git remote add origin https://github.com/Make-more-s-r-o/ludone-desktop
macos	Run actions/checkout@v4	2026-09-23T11:10:04.6493250Z ##[endgroup]
macos	Run actions/checkout@v4	2026-09-23T11:10:04.6494300Z ##[group]Disabling automatic garbage collection
macos	Run actions/checkout@v4	2026-09-23T11:10:04.6495760Z [command]/opt/homebrew/bin/git config --local gc.auto 0
macos	Run actions/checkout@v4	2026-09-23T11:10:04.6592210Z ##[endgroup]
macos	Run actions/checkout@v4	2026-09-23T11:10:04.6593940Z ##[group]Setting up auth
macos	Run actions/checkout@v4	2026-09-23T11:10:04.6604610Z [command]/opt/homebrew/bin/git config --local --name-only --get-regexp core\.sshCommand
macos	Run actions/checkout@v4	2026-09-23T11:10:04.6703120Z [command]/opt/homebrew/bin/git submodule foreach --recursive sh -c "git config --local --name-only --get-regexp 'core\.sshCommand' && git config --local --unset-all 'core.sshCommand' || :"
macos	Run actions/checkout@v4	2026-09-23T11:10:04.7951390Z [command]/opt/homebrew/bin/git config --local --name-only --get-regexp http\.https\:\/\/github\.com\/\.extraheader
macos	Run actions/checkout@v4	2026-09-23T11:10:04.8019660Z [command]/opt/homebrew/bin/git submodule foreach --recursive sh -c "git config --local --name-only --get-regexp 'http\.https\:\/\/github\.com\/\.extraheader' && git config --local --unset-all 'http.https://github.com/.extraheader' || :"
macos	Run actions/checkout@v4	2026-09-23T11:10:04.9101850Z [command]/opt/homebrew/bin/git config --local --name-only --get-regexp ^includeIf\.gitdir:
macos	Run actions/checkout@v4	2026-09-23T11:10:04.9159420Z [command]/opt/homebrew/bin/git submodule foreach --recursive git config --local --show-origin --name-only --get-regexp remote.origin.url
macos	Run actions/checkout@v4	2026-09-23T11:10:05.0189490Z [command]/opt/homebrew/bin/git config --local http.https://github.com/.extraheader AUTHORIZATION: basic ***
macos	Run actions/checkout@v4	2026-09-23T11:10:05.0244380Z ##[endgroup]
macos	Run actions/checkout@v4	2026-09-23T11:10:05.0246150Z ##[group]Fetching the repository
macos	Run actions/checkout@v4	2026-09-23T11:10:05.0249990Z [command]/opt/homebrew/bin/git -c protocol.version=2 fetch --no-tags --prune --no-recurse-submodules --depth=1 origin +cb47c7532e9cbc1c75c160f7528aadfc36f9d72f:refs/tags/v0.1.4
macos	Run actions/checkout@v4	2026-09-23T11:10:05.8582700Z From https://github.com/Make-more-s-r-o/ludone-desktop
macos	Run actions/checkout@v4	2026-09-23T11:10:05.8584860Z  * [new ref]         cb47c7532e9cbc1c75c160f7528aadfc36f9d72f -> v0.1.4
macos	Run actions/checkout@v4	2026-09-23T11:10:05.8589040Z ##[endgroup]
macos	Run actions/checkout@v4	2026-09-23T11:10:05.8590640Z ##[group]Determining the checkout info
macos	Run actions/checkout@v4	2026-09-23T11:10:05.8592410Z ##[endgroup]
macos	Run actions/checkout@v4	2026-09-23T11:10:05.8600550Z [command]/opt/homebrew/bin/git sparse-checkout disable
macos	Run actions/checkout@v4	2026-09-23T11:10:05.8696500Z [command]/opt/homebrew/bin/git config --local --unset-all extensions.worktreeConfig
macos	Run actions/checkout@v4	2026-09-23T11:10:05.8779120Z ##[group]Checking out the ref
macos	Run actions/checkout@v4	2026-09-23T11:10:05.8785420Z [command]/opt/homebrew/bin/git checkout --progress --force refs/tags/v0.1.4
macos	Run actions/checkout@v4	2026-09-23T11:10:06.0144310Z HEAD is now at cb47c75 Close stereo delivery plan after merge and CI verification (#147)
macos	Run actions/checkout@v4	2026-09-23T11:10:06.0159130Z ##[endgroup]
macos	Run actions/checkout@v4	2026-09-23T11:10:06.0267540Z [command]/opt/homebrew/bin/git log -1 --format=%H
macos	Run actions/checkout@v4	2026-09-23T11:10:06.0339340Z cb47c7532e9cbc1c75c160f7528aadfc36f9d72f
macos	Run actions/checkout@v4	2026-09-23T11:10:06.0356910Z ##[group]Removing auth
macos	Run actions/checkout@v4	2026-09-23T11:10:06.0361220Z [command]/opt/homebrew/bin/git config --local --name-only --get-regexp core\.sshCommand
macos	Run actions/checkout@v4	2026-09-23T11:10:06.0421140Z [command]/opt/homebrew/bin/git submodule foreach --recursive sh -c "git config --local --name-only --get-regexp 'core\.sshCommand' && git config --local --unset-all 'core.sshCommand' || :"
macos	Run actions/checkout@v4	2026-09-23T11:10:06.1351240Z [command]/opt/homebrew/bin/git config --local --name-only --get-regexp http\.https\:\/\/github\.com\/\.extraheader
macos	Run actions/checkout@v4	2026-09-23T11:10:06.1421580Z http.https://github.com/.extraheader
macos	Run actions/checkout@v4	2026-09-23T11:10:06.1429010Z [command]/opt/homebrew/bin/git config --local --unset-all http.https://github.com/.extraheader
macos	Run actions/checkout@v4	2026-09-23T11:10:06.1514970Z [command]/opt/homebrew/bin/git submodule foreach --recursive sh -c "git config --local --name-only --get-regexp 'http\.https\:\/\/github\.com\/\.extraheader' && git config --local --unset-all 'http.https://github.com/.extraheader' || :"
macos	Run actions/checkout@v4	2026-09-23T11:10:06.2442900Z [command]/opt/homebrew/bin/git config --local --name-only --get-regexp ^includeIf\.gitdir:
macos	Run actions/checkout@v4	2026-09-23T11:10:06.2487710Z [command]/opt/homebrew/bin/git submodule foreach --recursive git config --local --show-origin --name-only --get-regexp remote.origin.url
macos	Run actions/checkout@v4	2026-09-23T11:10:06.3431010Z ##[endgroup]
macos	Run actions/setup-node@v4	﻿2026-09-23T11:10:06.3667500Z Node 20 is being deprecated. This workflow is running with Node 24 by default. If you need to temporarily use Node 20, you can set the ACTIONS_ALLOW_USE_UNSECURE_NODE_VERSION=true environment variable. For more information see: https://github.blog/changelog/2025-09-19-deprecation-of-node-20-on-github-actions-runners/
macos	Run actions/setup-node@v4	2026-09-23T11:10:06.3669090Z ##[group]Run actions/setup-node@v4
macos	Run actions/setup-node@v4	2026-09-23T11:10:06.3687460Z with:
macos	Run actions/setup-node@v4	2026-09-23T11:10:06.3687930Z   node-version: 22
macos	Run actions/setup-node@v4	2026-09-23T11:10:06.3688380Z   cache: npm
macos	Run actions/setup-node@v4	2026-09-23T11:10:06.3688660Z   always-auth: false
macos	Run actions/setup-node@v4	2026-09-23T11:10:06.3688960Z   check-latest: false
macos	Run actions/setup-node@v4	2026-09-23T11:10:06.3691700Z   token: ***
macos	Run actions/setup-node@v4	2026-09-23T11:10:06.3692020Z ##[endgroup]
macos	Run actions/setup-node@v4	2026-09-23T11:10:06.5597510Z Found in cache @ /Users/runner/hostedtoolcache/node/22.23.2/arm64
macos	Run actions/setup-node@v4	2026-09-23T11:10:06.5606560Z (node:1209) [DEP0040] DeprecationWarning: The `punycode` module is deprecated. Please use a userland alternative instead.
macos	Run actions/setup-node@v4	2026-09-23T11:10:06.5607820Z (Use `node --trace-deprecation ...` to show where the warning was created)
macos	Run actions/setup-node@v4	2026-09-23T11:10:06.5609780Z ##[group]Environment details
macos	Run actions/setup-node@v4	2026-09-23T11:10:07.2453960Z node: v22.23.2
macos	Run actions/setup-node@v4	2026-09-23T11:10:07.2456490Z npm: 10.9.8
macos	Run actions/setup-node@v4	2026-09-23T11:10:07.2457850Z yarn: 1.22.22
macos	Run actions/setup-node@v4	2026-09-23T11:10:07.2460410Z ##[endgroup]
macos	Run actions/setup-node@v4	2026-09-23T11:10:07.2478090Z [command]/Users/runner/hostedtoolcache/node/22.23.2/arm64/bin/npm config get cache
macos	Run actions/setup-node@v4	2026-09-23T11:10:07.5099080Z /Users/runner/.npm
macos	Run actions/setup-node@v4	2026-09-23T11:10:07.8325250Z npm cache is not found
macos	Run npm ci	﻿2026-09-23T11:10:07.8475610Z ##[group]Run npm ci
macos	Run npm ci	2026-09-23T11:10:07.8476950Z ^[[36;1mnpm ci^[[0m
macos	Run npm ci	2026-09-23T11:10:07.8615960Z shell: /bin/bash -e {0}
macos	Run npm ci	2026-09-23T11:10:07.8616970Z ##[endgroup]
macos	Run npm ci	2026-09-23T11:10:09.6788080Z npm warn deprecated rimraf@2.6.3: Rimraf versions prior to v4 are no longer supported
macos	Run npm ci	2026-09-23T11:10:09.9716270Z npm warn deprecated lodash.isequal@4.5.0: This package is deprecated. Use require('node:util').isDeepStrictEqual instead.
macos	Run npm ci	2026-09-23T11:10:10.0107530Z npm warn deprecated inflight@1.0.6: This module is not supported, and leaks memory. Do not use it. Check out lru-cache if you want a good and tested way to coalesce async requests by a key value, which is much more comprehensive and powerful.
macos	Run npm ci	2026-09-23T11:10:10.7872760Z npm warn deprecated glob@7.2.3: Old versions of glob are not supported, and contain widely publicized security vulnerabilities, which have been fixed in the current version. Please update. Support for old versions may be purchased (at exorbitant rates) by contacting i@izs.me
macos	Run npm ci	2026-09-23T11:10:10.9053540Z npm warn deprecated glob@7.2.3: Old versions of glob are not supported, and contain widely publicized security vulnerabilities, which have been fixed in the current version. Please update. Support for old versions may be purchased (at exorbitant rates) by contacting i@izs.me
macos	Run npm ci	2026-09-23T11:10:11.0651000Z npm warn deprecated boolean@3.2.0: Package no longer supported. Contact Support at https://www.npmjs.com/support for more info.
macos	Run npm ci	2026-09-23T11:10:12.1958480Z npm warn deprecated glob@10.5.0: Old versions of glob are not supported, and contain widely publicized security vulnerabilities, which have been fixed in the current version. Please update. Support for old versions may be purchased (at exorbitant rates) by contacting i@izs.me
macos	Run npm ci	2026-09-23T11:10:13.5263330Z npm warn deprecated eslint@9.39.5: This version is no longer supported. Please see https://eslint.org/version-support for other options.
macos	Run npm ci	2026-09-23T11:10:18.6784320Z 
macos	Run npm ci	2026-09-23T11:10:18.6787230Z added 525 packages, and audited 526 packages in 11s
macos	Run npm ci	2026-09-23T11:10:18.6789770Z 
macos	Run npm ci	2026-09-23T11:10:18.6790890Z 98 packages are looking for funding
macos	Run npm ci	2026-09-23T11:10:18.6793470Z   run `npm fund` for details
macos	Run npm ci	2026-09-23T11:10:18.6990000Z 
macos	Run npm ci	2026-09-23T11:10:18.6992800Z 5 vulnerabilities (3 moderate, 2 high)
macos	Run npm ci	2026-09-23T11:10:18.6997930Z 
macos	Run npm ci	2026-09-23T11:10:18.6998560Z To address all issues (including breaking changes), run:
macos	Run npm ci	2026-09-23T11:10:18.6999350Z   npm audit fix --force
macos	Run npm ci	2026-09-23T11:10:18.7000430Z 
macos	Run npm ci	2026-09-23T11:10:18.7000870Z Run `npm audit` for details.
macos	Ověření tagu, zálohy klíče a release konfigurace	﻿2026-09-23T11:10:18.8022730Z ##[group]Run node <<'NODE'
macos	Ověření tagu, zálohy klíče a release konfigurace	2026-09-23T11:10:18.8023320Z ^[[36;1mnode <<'NODE'^[[0m
macos	Ověření tagu, zálohy klíče a release konfigurace	2026-09-23T11:10:18.8023820Z ^[[36;1mconst packageJson = require("./package.json");^[[0m
macos	Ověření tagu, zálohy klíče a release konfigurace	2026-09-23T11:10:18.8024440Z ^[[36;1mconst expectedTag = `v${packageJson.version}`;^[[0m
macos	Ověření tagu, zálohy klíče a release konfigurace	2026-09-23T11:10:18.8025010Z ^[[36;1mif (process.env.GITHUB_REF_NAME !== expectedTag) {^[[0m
macos	Ověření tagu, zálohy klíče a release konfigurace	2026-09-23T11:10:18.8025820Z ^[[36;1m  throw new Error(`Tag ${process.env.GITHUB_REF_NAME} neodpovídá verzi ${expectedTag}`);^[[0m
macos	Ověření tagu, zálohy klíče a release konfigurace	2026-09-23T11:10:18.8026420Z ^[[36;1m}^[[0m
macos	Ověření tagu, zálohy klíče a release konfigurace	2026-09-23T11:10:18.8026970Z ^[[36;1mif (process.env.MAC_SIGNING_KEY_BACKUP_CONFIRMED !== "true") {^[[0m
macos	Ověření tagu, zálohy klíče a release konfigurace	2026-09-23T11:10:18.8027710Z ^[[36;1m  throw new Error("Podpisový klíč se nesmí použít bez potvrzené zálohy ve firemním správci hesel");^[[0m
macos	Ověření tagu, zálohy klíče a release konfigurace	2026-09-23T11:10:18.8028380Z ^[[36;1m}^[[0m
macos	Ověření tagu, zálohy klíče a release konfigurace	2026-09-23T11:10:18.8028730Z ^[[36;1mconst required = [^[[0m
macos	Ověření tagu, zálohy klíče a release konfigurace	2026-09-23T11:10:18.8029230Z ^[[36;1m  "CSC_LINK",^[[0m
macos	Ověření tagu, zálohy klíče a release konfigurace	2026-09-23T11:10:18.8030330Z ^[[36;1m  "CSC_KEY_PASSWORD",^[[0m
macos	Ověření tagu, zálohy klíče a release konfigurace	2026-09-23T11:10:18.8030840Z ^[[36;1m  "APPLE_API_KEY_P8",^[[0m
macos	Ověření tagu, zálohy klíče a release konfigurace	2026-09-23T11:10:18.8031340Z ^[[36;1m  "APPLE_API_KEY_ID",^[[0m
macos	Ověření tagu, zálohy klíče a release konfigurace	2026-09-23T11:10:18.8031760Z ^[[36;1m  "APPLE_API_ISSUER",^[[0m
macos	Ověření tagu, zálohy klíče a release konfigurace	2026-09-23T11:10:18.8032150Z ^[[36;1m  "DOWNLOAD_SSH_HOST",^[[0m
macos	Ověření tagu, zálohy klíče a release konfigurace	2026-09-23T11:10:18.8032610Z ^[[36;1m  "DOWNLOAD_SSH_USER",^[[0m
macos	Ověření tagu, zálohy klíče a release konfigurace	2026-09-23T11:10:18.8033050Z ^[[36;1m  "DOWNLOAD_SSH_PATH",^[[0m
macos	Ověření tagu, zálohy klíče a release konfigurace	2026-09-23T11:10:18.8033560Z ^[[36;1m  "DOWNLOAD_SSH_PRIVATE_KEY",^[[0m
macos	Ověření tagu, zálohy klíče a release konfigurace	2026-09-23T11:10:18.8034000Z ^[[36;1m  "DOWNLOAD_SSH_KNOWN_HOSTS",^[[0m
macos	Ověření tagu, zálohy klíče a release konfigurace	2026-09-23T11:10:18.8034450Z ^[[36;1m];^[[0m
macos	Ověření tagu, zálohy klíče a release konfigurace	2026-09-23T11:10:18.8034890Z ^[[36;1mconst missing = required.filter((name) => !process.env[name]?.trim());^[[0m
macos	Ověření tagu, zálohy klíče a release konfigurace	2026-09-23T11:10:18.8035680Z ^[[36;1mif (missing.length > 0) throw new Error(`V release prostředí chybí: ${missing.join(", ")}`);^[[0m
macos	Ověření tagu, zálohy klíče a release konfigurace	2026-09-23T11:10:18.8036320Z ^[[36;1mconst simpleValue = /^[A-Za-z0-9._-]+$/;^[[0m
macos	Ověření tagu, zálohy klíče a release konfigurace	2026-09-23T11:10:18.8037060Z ^[[36;1mif (!simpleValue.test(process.env.DOWNLOAD_SSH_HOST) || process.env.DOWNLOAD_SSH_HOST.startsWith("-")) {^[[0m
macos	Ověření tagu, zálohy klíče a release konfigurace	2026-09-23T11:10:18.8037800Z ^[[36;1m  throw new Error("DOWNLOAD_SSH_HOST má neplatný tvar");^[[0m
macos	Ověření tagu, zálohy klíče a release konfigurace	2026-09-23T11:10:18.8038350Z ^[[36;1m}^[[0m
macos	Ověření tagu, zálohy klíče a release konfigurace	2026-09-23T11:10:18.8039070Z ^[[36;1mif (!simpleValue.test(process.env.DOWNLOAD_SSH_USER) || process.env.DOWNLOAD_SSH_USER.startsWith("-")) {^[[0m
macos	Ověření tagu, zálohy klíče a release konfigurace	2026-09-23T11:10:18.8039780Z ^[[36;1m  throw new Error("DOWNLOAD_SSH_USER má neplatný tvar");^[[0m
macos	Ověření tagu, zálohy klíče a release konfigurace	2026-09-23T11:10:18.8046690Z ^[[36;1m}^[[0m
macos	Ověření tagu, zálohy klíče a release konfigurace	2026-09-23T11:10:18.8047290Z ^[[36;1mconst port = process.env.DOWNLOAD_SSH_PORT || "22";^[[0m
macos	Ověření tagu, zálohy klíče a release konfigurace	2026-09-23T11:10:18.8047940Z ^[[36;1mif (!/^\d{1,5}$/.test(port) || Number(port) < 1 || Number(port) > 65535) {^[[0m
macos	Ověření tagu, zálohy klíče a release konfigurace	2026-09-23T11:10:18.8048640Z ^[[36;1m  throw new Error("DOWNLOAD_SSH_PORT má neplatný tvar");^[[0m
macos	Ověření tagu, zálohy klíče a release konfigurace	2026-09-23T11:10:18.8049200Z ^[[36;1m}^[[0m
macos	Ověření tagu, zálohy klíče a release konfigurace	2026-09-23T11:10:18.8049690Z ^[[36;1mconst publishPath = process.env.DOWNLOAD_SSH_PATH;^[[0m
macos	Ověření tagu, zálohy klíče a release konfigurace	2026-09-23T11:10:18.8050430Z ^[[36;1mconst unsafeSegment = publishPath.split("/").some((part) => part === "." || part === "..");^[[0m
macos	Ověření tagu, zálohy klíče a release konfigurace	2026-09-23T11:10:18.8051280Z ^[[36;1mif (!/^\/[A-Za-z0-9._/-]+$/.test(publishPath) || publishPath === "/" || publishPath.includes("//") || unsafeSegment) {^[[0m
macos	Ověření tagu, zálohy klíče a release konfigurace	2026-09-23T11:10:18.8052220Z ^[[36;1m  throw new Error("DOWNLOAD_SSH_PATH musí být úzká absolutní cesta bez shellových znaků");^[[0m
macos	Ověření tagu, zálohy klíče a release konfigurace	2026-09-23T11:10:18.8052780Z ^[[36;1m}^[[0m
macos	Ověření tagu, zálohy klíče a release konfigurace	2026-09-23T11:10:18.8053180Z ^[[36;1mNODE^[[0m
macos	Ověření tagu, zálohy klíče a release konfigurace	2026-09-23T11:10:18.8161270Z shell: /bin/bash -e {0}
macos	Ověření tagu, zálohy klíče a release konfigurace	2026-09-23T11:10:18.8162580Z env:
macos	Ověření tagu, zálohy klíče a release konfigurace	2026-09-23T11:10:18.8163990Z   MAC_SIGNING_KEY_BACKUP_CONFIRMED: true
macos	Ověření tagu, zálohy klíče a release konfigurace	2026-09-23T11:10:18.8204210Z   CSC_LINK: ***
macos	Ověření tagu, zálohy klíče a release konfigurace	2026-09-23T11:10:18.8206300Z   CSC_KEY_PASSWORD: ***
macos	Ověření tagu, zálohy klíče a release konfigurace	2026-09-23T11:10:18.8210130Z   APPLE_API_KEY_P8: ***
macos	Ověření tagu, zálohy klíče a release konfigurace	2026-09-23T11:10:18.8210920Z   APPLE_API_KEY_ID: ***
macos	Ověření tagu, zálohy klíče a release konfigurace	2026-09-23T11:10:18.8212340Z   APPLE_API_ISSUER: ***
macos	Ověření tagu, zálohy klíče a release konfigurace	2026-09-23T11:10:18.8213760Z   DOWNLOAD_SSH_HOST: [REDACTED: publishing configuration]
macos	Ověření tagu, zálohy klíče a release konfigurace	2026-09-23T11:10:18.8216380Z   DOWNLOAD_SSH_PORT: [REDACTED: publishing configuration]
macos	Ověření tagu, zálohy klíče a release konfigurace	2026-09-23T11:10:18.8217390Z   DOWNLOAD_SSH_USER: [REDACTED: publishing configuration]
macos	Ověření tagu, zálohy klíče a release konfigurace	2026-09-23T11:10:18.8218220Z   DOWNLOAD_SSH_PATH: [REDACTED: publishing configuration]
macos	Ověření tagu, zálohy klíče a release konfigurace	2026-09-23T11:10:18.8222360Z   DOWNLOAD_SSH_PRIVATE_KEY: ***
macos	Ověření tagu, zálohy klíče a release konfigurace	2026-09-23T11:10:18.8228630Z   DOWNLOAD_SSH_KNOWN_HOSTS: ***
macos	Ověření tagu, zálohy klíče a release konfigurace	2026-09-23T11:10:18.8229190Z ##[endgroup]
macos	Run npm run gates	﻿2026-09-23T11:10:18.9472480Z ##[group]Run npm run gates
macos	Run npm run gates	2026-09-23T11:10:18.9472900Z ^[[36;1mnpm run gates^[[0m
macos	Run npm run gates	2026-09-23T11:10:18.9535270Z shell: /bin/bash -e {0}
macos	Run npm run gates	2026-09-23T11:10:18.9535710Z ##[endgroup]
macos	Run npm run gates	2026-09-23T11:10:19.1723840Z 
macos	Run npm run gates	2026-09-23T11:10:19.1724810Z > ludone-desktop-prototype@0.1.4 gates
macos	Run npm run gates	2026-09-23T11:10:19.1725600Z > npm run lint && npm run typecheck && npm run test:unit && npm run preskocene
macos	Run npm run gates	2026-09-23T11:10:19.1725960Z 
macos	Run npm run gates	2026-09-23T11:10:19.3392610Z 
macos	Run npm run gates	2026-09-23T11:10:19.3402360Z > ludone-desktop-prototype@0.1.4 lint
macos	Run npm run gates	2026-09-23T11:10:19.3403480Z > eslint .
macos	Run npm run gates	2026-09-23T11:10:19.3404040Z 
macos	Run npm run gates	2026-09-23T11:10:22.4380050Z 
macos	Run npm run gates	2026-09-23T11:10:22.4381520Z > ludone-desktop-prototype@0.1.4 typecheck
macos	Run npm run gates	2026-09-23T11:10:22.4382910Z > tsc --noEmit -p jsconfig.json
macos	Run npm run gates	2026-09-23T11:10:22.4383130Z 
macos	Run npm run gates	2026-09-23T11:10:23.3682990Z 
macos	Run npm run gates	2026-09-23T11:10:23.3683670Z > ludone-desktop-prototype@0.1.4 test:unit
macos	Run npm run gates	2026-09-23T11:10:23.3684060Z > vitest run
macos	Run npm run gates	2026-09-23T11:10:23.3684220Z 
macos	Run npm run gates	2026-09-23T11:10:23.6939010Z 
macos	Run npm run gates	2026-09-23T11:10:23.6940720Z ^[[1m^[[46m RUN ^[[49m^[[22m ^[[36mv3.2.7 ^[[39m^[[90m/Users/runner/work/ludone-desktop/ludone-desktop^[[39m
macos	Run npm run gates	2026-09-23T11:10:23.6941250Z 
macos	Run npm run gates	2026-09-23T11:10:25.0372870Z  ^[[32m✓^[[39m tests/queue.test.js ^[[2m(^[[22m^[[2m134 tests^[[22m^[[2m)^[[22m^[[33m 872^[[2mms^[[22m^[[39m
macos	Run npm run gates	2026-09-23T11:10:25.9591130Z  ^[[32m✓^[[39m tests/upload-client.test.js ^[[2m(^[[22m^[[2m77 tests^[[22m^[[2m)^[[22m^[[33m 622^[[2mms^[[22m^[[39m
macos	Run npm run gates	2026-09-23T11:10:26.1713760Z ^[[90mstderr^[[2m | tests/queue-wiring.test.js^[[2m > ^[[22m^[[2mzjištění uložené OAuth session^[[2m > ^[[22m^[[2mnový stav relace rozliší platnost, mez vypršení a chybějící relaci bez mazání tokenů
macos	Run npm run gates	2026-09-23T11:10:26.1714900Z ^[[22m^[[39m[auth] Obnova relace selhala: reason=refresh-failed
macos	Run npm run gates	2026-09-23T11:10:26.1746780Z 
macos	Run npm run gates	2026-09-23T11:10:26.3260790Z ^[[90mstderr^[[2m | tests/queue-wiring.test.js^[[2m > ^[[22m^[[2mzjištění uložené OAuth session^[[2m > ^[[22m^[[2mvypršelá relace přes skutečné IPC ukáže vypršení v obou oknech a zůstane na disku
macos	Run npm run gates	2026-09-23T11:10:26.3262240Z ^[[22m^[[39m[auth] Obnova relace selhala: reason=refresh-failed
macos	Run npm run gates	2026-09-23T11:10:26.3262720Z 
macos	Run npm run gates	2026-09-23T11:10:26.4891920Z ^[[90mstdout^[[2m | tests/queue-wiring.test.js^[[2m > ^[[22m^[[2mzjištění uložené OAuth session^[[2m > ^[[22m^[[2mpřímý invoke změny prostředí neobejde blokaci běžícího LuTracku
macos	Run npm run gates	2026-09-23T11:10:26.4894670Z ^[[22m^[[39m[tracking] Uloženo: /var/folders/s6/5hzmn6lx4dz5nxs7k_0slzph0000gn/T/ludone-main-queue-test-DVFnu2/cas/casovac.json
macos	Run npm run gates	2026-09-23T11:10:26.4898380Z 
macos	Run npm run gates	2026-09-23T11:10:26.4931520Z ^[[90mstdout^[[2m | tests/queue-wiring.test.js^[[2m > ^[[22m^[[2mzjištění uložené OAuth session^[[2m > ^[[22m^[[2mpřímý invoke změny prostředí neobejde blokaci běžícího LuTracku
macos	Run npm run gates	2026-09-23T11:10:26.4933870Z ^[[22m^[[39m[tracking] Uloženo: /var/folders/s6/5hzmn6lx4dz5nxs7k_0slzph0000gn/T/ludone-main-queue-test-DVFnu2/cas/casovac.json
macos	Run npm run gates	2026-09-23T11:10:26.4934640Z 
macos	Run npm run gates	2026-09-23T11:10:26.8068420Z ^[[90mstdout^[[2m | tests/queue-wiring.test.js^[[2m > ^[[22m^[[2mviditelnost ikony a klikání na lištu^[[2m > ^[[22m^[[2mběžící LuTrack přepne položku na aktivní zastavení přes frontu tray příkazů
macos	Run npm run gates	2026-09-23T11:10:26.8171190Z ^[[22m^[[39m[tracking] Uloženo: /var/folders/s6/5hzmn6lx4dz5nxs7k_0slzph0000gn/T/ludone-main-queue-test-32zuZI/cas/casovac.json
macos	Run npm run gates	2026-09-23T11:10:26.8176200Z 
macos	Run npm run gates	2026-09-23T11:10:26.8613960Z ^[[90mstderr^[[2m | tests/queue-wiring.test.js^[[2m > ^[[22m^[[2mviditelnost ikony a klikání na lištu^[[2m > ^[[22m^[[2mpreload po výjimce prvního příkazu doručí druhý i třetí s rozestupy a vyzvedne další dávku
macos	Run npm run gates	2026-09-23T11:10:26.8701770Z ^[[22m^[[39m[tray] Rychlou akci stop-recording se nepodařilo zpracovat: Odběratel prvního příkazu selhal
macos	Run npm run gates	2026-09-23T11:10:26.8703390Z 
macos	Run npm run gates	2026-09-23T11:10:27.7599050Z ^[[90mstderr^[[2m | tests/queue-wiring.test.js^[[2m > ^[[22m^[[2mprodukční zapojení odchozí fronty^[[2m > ^[[22m^[[2mprošlý access token neposkytne uploadu jako platný kontext
macos	Run npm run gates	2026-09-23T11:10:27.7611130Z ^[[22m^[[39m[auth] Obnova relace selhala: reason=refresh-failed
macos	Run npm run gates	2026-09-23T11:10:27.7614060Z 
macos	Run npm run gates	2026-09-23T11:10:28.0342400Z ^[[90mstderr^[[2m | tests/queue-wiring.test.js^[[2m > ^[[22m^[[2mprodukční zapojení odchozí fronty^[[2m > ^[[22m^[[2mselhaná obnova expirované session předá null a nespustí recording send
macos	Run npm run gates	2026-09-23T11:10:28.0344740Z ^[[22m^[[39m[auth] Obnova relace selhala: reason=refresh-failed
macos	Run npm run gates	2026-09-23T11:10:28.0350910Z 
macos	Run npm run gates	2026-09-23T11:10:28.8148140Z ^[[90mstdout^[[2m | tests/queue-wiring.test.js^[[2m > ^[[22m^[[2mprodukční zapojení odchozí fronty^[[2m > ^[[22m^[[2mpo trvalém uzavření časovače zařadí přes produkční store přesný časový záznam
macos	Run npm run gates	2026-09-23T11:10:28.8149880Z ^[[22m^[[39m[tracking] Uloženo: /var/folders/s6/5hzmn6lx4dz5nxs7k_0slzph0000gn/T/ludone-main-queue-test-PvwRKE/cas/casovac.json
macos	Run npm run gates	2026-09-23T11:10:28.8152320Z 
macos	Run npm run gates	2026-09-23T11:10:28.8179570Z ^[[90mstdout^[[2m | tests/queue-wiring.test.js^[[2m > ^[[22m^[[2mprodukční zapojení odchozí fronty^[[2m > ^[[22m^[[2mpo trvalém uzavření časovače zařadí přes produkční store přesný časový záznam
macos	Run npm run gates	2026-09-23T11:10:28.8185100Z ^[[22m^[[39m[tracking] Uloženo: /var/folders/s6/5hzmn6lx4dz5nxs7k_0slzph0000gn/T/ludone-main-queue-test-PvwRKE/cas/casovac.json
macos	Run npm run gates	2026-09-23T11:10:28.8186590Z 
macos	Run npm run gates	2026-09-23T11:10:28.8350390Z ^[[90mstdout^[[2m | tests/queue-wiring.test.js^[[2m > ^[[22m^[[2mprodukční zapojení odchozí fronty^[[2m > ^[[22m^[[2mselhání zařazení času za běhu otevře panel, i když se aplikace neukončuje
macos	Run npm run gates	2026-09-23T11:10:28.8461310Z ^[[22m^[[39m[tracking] Uloženo: /var/folders/s6/5hzmn6lx4dz5nxs7k_0slzph0000gn/T/ludone-main-queue-test-lFa0az/cas/casovac.json
macos	Run npm run gates	2026-09-23T11:10:28.8571400Z 
macos	Run npm run gates	2026-09-23T11:10:28.8673360Z ^[[90mstdout^[[2m | tests/queue-wiring.test.js^[[2m > ^[[22m^[[2mprodukční zapojení odchozí fronty^[[2m > ^[[22m^[[2mselhání zařazení času za běhu otevře panel, i když se aplikace neukončuje
macos	Run npm run gates	2026-09-23T11:10:28.8777050Z ^[[22m^[[39m[tracking] Uloženo: /var/folders/s6/5hzmn6lx4dz5nxs7k_0slzph0000gn/T/ludone-main-queue-test-lFa0az/cas/casovac.json
macos	Run npm run gates	2026-09-23T11:10:28.8817240Z 
macos	Run npm run gates	2026-09-23T11:10:29.4019710Z  ^[[32m✓^[[39m tests/recording-card.test.js ^[[2m(^[[22m^[[2m59 tests^[[22m^[[2m)^[[22m^[[33m 2710^[[2mms^[[22m^[[39m
macos	Run npm run gates	2026-09-23T11:10:29.4023220Z    ^[[33m^[[2m✓^[[22m^[[39m nahrávání při zneplatnění relace^[[2m > ^[[22mstav expired ponechá Stop i lokální uložení, ale zavře odesílání ^[[33m 325^[[2mms^[[22m^[[39m
macos	Run npm run gates	2026-09-23T11:10:30.4108200Z ^[[90mstdout^[[2m | tests/queue-wiring.test.js^[[2m > ^[[22m^[[2mbezpečné ukončení aplikace^[[2m > ^[[22m^[[2mselhání zařazení časového záznamu při ukončení otevře panel a vyžádá potvrzení
macos	Run npm run gates	2026-09-23T11:10:30.4111260Z ^[[22m^[[39m[tracking] Uloženo: /var/folders/s6/5hzmn6lx4dz5nxs7k_0slzph0000gn/T/ludone-main-queue-test-tOlt2C/cas/casovac.json
macos	Run npm run gates	2026-09-23T11:10:30.4111850Z 
macos	Run npm run gates	2026-09-23T11:10:30.4150050Z ^[[90mstdout^[[2m | tests/queue-wiring.test.js^[[2m > ^[[22m^[[2mbezpečné ukončení aplikace^[[2m > ^[[22m^[[2mselhání zařazení časového záznamu při ukončení otevře panel a vyžádá potvrzení
macos	Run npm run gates	2026-09-23T11:10:30.4151380Z ^[[22m^[[39m[tracking] Uloženo: /var/folders/s6/5hzmn6lx4dz5nxs7k_0slzph0000gn/T/ludone-main-queue-test-tOlt2C/cas/casovac.json
macos	Run npm run gates	2026-09-23T11:10:30.4151840Z 
macos	Run npm run gates	2026-09-23T11:10:30.8947630Z ^[[90mstdout^[[2m | tests/queue-wiring.test.js^[[2m > ^[[22m^[[2mprodukční zapojení automatických aktualizací^[[2m > ^[[22m^[[2mběžící LuTrack odloží restart a po zastavení jej uplatní
macos	Run npm run gates	2026-09-23T11:10:30.8950480Z ^[[22m^[[39m[tracking] Uloženo: /var/folders/s6/5hzmn6lx4dz5nxs7k_0slzph0000gn/T/ludone-main-queue-test-kReuYf/cas/casovac.json
macos	Run npm run gates	2026-09-23T11:10:30.8951420Z 
macos	Run npm run gates	2026-09-23T11:10:30.8994960Z ^[[90mstdout^[[2m | tests/queue-wiring.test.js^[[2m > ^[[22m^[[2mprodukční zapojení automatických aktualizací^[[2m > ^[[22m^[[2mběžící LuTrack odloží restart a po zastavení jej uplatní
macos	Run npm run gates	2026-09-23T11:10:30.8996820Z ^[[22m^[[39m[tracking] Uloženo: /var/folders/s6/5hzmn6lx4dz5nxs7k_0slzph0000gn/T/ludone-main-queue-test-kReuYf/cas/casovac.json
macos	Run npm run gates	2026-09-23T11:10:30.8997500Z 
macos	Run npm run gates	2026-09-23T11:10:31.3206560Z  ^[[32m✓^[[39m tests/idle-panel.test.js ^[[2m(^[[22m^[[2m44 tests^[[22m^[[2m)^[[22m^[[33m 1278^[[2mms^[[22m^[[39m
macos	Run npm run gates	2026-09-23T11:10:31.5893090Z ^[[90mstdout^[[2m | tests/queue-wiring.test.js^[[2m > ^[[22m^[[2mviditelnost automatických aktualizací v panelu^[[2m > ^[[22m^[[2mstažení doručí verzi do živého panelu a tracking dál blokuje instalaci
macos	Run npm run gates	2026-09-23T11:10:31.5985820Z ^[[22m^[[39m[tracking] Uloženo: /var/folders/s6/5hzmn6lx4dz5nxs7k_0slzph0000gn/T/ludone-main-queue-test-h2tQmr/cas/casovac.json
macos	Run npm run gates	2026-09-23T11:10:31.5995030Z 
macos	Run npm run gates	2026-09-23T11:10:31.8671720Z  ^[[32m✓^[[39m tests/queue-wiring.test.js ^[[2m(^[[22m^[[2m276 tests^[[22m^[[2m)^[[22m^[[33m 6425^[[2mms^[[22m^[[39m
macos	Run npm run gates	2026-09-23T11:10:32.3676070Z  ^[[32m✓^[[39m tests/retention.test.js ^[[2m(^[[22m^[[2m39 tests^[[22m^[[2m)^[[22m^[[32m 155^[[2mms^[[22m^[[39m
macos	Run npm run gates	2026-09-23T11:10:33.5149290Z ^[[90mstdout^[[2m | tests/tracking-timer.test.js^[[2m > ^[[22m^[[2mvypínač DESKTOP_TIME_ENABLED^[[2m > ^[[22m^[[2mprodukční wiring s hodnotou true skončí jako started
macos	Run npm run gates	2026-09-23T11:10:33.5152210Z ^[[22m^[[39m[tracking] Uloženo: /var/folders/s6/5hzmn6lx4dz5nxs7k_0slzph0000gn/T/ludone-tracking-test-bwjnYS/cas/casovac.json
macos	Run npm run gates	2026-09-23T11:10:33.5154590Z 
macos	Run npm run gates	2026-09-23T11:10:33.5990450Z  ^[[32m✓^[[39m tests/tracking-timer.test.js ^[[2m(^[[22m^[[2m58 tests^[[22m^[[2m)^[[22m^[[33m 340^[[2mms^[[22m^[[39m
macos	Run npm run gates	2026-09-23T11:10:33.9710360Z  ^[[32m✓^[[39m tests/recording-export.test.js ^[[2m(^[[22m^[[2m75 tests^[[22m^[[2m)^[[22m^[[32m 154^[[2mms^[[22m^[[39m
macos	Run npm run gates	2026-09-23T11:10:34.9081720Z  ^[[32m✓^[[39m tests/settings.test.js ^[[2m(^[[22m^[[2m46 tests^[[22m^[[2m)^[[22m^[[33m 2707^[[2mms^[[22m^[[39m
macos	Run npm run gates	2026-09-23T11:10:35.2720040Z  ^[[32m✓^[[39m tests/logout.test.js ^[[2m(^[[22m^[[2m23 tests^[[22m^[[2m | ^[[22m^[[33m1 skipped^[[39m^[[2m)^[[22m^[[32m 152^[[2mms^[[22m^[[39m
macos	Run npm run gates	2026-09-23T11:10:36.0467040Z ^[[90mstdout^[[2m | tests/tray-authority.test.js^[[2m > ^[[22m^[[2mstav vlastní hlavní proces, ne renderer^[[2m > ^[[22m^[[2modvodí stav {"signedIn":false} jako signed-out
macos	Run npm run gates	2026-09-23T11:10:36.0468600Z ^[[22m^[[39m[tray] 2026-09-23T11:10:36.045Z stav=signed-out nahrávání=false výpadekZvuku=false jenMikrofon=false lutrack=false fronta=0 přihlášen=false
macos	Run npm run gates	2026-09-23T11:10:36.0469180Z 
macos	Run npm run gates	2026-09-23T11:10:36.0470480Z ^[[90mstdout^[[2m | tests/tray-authority.test.js^[[2m > ^[[22m^[[2mstav vlastní hlavní proces, ne renderer^[[2m > ^[[22m^[[2modvodí stav {"signedIn":true} jako idle
macos	Run npm run gates	2026-09-23T11:10:36.0471800Z ^[[22m^[[39m[tray] 2026-09-23T11:10:36.046Z stav=idle nahrávání=false výpadekZvuku=false jenMikrofon=false lutrack=false fronta=0 přihlášen=true
macos	Run npm run gates	2026-09-23T11:10:36.0472430Z 
macos	Run npm run gates	2026-09-23T11:10:36.0473460Z ^[[90mstdout^[[2m | tests/tray-authority.test.js^[[2m > ^[[22m^[[2mstav vlastní hlavní proces, ne renderer^[[2m > ^[[22m^[[2modvodí stav {"signedIn":true,"trackingOwners":[1]} jako tracking
macos	Run npm run gates	2026-09-23T11:10:36.0475800Z ^[[22m^[[39m[tray] 2026-09-23T11:10:36.047Z stav=tracking nahrávání=false výpadekZvuku=false jenMikrofon=false lutrack=true fronta=0 přihlášen=true
macos	Run npm run gates	2026-09-23T11:10:36.0476490Z 
macos	Run npm run gates	2026-09-23T11:10:36.0478330Z ^[[90mstdout^[[2m | tests/tray-authority.test.js^[[2m > ^[[22m^[[2mstav vlastní hlavní proces, ne renderer^[[2m > ^[[22m^[[2modvodí stav {"signedIn":true,"preparing":[[1,{"cancelled":false}]]} jako recording
macos	Run npm run gates	2026-09-23T11:10:36.0481880Z ^[[22m^[[39m[tray] 2026-09-23T11:10:36.047Z stav=recording nahrávání=true výpadekZvuku=false jenMikrofon=false lutrack=false fronta=0 přihlášen=true
macos	Run npm run gates	2026-09-23T11:10:36.0482470Z 
macos	Run npm run gates	2026-09-23T11:10:36.0483520Z ^[[90mstdout^[[2m | tests/tray-authority.test.js^[[2m > ^[[22m^[[2mstav vlastní hlavní proces, ne renderer^[[2m > ^[[22m^[[2modvodí stav {"signedIn":true,"sessions":[["s",{"ownerId":1}]]} jako recording
macos	Run npm run gates	2026-09-23T11:10:36.0485060Z ^[[22m^[[39m[tray] 2026-09-23T11:10:36.047Z stav=recording nahrávání=true výpadekZvuku=false jenMikrofon=false lutrack=false fronta=0 přihlášen=true
macos	Run npm run gates	2026-09-23T11:10:36.0486000Z 
macos	Run npm run gates	2026-09-23T11:10:36.0486970Z ^[[90mstdout^[[2m | tests/tray-authority.test.js^[[2m > ^[[22m^[[2mstav vlastní hlavní proces, ne renderer^[[2m > ^[[22m^[[2modvodí stav {"signedIn":true,"queueWaitingCount":1} jako queue-waiting
macos	Run npm run gates	2026-09-23T11:10:36.0488600Z ^[[22m^[[39m[tray] 2026-09-23T11:10:36.048Z stav=queue-waiting nahrávání=false výpadekZvuku=false jenMikrofon=false lutrack=false fronta=1 přihlášen=true
macos	Run npm run gates	2026-09-23T11:10:36.0489160Z 
macos	Run npm run gates	2026-09-23T11:10:36.0490340Z ^[[90mstdout^[[2m | tests/tray-authority.test.js^[[2m > ^[[22m^[[2mstav vlastní hlavní proces, ne renderer^[[2m > ^[[22m^[[2modvodí stav {"signedIn":true,"systemAudioLostOwners":[1]} jako idle
macos	Run npm run gates	2026-09-23T11:10:36.0491690Z ^[[22m^[[39m[tray] 2026-09-23T11:10:36.048Z stav=idle nahrávání=false výpadekZvuku=false jenMikrofon=false lutrack=false fronta=0 přihlášen=true
macos	Run npm run gates	2026-09-23T11:10:36.0492940Z 
macos	Run npm run gates	2026-09-23T11:10:36.0494340Z ^[[90mstdout^[[2m | tests/tray-authority.test.js^[[2m > ^[[22m^[[2mstav vlastní hlavní proces, ne renderer^[[2m > ^[[22m^[[2modvodí stav {"signedIn":true,"preparing":[[1,{"cancelled":false,"sources":["microphone","system"]}]],"systemAudioLostOwners":[1]} jako recording-audio-lost
macos	Run npm run gates	2026-09-23T11:10:36.0496460Z ^[[22m^[[39m[tray] 2026-09-23T11:10:36.048Z stav=recording-audio-lost nahrávání=true výpadekZvuku=true jenMikrofon=false lutrack=false fronta=0 přihlášen=true
macos	Run npm run gates	2026-09-23T11:10:36.0497200Z 
macos	Run npm run gates	2026-09-23T11:10:36.0499770Z ^[[90mstdout^[[2m | tests/tray-authority.test.js^[[2m > ^[[22m^[[2mstav vlastní hlavní proces, ne renderer^[[2m > ^[[22m^[[2modvodí stav {"signedIn":true,"trackingOwners":[1],"preparing":[[1,{"cancelled":false}]]} jako recording-tracking
macos	Run npm run gates	2026-09-23T11:10:36.0502090Z ^[[22m^[[39m[tray] 2026-09-23T11:10:36.049Z stav=recording-tracking nahrávání=true výpadekZvuku=false jenMikrofon=false lutrack=true fronta=0 přihlášen=true
macos	Run npm run gates	2026-09-23T11:10:36.0502710Z 
macos	Run npm run gates	2026-09-23T11:10:36.0504420Z ^[[90mstdout^[[2m | tests/tray-authority.test.js^[[2m > ^[[22m^[[2mstav vlastní hlavní proces, ne renderer^[[2m > ^[[22m^[[2modvodí stav {"signedIn":true,"trackingOwners":[1],"preparing":[[1,{"cancelled":false,"sources":["microphone","system"]}]],"queueWaitingCount":2,"systemAudioLostOwners":[1]} jako recording-audio-lost
macos	Run npm run gates	2026-09-23T11:10:36.0507450Z ^[[22m^[[39m[tray] 2026-09-23T11:10:36.049Z stav=recording-audio-lost nahrávání=true výpadekZvuku=true jenMikrofon=false lutrack=true fronta=2 přihlášen=true
macos	Run npm run gates	2026-09-23T11:10:36.0507990Z 
macos	Run npm run gates	2026-09-23T11:10:36.0508950Z ^[[90mstdout^[[2m | tests/tray-authority.test.js^[[2m > ^[[22m^[[2mstav vlastní hlavní proces, ne renderer^[[2m > ^[[22m^[[2modvodí stav {"signedIn":true,"trackingOwners":[1],"queueWaitingCount":2} jako tracking
macos	Run npm run gates	2026-09-23T11:10:36.0510510Z ^[[22m^[[39m[tray] 2026-09-23T11:10:36.050Z stav=tracking nahrávání=false výpadekZvuku=false jenMikrofon=false lutrack=true fronta=2 přihlášen=true
macos	Run npm run gates	2026-09-23T11:10:36.0511170Z 
macos	Run npm run gates	2026-09-23T11:10:36.0512470Z ^[[90mstdout^[[2m | tests/tray-authority.test.js^[[2m > ^[[22m^[[2mstav vlastní hlavní proces, ne renderer^[[2m > ^[[22m^[[2modvodí stav {"signedIn":false,"trackingOwners":[1],"preparing":[[1,{"cancelled":false}]],"queueWaitingCount":2,"systemAudioLostOwners":[1]} jako signed-out
macos	Run npm run gates	2026-09-23T11:10:36.0514510Z ^[[22m^[[39m[tray] 2026-09-23T11:10:36.050Z stav=signed-out nahrávání=true výpadekZvuku=false jenMikrofon=false lutrack=true fronta=2 přihlášen=false
macos	Run npm run gates	2026-09-23T11:10:36.0515190Z 
macos	Run npm run gates	2026-09-23T11:10:36.0516100Z ^[[90mstdout^[[2m | tests/tray-authority.test.js^[[2m > ^[[22m^[[2mstav vlastní hlavní proces, ne renderer^[[2m > ^[[22m^[[2modvodí stav {"signedIn":true,"preparing":[[1,{"cancelled":true}]]} jako idle
macos	Run npm run gates	2026-09-23T11:10:36.0517830Z ^[[22m^[[39m[tray] 2026-09-23T11:10:36.050Z stav=idle nahrávání=false výpadekZvuku=false jenMikrofon=false lutrack=false fronta=0 přihlášen=true
macos	Run npm run gates	2026-09-23T11:10:36.0518460Z 
macos	Run npm run gates	2026-09-23T11:10:36.0519630Z ^[[90mstdout^[[2m | tests/tray-authority.test.js^[[2m > ^[[22m^[[2mstav vlastní hlavní proces, ne renderer^[[2m > ^[[22m^[[2modvodí stav {"signedIn":true,"sessions":[["s",{"ownerId":1,"finalizePromise":{}}]]} jako idle
macos	Run npm run gates	2026-09-23T11:10:36.0521750Z ^[[22m^[[39m[tray] 2026-09-23T11:10:36.051Z stav=idle nahrávání=false výpadekZvuku=false jenMikrofon=false lutrack=false fronta=0 přihlášen=true
macos	Run npm run gates	2026-09-23T11:10:36.0522440Z 
macos	Run npm run gates	2026-09-23T11:10:36.0525500Z ^[[90mstdout^[[2m | tests/tray-authority.test.js^[[2m > ^[[22m^[[2mstav vlastní hlavní proces, ne renderer^[[2m > ^[[22m^[[2mjednostopé nahrávání odliší od plného nahrávání i výpadku: příprava
macos	Run npm run gates	2026-09-23T11:10:36.0526920Z ^[[22m^[[39m[tray] 2026-09-23T11:10:36.051Z stav=recording-microphone-only nahrávání=true výpadekZvuku=false jenMikrofon=true lutrack=false fronta=0 přihlášen=true
macos	Run npm run gates	2026-09-23T11:10:36.0527700Z 
macos	Run npm run gates	2026-09-23T11:10:36.0529060Z ^[[90mstdout^[[2m | tests/tray-authority.test.js^[[2m > ^[[22m^[[2mstav vlastní hlavní proces, ne renderer^[[2m > ^[[22m^[[2mjednostopé nahrávání odliší od plného nahrávání i výpadku: živá session
macos	Run npm run gates	2026-09-23T11:10:36.0531010Z ^[[22m^[[39m[tray] 2026-09-23T11:10:36.052Z stav=recording-microphone-only nahrávání=true výpadekZvuku=false jenMikrofon=true lutrack=false fronta=0 přihlášen=true
macos	Run npm run gates	2026-09-23T11:10:36.0531680Z 
macos	Run npm run gates	2026-09-23T11:10:36.0534080Z ^[[90mstdout^[[2m | tests/tray-authority.test.js^[[2m > ^[[22m^[[2mstav vlastní hlavní proces, ne renderer^[[2m > ^[[22m^[[2mjednostopé nahrávání odliší od plného nahrávání i výpadku: souběh s LuTrackem
macos	Run npm run gates	2026-09-23T11:10:36.0535770Z ^[[22m^[[39m[tray] 2026-09-23T11:10:36.052Z stav=recording-microphone-only nahrávání=true výpadekZvuku=false jenMikrofon=true lutrack=true fronta=2 přihlášen=true
macos	Run npm run gates	2026-09-23T11:10:36.0536730Z 
macos	Run npm run gates	2026-09-23T11:10:36.0538530Z ^[[90mstdout^[[2m | tests/tray-authority.test.js^[[2m > ^[[22m^[[2mstav vlastní hlavní proces, ne renderer^[[2m > ^[[22m^[[2mukončená jednostopá session nepřidá odznak jinému plnému nahrávání: {"preparing":[[1,{"cancelled":true,"sources":["microphone"]}]]}
macos	Run npm run gates	2026-09-23T11:10:36.0540530Z ^[[22m^[[39m[tray] 2026-09-23T11:10:36.053Z stav=recording nahrávání=true výpadekZvuku=false jenMikrofon=false lutrack=false fronta=0 přihlášen=true
macos	Run npm run gates	2026-09-23T11:10:36.0541220Z 
macos	Run npm run gates	2026-09-23T11:10:36.0542410Z ^[[90mstdout^[[2m | tests/tray-authority.test.js^[[2m > ^[[22m^[[2mstav vlastní hlavní proces, ne renderer^[[2m > ^[[22m^[[2mukončená jednostopá session nepřidá odznak jinému plnému nahrávání: {"sessions":[["s",{"ownerId":1,"tracks":{},"finalizePromise":{}}]]}
macos	Run npm run gates	2026-09-23T11:10:36.0544120Z ^[[22m^[[39m[tray] 2026-09-23T11:10:36.053Z stav=recording nahrávání=true výpadekZvuku=false jenMikrofon=false lutrack=false fronta=0 přihlášen=true
macos	Run npm run gates	2026-09-23T11:10:36.0544660Z 
macos	Run npm run gates	2026-09-23T11:10:36.0545560Z ^[[90mstdout^[[2m | tests/tray-authority.test.js^[[2m > ^[[22m^[[2mstav vlastní hlavní proces, ne renderer^[[2m > ^[[22m^[[2mskutečný výpadek má přednost před přijatým jednostopým nahráváním
macos	Run npm run gates	2026-09-23T11:10:36.0547070Z ^[[22m^[[39m[tray] 2026-09-23T11:10:36.054Z stav=recording-audio-lost nahrávání=true výpadekZvuku=true jenMikrofon=true lutrack=false fronta=0 přihlášen=true
macos	Run npm run gates	2026-09-23T11:10:36.0547910Z 
macos	Run npm run gates	2026-09-23T11:10:36.0548980Z ^[[90mstdout^[[2m | tests/tray-authority.test.js^[[2m > ^[[22m^[[2mstav vlastní hlavní proces, ne renderer^[[2m > ^[[22m^[[2mpři souběhu spojí fakt LuTracku se skutečným nahráváním z hlavního procesu
macos	Run npm run gates	2026-09-23T11:10:36.0550740Z ^[[22m^[[39m[tray] 2026-09-23T11:10:36.054Z stav=recording nahrávání=true výpadekZvuku=false jenMikrofon=false lutrack=false fronta=0 přihlášen=true
macos	Run npm run gates	2026-09-23T11:10:36.0552090Z [tray] 2026-09-23T11:10:36.054Z stav=recording-tracking nahrávání=true výpadekZvuku=false jenMikrofon=false lutrack=true fronta=0 přihlášen=true
macos	Run npm run gates	2026-09-23T11:10:36.0552630Z 
macos	Run npm run gates	2026-09-23T11:10:36.0553950Z ^[[90mstdout^[[2m | tests/tray-authority.test.js^[[2m > ^[[22m^[[2mpád rendereru^[[2m > ^[[22m^[[2mnechá lištu hlásit správný stav, ne ten poslední odeslaný
macos	Run npm run gates	2026-09-23T11:10:36.0555440Z ^[[22m^[[39m[tray] 2026-09-23T11:10:36.054Z stav=recording-tracking nahrávání=true výpadekZvuku=false jenMikrofon=false lutrack=true fronta=0 přihlášen=true
macos	Run npm run gates	2026-09-23T11:10:36.0556890Z [tray] 2026-09-23T11:10:36.055Z stav=tracking nahrávání=false výpadekZvuku=false jenMikrofon=false lutrack=true fronta=0 přihlášen=true
macos	Run npm run gates	2026-09-23T11:10:36.0558430Z [tray] 2026-09-23T11:10:36.055Z stav=idle nahrávání=false výpadekZvuku=false jenMikrofon=false lutrack=false fronta=0 přihlášen=true
macos	Run npm run gates	2026-09-23T11:10:36.0559080Z 
macos	Run npm run gates	2026-09-23T11:10:36.0560340Z ^[[90mstdout^[[2m | tests/tray-authority.test.js^[[2m > ^[[22m^[[2mpád rendereru^[[2m > ^[[22m^[[2mNEODHLÁSÍ uživatele — session drží hlavní proces
macos	Run npm run gates	2026-09-23T11:10:36.0561640Z ^[[22m^[[39m[tray] 2026-09-23T11:10:36.055Z stav=tracking nahrávání=false výpadekZvuku=false jenMikrofon=false lutrack=true fronta=0 přihlášen=true
macos	Run npm run gates	2026-09-23T11:10:36.0563060Z [tray] 2026-09-23T11:10:36.055Z stav=idle nahrávání=false výpadekZvuku=false jenMikrofon=false lutrack=false fronta=0 přihlášen=true
macos	Run npm run gates	2026-09-23T11:10:36.0563560Z 
macos	Run npm run gates	2026-09-23T11:10:36.0564300Z ^[[90mstdout^[[2m | tests/tray-authority.test.js^[[2m > ^[[22m^[[2mpád rendereru^[[2m > ^[[22m^[[2mzapomene jen padlé okno, ostatní nechá běžet
macos	Run npm run gates	2026-09-23T11:10:36.0565940Z ^[[22m^[[39m[tray] 2026-09-23T11:10:36.056Z stav=tracking nahrávání=false výpadekZvuku=false jenMikrofon=false lutrack=true fronta=0 přihlášen=true
macos	Run npm run gates	2026-09-23T11:10:36.0566500Z 
macos	Run npm run gates	2026-09-23T11:10:36.0569850Z ^[[90mstdout^[[2m | tests/tray-authority.test.js^[[2m > ^[[22m^[[2mpád rendereru^[[2m > ^[[22m^[[2mpo pádu odstraní i rendererový fakt výpadku, ne výpadek cizí živé session
macos	Run npm run gates	2026-09-23T11:10:36.0571290Z ^[[90mstderr^[[2m | tests/tray-authority.test.js^[[2m > ^[[22m^[[2mpád rendereru^[[2m > ^[[22m^[[2mpo pádu odstraní i rendererový fakt výpadku, ne výpadek cizí živé session
macos	Run npm run gates	2026-09-23T11:10:36.0572500Z ^[[22m^[[39m[recording] Session uzavřena po události „pád rendereru“: mikrofon 0 B, systém 0 B.
macos	Run npm run gates	2026-09-23T11:10:36.0572950Z 
macos	Run npm run gates	2026-09-23T11:10:36.0573830Z ^[[22m^[[39m[tray] 2026-09-23T11:10:36.056Z stav=recording-audio-lost nahrávání=true výpadekZvuku=true jenMikrofon=false lutrack=false fronta=0 přihlášen=true
macos	Run npm run gates	2026-09-23T11:10:36.0575270Z [tray] 2026-09-23T11:10:36.056Z stav=recording nahrávání=true výpadekZvuku=false jenMikrofon=false lutrack=false fronta=0 přihlášen=true
macos	Run npm run gates	2026-09-23T11:10:36.0575880Z 
macos	Run npm run gates	2026-09-23T11:10:36.0576660Z ^[[90mstdout^[[2m | tests/tray-authority.test.js^[[2m > ^[[22m^[[2mlišta se překresluje jen při skutečné změně^[[2m > ^[[22m^[[2mstejný stav podruhé už obrázek nesahá
macos	Run npm run gates	2026-09-23T11:10:36.0578840Z ^[[22m^[[39m[tray] 2026-09-23T11:10:36.057Z stav=idle nahrávání=false výpadekZvuku=false jenMikrofon=false lutrack=false fronta=0 přihlášen=true
macos	Run npm run gates	2026-09-23T11:10:36.0579370Z 
macos	Run npm run gates	2026-09-23T11:10:36.0580160Z ^[[90mstdout^[[2m | tests/tray-authority.test.js^[[2m > ^[[22m^[[2mlišta se překresluje jen při skutečné změně^[[2m > ^[[22m^[[2mzměna stavu obrázek i popisek přepíše
macos	Run npm run gates	2026-09-23T11:10:36.0581640Z ^[[22m^[[39m[tray] 2026-09-23T11:10:36.057Z stav=idle nahrávání=false výpadekZvuku=false jenMikrofon=false lutrack=false fronta=0 přihlášen=true
macos	Run npm run gates	2026-09-23T11:10:36.0582960Z [tray] 2026-09-23T11:10:36.057Z stav=tracking nahrávání=false výpadekZvuku=false jenMikrofon=false lutrack=true fronta=0 přihlášen=true
macos	Run npm run gates	2026-09-23T11:10:36.0583640Z 
macos	Run npm run gates	2026-09-23T11:10:36.0598950Z ^[[90mstdout^[[2m | tests/tray-authority.test.js^[[2m > ^[[22m^[[2mkanál faktů nesmí být tray:set-state pod jiným jménem^[[2m > ^[[22m^[[2modmítne hodnotu, která není boolean, a fakta NECHÁ být
macos	Run npm run gates	2026-09-23T11:10:36.0601270Z ^[[22m^[[39m[tray] 2026-09-23T11:10:36.059Z stav=idle nahrávání=false výpadekZvuku=false jenMikrofon=false lutrack=false fronta=0 přihlášen=true
macos	Run npm run gates	2026-09-23T11:10:36.0601750Z 
macos	Run npm run gates	2026-09-23T11:10:36.0602670Z ^[[90mstdout^[[2m | tests/tray-authority.test.js^[[2m > ^[[22m^[[2mkanál faktů nesmí být tray:set-state pod jiným jménem^[[2m > ^[[22m^[[2mprázdný objekt uživatele NEODHLÁSÍ
macos	Run npm run gates	2026-09-23T11:10:36.0604170Z ^[[22m^[[39m[tray] 2026-09-23T11:10:36.059Z stav=idle nahrávání=false výpadekZvuku=false jenMikrofon=false lutrack=false fronta=0 přihlášen=true
macos	Run npm run gates	2026-09-23T11:10:36.0604750Z 
macos	Run npm run gates	2026-09-23T11:10:36.0605540Z ^[[90mstdout^[[2m | tests/tray-authority.test.js^[[2m > ^[[22m^[[2mkanál faktů nesmí být tray:set-state pod jiným jménem^[[2m > ^[[22m^[[2modmítne undefined a nechá fakta být
macos	Run npm run gates	2026-09-23T11:10:36.0606770Z ^[[22m^[[39m[tray] 2026-09-23T11:10:36.060Z stav=idle nahrávání=false výpadekZvuku=false jenMikrofon=false lutrack=false fronta=0 přihlášen=true
macos	Run npm run gates	2026-09-23T11:10:36.0607370Z 
macos	Run npm run gates	2026-09-23T11:10:36.0608200Z ^[[90mstdout^[[2m | tests/tray-authority.test.js^[[2m > ^[[22m^[[2mkanál faktů nesmí být tray:set-state pod jiným jménem^[[2m > ^[[22m^[[2modmítne null a nechá fakta být
macos	Run npm run gates	2026-09-23T11:10:36.0609500Z ^[[22m^[[39m[tray] 2026-09-23T11:10:36.060Z stav=idle nahrávání=false výpadekZvuku=false jenMikrofon=false lutrack=false fronta=0 přihlášen=true
macos	Run npm run gates	2026-09-23T11:10:36.0610290Z 
macos	Run npm run gates	2026-09-23T11:10:36.0611210Z ^[[90mstdout^[[2m | tests/tray-authority.test.js^[[2m > ^[[22m^[[2mkanál faktů nesmí být tray:set-state pod jiným jménem^[[2m > ^[[22m^[[2modmítne "idle" a nechá fakta být
macos	Run npm run gates	2026-09-23T11:10:36.0612550Z ^[[22m^[[39m[tray] 2026-09-23T11:10:36.060Z stav=idle nahrávání=false výpadekZvuku=false jenMikrofon=false lutrack=false fronta=0 přihlášen=true
macos	Run npm run gates	2026-09-23T11:10:36.0613390Z 
macos	Run npm run gates	2026-09-23T11:10:36.0614600Z ^[[90mstdout^[[2m | tests/tray-authority.test.js^[[2m > ^[[22m^[[2mkanál faktů nesmí být tray:set-state pod jiným jménem^[[2m > ^[[22m^[[2modmítne 42 a nechá fakta být
macos	Run npm run gates	2026-09-23T11:10:36.0616490Z ^[[22m^[[39m[tray] 2026-09-23T11:10:36.060Z stav=idle nahrávání=false výpadekZvuku=false jenMikrofon=false lutrack=false fronta=0 přihlášen=true
macos	Run npm run gates	2026-09-23T11:10:36.0617050Z 
macos	Run npm run gates	2026-09-23T11:10:36.0618310Z ^[[90mstdout^[[2m | tests/tray-authority.test.js^[[2m > ^[[22m^[[2mkanál faktů nesmí být tray:set-state pod jiným jménem^[[2m > ^[[22m^[[2modmítne {"panelActionsAvailable":true,"signedIn":1,"systemAudioLost":false,"tracking":false} a nechá fakta být
macos	Run npm run gates	2026-09-23T11:10:36.0619760Z ^[[22m^[[39m[tray] 2026-09-23T11:10:36.061Z stav=idle nahrávání=false výpadekZvuku=false jenMikrofon=false lutrack=false fronta=0 přihlášen=true
macos	Run npm run gates	2026-09-23T11:10:36.0620210Z 
macos	Run npm run gates	2026-09-23T11:10:36.0621090Z ^[[90mstdout^[[2m | tests/tray-authority.test.js^[[2m > ^[[22m^[[2mkanál faktů nesmí být tray:set-state pod jiným jménem^[[2m > ^[[22m^[[2modmítne {"signedIn":true} a nechá fakta být
macos	Run npm run gates	2026-09-23T11:10:36.0622580Z ^[[22m^[[39m[tray] 2026-09-23T11:10:36.061Z stav=idle nahrávání=false výpadekZvuku=false jenMikrofon=false lutrack=false fronta=0 přihlášen=true
macos	Run npm run gates	2026-09-23T11:10:36.0623090Z 
macos	Run npm run gates	2026-09-23T11:10:36.0623980Z ^[[90mstdout^[[2m | tests/tray-authority.test.js^[[2m > ^[[22m^[[2mkanál faktů nesmí být tray:set-state pod jiným jménem^[[2m > ^[[22m^[[2modmítne {"signedIn":true,"tracking":false} a nechá fakta být
macos	Run npm run gates	2026-09-23T11:10:36.0627360Z ^[[22m^[[39m[tray] 2026-09-23T11:10:36.061Z stav=idle nahrávání=false výpadekZvuku=false jenMikrofon=false lutrack=false fronta=0 přihlášen=true
macos	Run npm run gates	2026-09-23T11:10:36.0629120Z 
macos	Run npm run gates	2026-09-23T11:10:36.0630740Z ^[[90mstdout^[[2m | tests/tray-authority.test.js^[[2m > ^[[22m^[[2mkanál faktů nesmí být tray:set-state pod jiným jménem^[[2m > ^[[22m^[[2modmítne {"panelActionsAvailable":true,"signedIn":true,"systemAudioLost":false,"tracking":false,"state":"recording"} a nechá fakta být
macos	Run npm run gates	2026-09-23T11:10:36.0632490Z ^[[22m^[[39m[tray] 2026-09-23T11:10:36.061Z stav=idle nahrávání=false výpadekZvuku=false jenMikrofon=false lutrack=false fronta=0 přihlášen=true
macos	Run npm run gates	2026-09-23T11:10:36.0633810Z 
macos	Run npm run gates	2026-09-23T11:10:36.0635110Z ^[[90mstdout^[[2m | tests/tray-authority.test.js^[[2m > ^[[22m^[[2mkanál faktů nesmí být tray:set-state pod jiným jménem^[[2m > ^[[22m^[[2modmítne {"panelActionsAvailable":true,"signedIn":true,"systemAudioLost":false,"tracking":false,"icon":"recording"} a nechá fakta být
macos	Run npm run gates	2026-09-23T11:10:36.0637000Z ^[[22m^[[39m[tray] 2026-09-23T11:10:36.062Z stav=idle nahrávání=false výpadekZvuku=false jenMikrofon=false lutrack=false fronta=0 přihlášen=true
macos	Run npm run gates	2026-09-23T11:10:36.0638020Z 
macos	Run npm run gates	2026-09-23T11:10:36.0638900Z ^[[90mstdout^[[2m | tests/tray-authority.test.js^[[2m > ^[[22m^[[2mkanál faktů nesmí být tray:set-state pod jiným jménem^[[2m > ^[[22m^[[2mplatnou čtveřici boolean přijme
macos	Run npm run gates	2026-09-23T11:10:36.0640320Z ^[[22m^[[39m[tray] 2026-09-23T11:10:36.062Z stav=signed-out nahrávání=false výpadekZvuku=false jenMikrofon=false lutrack=false fronta=0 přihlášen=false
macos	Run npm run gates	2026-09-23T11:10:36.0641630Z [tray] 2026-09-23T11:10:36.062Z stav=tracking nahrávání=false výpadekZvuku=false jenMikrofon=false lutrack=true fronta=0 přihlášen=true
macos	Run npm run gates	2026-09-23T11:10:36.0642130Z 
macos	Run npm run gates	2026-09-23T11:10:36.0643740Z ^[[90mstdout^[[2m | tests/tray-authority.test.js^[[2m > ^[[22m^[[2mkanál faktů nesmí být tray:set-state pod jiným jménem^[[2m > ^[[22m^[[2mvýpadek přijme jen jako boolean, neplatný report stav nezmění a obnova vrátí nahrávání
macos	Run npm run gates	2026-09-23T11:10:36.0646000Z ^[[22m^[[39m[tray] 2026-09-23T11:10:36.063Z stav=recording nahrávání=true výpadekZvuku=false jenMikrofon=false lutrack=false fronta=0 přihlášen=true
macos	Run npm run gates	2026-09-23T11:10:36.0647400Z [tray] 2026-09-23T11:10:36.063Z stav=recording-audio-lost nahrávání=true výpadekZvuku=true jenMikrofon=false lutrack=false fronta=0 přihlášen=true
macos	Run npm run gates	2026-09-23T11:10:36.0648720Z [tray] 2026-09-23T11:10:36.063Z stav=recording nahrávání=true výpadekZvuku=false jenMikrofon=false lutrack=false fronta=0 přihlášen=true
macos	Run npm run gates	2026-09-23T11:10:36.0649290Z 
macos	Run npm run gates	2026-09-23T11:10:36.0650490Z ^[[90mstdout^[[2m | tests/tray-authority.test.js^[[2m > ^[[22m^[[2mprvní vykreslení lišty^[[2m > ^[[22m^[[2mnastaví obrázek i popisek, i když se stav nezměnil
macos	Run npm run gates	2026-09-23T11:10:36.0652560Z ^[[22m^[[39m[tray] 2026-09-23T11:10:36.063Z stav=signed-out nahrávání=false výpadekZvuku=false jenMikrofon=false lutrack=false fronta=0 přihlášen=false
macos	Run npm run gates	2026-09-23T11:10:36.0653940Z 
macos	Run npm run gates	2026-09-23T11:10:36.0655230Z ^[[90mstdout^[[2m | tests/tray-authority.test.js^[[2m > ^[[22m^[[2mprvní vykreslení lišty^[[2m > ^[[22m^[[2mpodruhé už na lištu nesahá
macos	Run npm run gates	2026-09-23T11:10:36.0656590Z ^[[22m^[[39m[tray] 2026-09-23T11:10:36.064Z stav=signed-out nahrávání=false výpadekZvuku=false jenMikrofon=false lutrack=false fronta=0 přihlášen=false
macos	Run npm run gates	2026-09-23T11:10:36.0657490Z 
macos	Run npm run gates	2026-09-23T11:10:36.0725290Z  ^[[32m✓^[[39m tests/tray-authority.test.js ^[[2m(^[[22m^[[2m81 tests^[[22m^[[2m)^[[22m^[[32m 26^[[2mms^[[22m^[[39m
macos	Run npm run gates	2026-09-23T11:10:36.4224600Z  ^[[32m✓^[[39m tests/logout-safety.test.js ^[[2m(^[[22m^[[2m13 tests^[[22m^[[2m)^[[22m^[[32m 170^[[2mms^[[22m^[[39m
macos	Run npm run gates	2026-09-23T11:10:36.7682070Z  ^[[32m✓^[[39m tests/onboarding-missing-steps.test.js ^[[2m(^[[22m^[[2m23 tests^[[22m^[[2m)^[[22m^[[33m 2039^[[2mms^[[22m^[[39m
macos	Run npm run gates	2026-09-23T11:10:36.7703110Z    ^[[33m^[[2m✓^[[22m^[[39m dva chybějící kroky onboardingu^[[2m > ^[[22mpo skončení pokusu přestane neznámou adresu znovu zjišťovat ^[[33m 907^[[2mms^[[22m^[[39m
macos	Run npm run gates	2026-09-23T11:10:36.9697340Z  ^[[32m✓^[[39m tests/auth-identity-fallback.test.js ^[[2m(^[[22m^[[2m29 tests^[[22m^[[2m)^[[22m^[[33m 372^[[2mms^[[22m^[[39m
macos	Run npm run gates	2026-09-23T11:10:37.1881400Z  ^[[32m✓^[[39m tests/auth-controller-wiring.test.js ^[[2m(^[[22m^[[2m48 tests^[[22m^[[2m)^[[22m^[[32m 162^[[2mms^[[22m^[[39m
macos	Run npm run gates	2026-09-23T11:10:37.6610500Z  ^[[32m✓^[[39m tests/recording-actions.test.js ^[[2m(^[[22m^[[2m18 tests^[[22m^[[2m)^[[22m^[[32m 256^[[2mms^[[22m^[[39m
macos	Run npm run gates	2026-09-23T11:10:38.0667690Z  ^[[32m✓^[[39m tests/meeting-audio.test.js ^[[2m(^[[22m^[[2m14 tests^[[22m^[[2m)^[[22m^[[32m 163^[[2mms^[[22m^[[39m
macos	Run npm run gates	2026-09-23T11:10:38.0881100Z  ^[[32m✓^[[39m tests/recordings-dashboard.test.js ^[[2m(^[[22m^[[2m17 tests^[[22m^[[2m)^[[22m^[[33m 414^[[2mms^[[22m^[[39m
macos	Run npm run gates	2026-09-23T11:10:39.6832960Z  ^[[32m✓^[[39m tests/renderer-failure-feedback.test.js ^[[2m(^[[22m^[[2m29 tests^[[22m^[[2m)^[[22m^[[33m 838^[[2mms^[[22m^[[39m
macos	Run npm run gates	2026-09-23T11:10:39.8964710Z  ^[[32m✓^[[39m tests/ipc-sender-guard.test.js ^[[2m(^[[22m^[[2m21 tests^[[22m^[[2m)^[[22m^[[32m 8^[[2mms^[[22m^[[39m
macos	Run npm run gates	2026-09-23T11:10:40.5047500Z  ^[[32m✓^[[39m tests/recording-verification.test.js ^[[2m(^[[22m^[[2m21 tests^[[22m^[[2m)^[[22m^[[33m 393^[[2mms^[[22m^[[39m
macos	Run npm run gates	2026-09-23T11:10:40.9140840Z  ^[[32m✓^[[39m tests/auth-cancellation-storage.test.js ^[[2m(^[[22m^[[2m11 tests^[[22m^[[2m)^[[22m^[[32m 236^[[2mms^[[22m^[[39m
macos	Run npm run gates	2026-09-23T11:10:41.0800520Z  ^[[32m✓^[[39m tests/ui-smoke.test.js ^[[2m(^[[22m^[[2m17 tests^[[22m^[[2m)^[[22m^[[32m 13^[[2mms^[[22m^[[39m
macos	Run npm run gates	2026-09-23T11:10:41.4911650Z  ^[[32m✓^[[39m tests/tray-ikony.test.js ^[[2m(^[[22m^[[2m9 tests^[[22m^[[2m)^[[22m^[[32m 269^[[2mms^[[22m^[[39m
macos	Run npm run gates	2026-09-23T11:10:41.6080890Z  ^[[32m✓^[[39m tests/session-reentry.test.js ^[[2m(^[[22m^[[2m12 tests^[[22m^[[2m)^[[22m^[[33m 2783^[[2mms^[[22m^[[39m
macos	Run npm run gates	2026-09-23T11:10:41.6184530Z    ^[[33m^[[2m✓^[[22m^[[39m návrat do aplikace po ztrátě session^[[2m > ^[[22mdokončení úvodního průvodce bez platné relace otevře nový přihlašovací krok ^[[33m 1269^[[2mms^[[22m^[[39m
macos	Run npm run gates	2026-09-23T11:10:41.6311920Z    ^[[33m^[[2m✓^[[22m^[[39m oznámení změny session mezi okny^[[2m > ^[[22motevřená okna zjistí vypršení bez změny fokusu a panel nabídne nové přihlášení ^[[33m 1165^[[2mms^[[22m^[[39m
macos	Run npm run gates	2026-09-23T11:10:41.6835400Z  ^[[32m✓^[[39m tests/zapojeni-odhlaseni.test.js ^[[2m(^[[22m^[[2m12 tests^[[22m^[[2m | ^[[22m^[[33m1 skipped^[[39m^[[2m)^[[22m^[[32m 4^[[2mms^[[22m^[[39m
macos	Run npm run gates	2026-09-23T11:10:41.8789350Z  ^[[32m✓^[[39m tests/auth-refresh.test.js ^[[2m(^[[22m^[[2m10 tests^[[22m^[[2m)^[[22m^[[32m 58^[[2mms^[[22m^[[39m
macos	Run npm run gates	2026-09-23T11:10:42.8167180Z  ^[[32m✓^[[39m tests/settings-audio-test.test.js ^[[2m(^[[22m^[[2m10 tests^[[22m^[[2m)^[[22m^[[33m 397^[[2mms^[[22m^[[39m
macos	Run npm run gates	2026-09-23T11:10:43.0598440Z  ^[[32m✓^[[39m tests/settings-persistence.test.js ^[[2m(^[[22m^[[2m31 tests^[[22m^[[2m)^[[22m^[[32m 85^[[2mms^[[22m^[[39m
macos	Run npm run gates	2026-09-23T11:10:44.3243040Z  ^[[32m✓^[[39m tests/packaging.test.js ^[[2m(^[[22m^[[2m6 tests^[[22m^[[2m)^[[22m^[[33m 1122^[[2mms^[[22m^[[39m
macos	Run npm run gates	2026-09-23T11:10:44.3244380Z    ^[[33m^[[2m✓^[[22m^[[39m kontrakt electron-builderu^[[2m > ^[[22mbez podpisových proměnných provede nepodepsaný build plán a nespadne ^[[33m 503^[[2mms^[[22m^[[39m
macos	Run npm run gates	2026-09-23T11:10:44.7437920Z    ^[[33m^[[2m✓^[[22m^[[39m kontrakt electron-builderu^[[2m > ^[[22múplná tajemství zapnou podpis a notarizaci, ale nikdy se nevypíší ^[[33m 574^[[2mms^[[22m^[[39m
macos	Run npm run gates	2026-09-23T11:10:44.7438910Z  ^[[32m✓^[[39m tests/desktop-progress.test.js ^[[2m(^[[22m^[[2m3 tests^[[22m^[[2m)^[[22m^[[32m 257^[[2mms^[[22m^[[39m
macos	Run npm run gates	2026-09-23T11:10:45.8778680Z  ^[[32m✓^[[39m tests/auth-error-screens.test.js ^[[2m(^[[22m^[[2m13 tests^[[22m^[[2m)^[[22m^[[33m 463^[[2mms^[[22m^[[39m
macos	Run npm run gates	2026-09-23T11:10:46.1254780Z  ^[[32m✓^[[39m tests/diagnostics.test.js ^[[2m(^[[22m^[[2m6 tests^[[22m^[[2m)^[[22m^[[32m 33^[[2mms^[[22m^[[39m
macos	Run npm run gates	2026-09-23T11:10:46.9419020Z  ^[[32m✓^[[39m tests/nazev-zarizeni.test.js ^[[2m(^[[22m^[[2m8 tests^[[22m^[[2m)^[[22m^[[32m 191^[[2mms^[[22m^[[39m
macos	Run npm run gates	2026-09-23T11:10:47.2640860Z  ^[[32m✓^[[39m tests/volba-firmy-v-relaci.test.js ^[[2m(^[[22m^[[2m14 tests^[[22m^[[2m)^[[22m^[[32m 97^[[2mms^[[22m^[[39m
macos	Run npm run gates	2026-09-23T11:10:47.5010580Z  ^[[32m✓^[[39m tests/permissions.test.js ^[[2m(^[[22m^[[2m18 tests^[[22m^[[2m)^[[22m^[[32m 13^[[2mms^[[22m^[[39m
macos	Run npm run gates	2026-09-23T11:10:47.6681930Z  ^[[32m✓^[[39m tests/ikona-aplikace.test.js ^[[2m(^[[22m^[[2m4 tests^[[22m^[[2m)^[[22m^[[33m 5812^[[2mms^[[22m^[[39m
macos	Run npm run gates	2026-09-23T11:10:47.6793520Z    ^[[33m^[[2m✓^[[22m^[[39m ikona aplikace^[[2m > ^[[22mbuild.mac.icon ukazuje na existující neprázdnou sadu ICNS ^[[33m 1252^[[2mms^[[22m^[[39m
macos	Run npm run gates	2026-09-23T11:10:47.6895770Z    ^[[33m^[[2m✓^[[22m^[[39m ikona aplikace^[[2m > ^[[22mgenerátor vytváří všech deset PNG a reprodukovatelné ICNS ^[[33m 985^[[2mms^[[22m^[[39m
macos	Run npm run gates	2026-09-23T11:10:47.6946440Z    ^[[33m^[[2m✓^[[22m^[[39m ikona aplikace^[[2m > ^[[22mzměna sdílených bodů, šířky i plátna mění glyf aplikace i lišty ^[[33m 2710^[[2mms^[[22m^[[39m
macos	Run npm run gates	2026-09-23T11:10:47.6947970Z    ^[[33m^[[2m✓^[[22m^[[39m ikona aplikace^[[2m > ^[[22mbalení vytvoří chybějící ikonu dříve, než spustí electron-builder ^[[33m 863^[[2mms^[[22m^[[39m
macos	Run npm run gates	2026-09-23T11:10:48.3243680Z  ^[[32m✓^[[39m tests/zkratky-bez-kryti.test.js ^[[2m(^[[22m^[[2m9 tests^[[22m^[[2m)^[[22m^[[32m 170^[[2mms^[[22m^[[39m
macos	Run npm run gates	2026-09-23T11:10:48.6248360Z  ^[[32m✓^[[39m tests/settings-audio-permissions.test.js ^[[2m(^[[22m^[[2m11 tests^[[22m^[[2m)^[[22m^[[32m 16^[[2mms^[[22m^[[39m
macos	Run npm run gates	2026-09-23T11:10:49.6311780Z  ^[[32m✓^[[39m tests/tracking-card.test.js ^[[2m(^[[22m^[[2m10 tests^[[22m^[[2m)^[[22m^[[33m 1043^[[2mms^[[22m^[[39m
macos	Run npm run gates	2026-09-23T11:10:49.6315660Z    ^[[33m^[[2m✓^[[22m^[[39m LuTrack jako ukázka (compact=false)^[[2m > ^[[22mhned po vykreslení bez interakce viditelně říká, že se čas nikam neuloží ^[[33m 448^[[2mms^[[22m^[[39m
macos	Run npm run gates	2026-09-23T11:10:49.7504320Z  ^[[32m✓^[[39m tests/tray-space-warning.test.js ^[[2m(^[[22m^[[2m4 tests^[[22m^[[2m)^[[22m^[[32m 208^[[2mms^[[22m^[[39m
macos	Run npm run gates	2026-09-23T11:10:49.9462040Z  ^[[32m✓^[[39m tests/upload-company-selection.test.js ^[[2m(^[[22m^[[2m12 tests^[[22m^[[2m)^[[22m^[[32m 69^[[2mms^[[22m^[[39m
macos	Run npm run gates	2026-09-23T11:10:50.0263670Z  ^[[32m✓^[[39m tests/manifest.test.js ^[[2m(^[[22m^[[2m10 tests^[[22m^[[2m)^[[22m^[[32m 20^[[2mms^[[22m^[[39m
macos	Run npm run gates	2026-09-23T11:10:50.3473380Z  ^[[32m✓^[[39m tests/media-encoder.test.js ^[[2m(^[[22m^[[2m7 tests^[[22m^[[2m)^[[22m^[[32m 143^[[2mms^[[22m^[[39m
macos	Run npm run gates	2026-09-23T11:10:50.5908510Z  ^[[32m✓^[[39m tests/fronta-neztrati.test.js ^[[2m(^[[22m^[[2m8 tests^[[22m^[[2m)^[[22m^[[32m 4^[[2mms^[[22m^[[39m
macos	Run npm run gates	2026-09-23T11:10:50.7967060Z  ^[[32m✓^[[39m tests/zjisteni-firmy.test.js ^[[2m(^[[22m^[[2m10 tests^[[22m^[[2m)^[[22m^[[32m 8^[[2mms^[[22m^[[39m
macos	Run npm run gates	2026-09-23T11:10:51.0329180Z  ^[[32m✓^[[39m tests/meeting-upload.test.js ^[[2m(^[[22m^[[2m2 tests^[[22m^[[2m)^[[22m^[[32m 17^[[2mms^[[22m^[[39m
macos	Run npm run gates	2026-09-23T11:10:51.0361300Z  ^[[32m✓^[[39m tests/recordings-status.test.js ^[[2m(^[[22m^[[2m2 tests^[[22m^[[2m)^[[22m^[[32m 223^[[2mms^[[22m^[[39m
macos	Run npm run gates	2026-09-23T11:10:51.3298780Z  ^[[32m✓^[[39m tests/media-encoder-packaging.test.js ^[[2m(^[[22m^[[2m4 tests^[[22m^[[2m)^[[22m^[[32m 21^[[2mms^[[22m^[[39m
macos	Run npm run gates	2026-09-23T11:10:51.3412590Z ^[[90mstdout^[[2m | tests/verify-macos-release.test.js^[[2m > ^[[22m^[[2mověření podepsaného macOS releasu^[[2m > ^[[22m^[[2mmapuje x64 na Mach-O x86_64 a ověří aplikace uvnitř read-only DMG i ZIP
macos	Run npm run gates	2026-09-23T11:10:51.3484890Z ^[[22m^[[39mPASS DMG obraz a vložená aplikace: LuDone-Desktop-0.1.4-arm64.dmg
macos	Run npm run gates	2026-09-23T11:10:51.3486640Z 
macos	Run npm run gates	2026-09-23T11:10:51.3487740Z ^[[90mstdout^[[2m | tests/verify-macos-release.test.js^[[2m > ^[[22m^[[2mověření podepsaného macOS releasu^[[2m > ^[[22m^[[2mmapuje x64 na Mach-O x86_64 a ověří aplikace uvnitř read-only DMG i ZIP
macos	Run npm run gates	2026-09-23T11:10:51.3488790Z ^[[22m^[[39mPASS DMG obraz a vložená aplikace: LuDone-Desktop-0.1.4-x64.dmg
macos	Run npm run gates	2026-09-23T11:10:51.3489390Z 
macos	Run npm run gates	2026-09-23T11:10:51.3490340Z ^[[90mstdout^[[2m | tests/verify-macos-release.test.js^[[2m > ^[[22m^[[2mověření podepsaného macOS releasu^[[2m > ^[[22m^[[2mmapuje x64 na Mach-O x86_64 a ověří aplikace uvnitř read-only DMG i ZIP
macos	Run npm run gates	2026-09-23T11:10:51.3491430Z ^[[22m^[[39mPASS ZIP aplikace, architektura, podpis a notarizace: LuDone-Desktop-0.1.4-arm64.zip
macos	Run npm run gates	2026-09-23T11:10:51.3492000Z 
macos	Run npm run gates	2026-09-23T11:10:51.3493180Z ^[[90mstdout^[[2m | tests/verify-macos-release.test.js^[[2m > ^[[22m^[[2mověření podepsaného macOS releasu^[[2m > ^[[22m^[[2mmapuje x64 na Mach-O x86_64 a ověří aplikace uvnitř read-only DMG i ZIP
macos	Run npm run gates	2026-09-23T11:10:51.3494220Z ^[[22m^[[39mPASS ZIP aplikace, architektura, podpis a notarizace: LuDone-Desktop-0.1.4-x64.zip
macos	Run npm run gates	2026-09-23T11:10:51.3494590Z 
macos	Run npm run gates	2026-09-23T11:10:51.3596400Z  ^[[32m✓^[[39m tests/verify-macos-release.test.js ^[[2m(^[[22m^[[2m2 tests^[[22m^[[2m)^[[22m^[[32m 50^[[2mms^[[22m^[[39m
macos	Run npm run gates	2026-09-23T11:10:51.6054300Z  ^[[32m✓^[[39m tests/proc-je-ticho.test.js ^[[2m(^[[22m^[[2m15 tests^[[22m^[[2m)^[[22m^[[32m 9^[[2mms^[[22m^[[39m
macos	Run npm run gates	2026-09-23T11:10:51.8451350Z  ^[[32m✓^[[39m tests/seznam-firem.test.js ^[[2m(^[[22m^[[2m10 tests^[[22m^[[2m)^[[22m^[[32m 11^[[2mms^[[22m^[[39m
macos	Run npm run gates	2026-09-23T11:10:52.0955900Z  ^[[32m✓^[[39m tests/queue-scheduler.test.js ^[[2m(^[[22m^[[2m8 tests^[[22m^[[2m)^[[22m^[[32m 23^[[2mms^[[22m^[[39m
macos	Run npm run gates	2026-09-23T11:10:52.2832090Z  ^[[32m✓^[[39m tests/auth-panel-blur-guard.test.js ^[[2m(^[[22m^[[2m6 tests^[[22m^[[2m)^[[22m^[[32m 7^[[2mms^[[22m^[[39m
macos	Run npm run gates	2026-09-23T11:10:52.3907760Z  ^[[32m✓^[[39m tests/upload-company-selector.test.js ^[[2m(^[[22m^[[2m4 tests^[[22m^[[2m)^[[22m^[[32m 182^[[2mms^[[22m^[[39m
macos	Run npm run gates	2026-09-23T11:10:52.5879270Z  ^[[32m✓^[[39m tests/release-artifacts.test.js ^[[2m(^[[22m^[[2m4 tests^[[22m^[[2m)^[[22m^[[32m 65^[[2mms^[[22m^[[39m
macos	Run npm run gates	2026-09-23T11:10:52.6594360Z  ^[[32m✓^[[39m tests/kalendar-zrusen.test.js ^[[2m(^[[22m^[[2m4 tests^[[22m^[[2m | ^[[22m^[[33m1 skipped^[[39m^[[2m)^[[22m^[[32m 13^[[2mms^[[22m^[[39m
macos	Run npm run gates	2026-09-23T11:10:52.9074820Z  ^[[32m✓^[[39m tests/pisma.test.js ^[[2m(^[[22m^[[2m4 tests^[[22m^[[2m)^[[22m^[[32m 8^[[2mms^[[22m^[[39m
macos	Run npm run gates	2026-09-23T11:10:53.0664160Z  ^[[32m✓^[[39m tests/publish-release-remote.test.js ^[[2m(^[[22m^[[2m2 tests^[[22m^[[2m)^[[22m^[[32m 250^[[2mms^[[22m^[[39m
macos	Run npm run gates	2026-09-23T11:10:53.1272860Z  ^[[32m✓^[[39m tests/firma-pro-odeslani.test.js ^[[2m(^[[22m^[[2m8 tests^[[22m^[[2m)^[[22m^[[32m 4^[[2mms^[[22m^[[39m
macos	Run npm run gates	2026-09-23T11:10:53.3040830Z  ^[[32m✓^[[39m tests/panel-blur-guard.test.js ^[[2m(^[[22m^[[2m6 tests^[[22m^[[2m)^[[22m^[[32m 2^[[2mms^[[22m^[[39m
macos	Run npm run gates	2026-09-23T11:10:53.3637070Z  ^[[32m✓^[[39m tests/fronta-symetrie.test.js ^[[2m(^[[22m^[[2m3 tests^[[22m^[[2m)^[[22m^[[32m 3^[[2mms^[[22m^[[39m
macos	Run npm run gates	2026-09-23T11:10:53.5600730Z  ^[[32m✓^[[39m tests/auth-wait-lifecycle.test.js ^[[2m(^[[22m^[[2m2 tests^[[22m^[[2m)^[[22m^[[32m 45^[[2mms^[[22m^[[39m
macos	Run npm run gates	2026-09-23T11:10:53.6008840Z  ^[[32m✓^[[39m tests/verify-published-release.test.js ^[[2m(^[[22m^[[2m7 tests^[[22m^[[2m)^[[22m^[[32m 12^[[2mms^[[22m^[[39m
macos	Run npm run gates	2026-09-23T11:10:53.8428380Z  ^[[32m✓^[[39m tests/oauth-state.test.js ^[[2m(^[[22m^[[2m10 tests^[[22m^[[2m)^[[22m^[[32m 11^[[2mms^[[22m^[[39m
macos	Run npm run gates	2026-09-23T11:10:53.8671200Z  ^[[32m✓^[[39m tests/opravneni-k-odesilani.test.js ^[[2m(^[[22m^[[2m14 tests^[[22m^[[2m)^[[22m^[[32m 6^[[2mms^[[22m^[[39m
macos	Run npm run gates	2026-09-23T11:10:54.1064610Z  ^[[32m✓^[[39m tests/release-workflow.test.js ^[[2m(^[[22m^[[2m4 tests^[[22m^[[2m)^[[22m^[[32m 6^[[2mms^[[22m^[[39m
macos	Run npm run gates	2026-09-23T11:10:54.3556570Z  ^[[32m✓^[[39m tests/brany-workflow.test.js ^[[2m(^[[22m^[[2m5 tests^[[22m^[[2m)^[[22m^[[32m 5^[[2mms^[[22m^[[39m
macos	Run npm run gates	2026-09-23T11:10:54.6082560Z  ^[[32m✓^[[39m tests/pkce.test.js ^[[2m(^[[22m^[[2m5 tests^[[22m^[[2m)^[[22m^[[32m 5^[[2mms^[[22m^[[39m
macos	Run npm run gates	2026-09-23T11:10:54.8288810Z  ^[[32m✓^[[39m tests/barvy.test.js ^[[2m(^[[22m^[[2m1 test^[[22m^[[2m)^[[22m^[[32m 4^[[2mms^[[22m^[[39m
macos	Run npm run gates	2026-09-23T11:10:54.8946840Z  ^[[32m✓^[[39m tests/queue-card-labels.test.js ^[[2m(^[[22m^[[2m5 tests^[[22m^[[2m)^[[22m^[[32m 182^[[2mms^[[22m^[[39m
macos	Run npm run gates	2026-09-23T11:10:55.0711180Z  ^[[32m✓^[[39m tests/electron-verze.test.js ^[[2m(^[[22m^[[2m3 tests^[[22m^[[2m)^[[22m^[[32m 5^[[2mms^[[22m^[[39m
macos	Run npm run gates	2026-09-23T11:10:55.1217350Z  ^[[32m✓^[[39m tests/recording-order-guard.test.js ^[[2m(^[[22m^[[2m1 test^[[22m^[[2m)^[[22m^[[32m 2^[[2mms^[[22m^[[39m
macos	Run npm run gates	2026-09-23T11:10:55.3499850Z  ^[[32m✓^[[39m tests/auth-timeout-guard.test.js ^[[2m(^[[22m^[[2m2 tests^[[22m^[[2m)^[[22m^[[32m 4^[[2mms^[[22m^[[39m
macos	Run npm run gates	2026-09-23T11:10:55.3806080Z  ^[[32m✓^[[39m tests/main-entry.test.js ^[[2m(^[[22m^[[2m1 test^[[22m^[[2m)^[[22m^[[32m 72^[[2mms^[[22m^[[39m
macos	Run npm run gates	2026-09-23T11:10:56.0769170Z  ^[[32m✓^[[39m tests/zachyceni-zdroju.test.js ^[[2m(^[[22m^[[2m3 tests^[[22m^[[2m)^[[22m^[[32m 5^[[2mms^[[22m^[[39m
macos	Run npm run gates	2026-09-23T11:10:56.0927970Z 
macos	Run npm run gates	2026-09-23T11:10:56.0944100Z ^[[2m Test Files ^[[22m ^[[1m^[[32m76 passed^[[39m^[[22m^[[90m (76)^[[39m
macos	Run npm run gates	2026-09-23T11:10:56.0947100Z ^[[2m      Tests ^[[22m ^[[1m^[[32m1554 passed^[[39m^[[22m^[[2m | ^[[22m^[[33m3 skipped^[[39m^[[90m (1557)^[[39m
macos	Run npm run gates	2026-09-23T11:10:56.0948790Z ^[[2m   Start at ^[[22m 11:10:23
macos	Run npm run gates	2026-09-23T11:10:56.0952450Z ^[[2m   Duration ^[[22m 32.38s^[[2m (transform 892ms, setup 390ms, collect 12.93s, tests 35.02s, environment 531ms, prepare 4.37s)^[[22m
macos	Run npm run gates	2026-09-23T11:10:56.0956310Z 
macos	Run npm run gates	2026-09-23T11:10:56.3573030Z 
macos	Run npm run gates	2026-09-23T11:10:56.3574100Z > ludone-desktop-prototype@0.1.4 preskocene
macos	Run npm run gates	2026-09-23T11:10:56.3575220Z > node scripts/preskocene.mjs
macos	Run npm run gates	2026-09-23T11:10:56.3575850Z 
macos	Run npm run gates	2026-09-23T11:11:30.6427020Z [preskocene] 3 přeskočených, baseline 3 — v pořádku.
macos	Sestavení přibaleného Opus nástroje pro oba typy Macu	﻿2026-09-23T11:11:30.6772530Z ##[group]Run npm run prepare:media-encoder
macos	Sestavení přibaleného Opus nástroje pro oba typy Macu	2026-09-23T11:11:30.6773130Z ^[[36;1mnpm run prepare:media-encoder^[[0m
macos	Sestavení přibaleného Opus nástroje pro oba typy Macu	2026-09-23T11:11:30.7062410Z shell: /bin/bash -e {0}
macos	Sestavení přibaleného Opus nástroje pro oba typy Macu	2026-09-23T11:11:30.7062890Z ##[endgroup]
macos	Sestavení přibaleného Opus nástroje pro oba typy Macu	2026-09-23T11:11:30.9220560Z 
macos	Sestavení přibaleného Opus nástroje pro oba typy Macu	2026-09-23T11:11:30.9222540Z > ludone-desktop-prototype@0.1.4 prepare:media-encoder
macos	Sestavení přibaleného Opus nástroje pro oba typy Macu	2026-09-23T11:11:30.9224630Z > node scripts/prepare-media-encoder.mjs --arch all
macos	Sestavení přibaleného Opus nástroje pro oba typy Macu	2026-09-23T11:11:30.9225360Z 
macos	Sestavení přibaleného Opus nástroje pro oba typy Macu	2026-09-23T11:11:34.5758050Z [encoder] arm64: cache nelze použít (ENOENT: no such file or directory, access '/Users/runner/work/ludone-desktop/ludone-desktop/.runtime/media-encoder/ffmpeg-6.1.6/darwin-arm64/ffmpeg'); sestavuji znovu.
macos	Sestavení přibaleného Opus nástroje pro oba typy Macu	2026-09-23T11:11:34.5759390Z [encoder] arm64: sestavuji FFmpeg 6.1.6 + Opus 1.6.1.
macos	Sestavení přibaleného Opus nástroje pro oba typy Macu	2026-09-23T11:11:37.8446730Z checking whether make supports nested variables... yes
macos	Sestavení přibaleného Opus nástroje pro oba typy Macu	2026-09-23T11:11:37.8628510Z checking for a BSD-compatible install... /usr/bin/install -c
macos	Sestavení přibaleného Opus nástroje pro oba typy Macu	2026-09-23T11:11:37.8684450Z checking whether build environment is sane... yes
macos	Sestavení přibaleného Opus nástroje pro oba typy Macu	2026-09-23T11:11:37.8847970Z checking for aarch64-apple-darwin-strip... no
macos	Sestavení přibaleného Opus nástroje pro oba typy Macu	2026-09-23T11:11:37.8848990Z checking for strip... strip
macos	Sestavení přibaleného Opus nástroje pro oba typy Macu	2026-09-23T11:11:37.8885040Z checking for a race-free mkdir -p... /Users/runner/work/ludone-desktop/ludone-desktop/.runtime/media-encoder/ffmpeg-6.1.6/work/arm64/opus-1.6.1/install-sh -c -d
macos	Sestavení přibaleného Opus nástroje pro oba typy Macu	2026-09-23T11:11:37.8887470Z checking for gawk... no
macos	Sestavení přibaleného Opus nástroje pro oba typy Macu	2026-09-23T11:11:37.8891390Z checking for mawk... no
macos	Sestavení přibaleného Opus nástroje pro oba typy Macu	2026-09-23T11:11:37.8892570Z checking for nawk... no
macos	Sestavení přibaleného Opus nástroje pro oba typy Macu	2026-09-23T11:11:37.8898760Z checking for awk... awk
macos	Sestavení přibaleného Opus nástroje pro oba typy Macu	2026-09-23T11:11:37.9178130Z checking whether make sets $(MAKE)... yes
macos	Sestavení přibaleného Opus nástroje pro oba typy Macu	2026-09-23T11:11:37.9357460Z checking whether to enable maintainer-specific portions of Makefiles... yes
macos	Sestavení přibaleného Opus nástroje pro oba typy Macu	2026-09-23T11:11:37.9753900Z checking build system type... aarch64-apple-darwin23.6.0
macos	Sestavení přibaleného Opus nástroje pro oba typy Macu	2026-09-23T11:11:37.9869000Z checking host system type... aarch64-apple-darwin
macos	Sestavení přibaleného Opus nástroje pro oba typy Macu	2026-09-23T11:11:37.9918710Z checking how to print strings... printf
macos	Sestavení přibaleného Opus nástroje pro oba typy Macu	2026-09-23T11:11:38.0241960Z checking whether make supports the include directive... yes (GNU style)
macos	Sestavení přibaleného Opus nástroje pro oba typy Macu	2026-09-23T11:11:38.0243150Z checking for aarch64-apple-darwin-gcc... clang
macos	Sestavení přibaleného Opus nástroje pro oba typy Macu	2026-09-23T11:11:39.1357770Z checking whether the C compiler works... yes
macos	Sestavení přibaleného Opus nástroje pro oba typy Macu	2026-09-23T11:11:39.1459580Z checking for C compiler default output file name... a.out
macos	Sestavení přibaleného Opus nástroje pro oba typy Macu	2026-09-23T11:11:39.1967640Z checking for suffix of executables... 
macos	Sestavení přibaleného Opus nástroje pro oba typy Macu	2026-09-23T11:11:39.4497290Z checking whether we are cross compiling... no
macos	Sestavení přibaleného Opus nástroje pro oba typy Macu	2026-09-23T11:11:39.4927380Z checking for suffix of object files... o
macos	Sestavení přibaleného Opus nástroje pro oba typy Macu	2026-09-23T11:11:39.5618070Z checking whether the compiler supports GNU C... yes
macos	Sestavení přibaleného Opus nástroje pro oba typy Macu	2026-09-23T11:11:39.6110910Z checking whether clang accepts -g... yes
macos	Sestavení přibaleného Opus nástroje pro oba typy Macu	2026-09-23T11:11:39.6855690Z checking for clang option to enable C11 features... none needed
macos	Sestavení přibaleného Opus nástroje pro oba typy Macu	2026-09-23T11:11:39.7735590Z checking whether clang understands -c and -o together... yes
macos	Sestavení přibaleného Opus nástroje pro oba typy Macu	2026-09-23T11:11:39.8573190Z checking dependency style of clang... gcc3
macos	Sestavení přibaleného Opus nástroje pro oba typy Macu	2026-09-23T11:11:40.0394930Z checking for a sed that does not truncate output... /usr/bin/sed
macos	Sestavení přibaleného Opus nástroje pro oba typy Macu	2026-09-23T11:11:40.0451750Z checking for grep that handles long lines and -e... /usr/bin/grep
macos	Sestavení přibaleného Opus nástroje pro oba typy Macu	2026-09-23T11:11:40.0474940Z checking for egrep... /usr/bin/grep -E
macos	Sestavení přibaleného Opus nástroje pro oba typy Macu	2026-09-23T11:11:40.0498440Z checking for fgrep... /usr/bin/grep -F
macos	Sestavení přibaleného Opus nástroje pro oba typy Macu	2026-09-23T11:11:40.0686050Z checking for ld used by clang... /Applications/Xcode_15.4.app/Contents/Developer/Toolchains/XcodeDefault.xctoolchain/usr/bin/ld
macos	Sestavení přibaleného Opus nástroje pro oba typy Macu	2026-09-23T11:11:40.0756750Z checking if the linker (/Applications/Xcode_15.4.app/Contents/Developer/Toolchains/XcodeDefault.xctoolchain/usr/bin/ld) is GNU ld... no
macos	Sestavení přibaleného Opus nástroje pro oba typy Macu	2026-09-23T11:11:40.0758220Z checking for BSD- or MS-compatible name lister (nm)... no
macos	Sestavení přibaleného Opus nástroje pro oba typy Macu	2026-09-23T11:11:40.0764990Z checking for aarch64-apple-darwin-dumpbin... no
macos	Sestavení přibaleného Opus nástroje pro oba typy Macu	2026-09-23T11:11:40.0766080Z checking for aarch64-apple-darwin-link... no
macos	Sestavení přibaleného Opus nástroje pro oba typy Macu	2026-09-23T11:11:40.0767720Z checking for dumpbin... no
macos	Sestavení přibaleného Opus nástroje pro oba typy Macu	2026-09-23T11:11:40.0768500Z checking for link... link -dump
macos	Sestavení přibaleného Opus nástroje pro oba typy Macu	2026-09-23T11:11:40.5577880Z checking the name lister (nm) interface... BSD nm
macos	Sestavení přibaleného Opus nástroje pro oba typy Macu	2026-09-23T11:11:40.5578540Z checking whether ln -s works... yes
macos	Sestavení přibaleného Opus nástroje pro oba typy Macu	2026-09-23T11:11:40.5619360Z checking the maximum length of command line arguments... 786432
macos	Sestavení přibaleného Opus nástroje pro oba typy Macu	2026-09-23T11:11:40.5659510Z checking how to convert aarch64-apple-darwin23.6.0 file names to aarch64-apple-darwin format... func_convert_file_noop
macos	Sestavení přibaleného Opus nástroje pro oba typy Macu	2026-09-23T11:11:40.5660640Z checking how to convert aarch64-apple-darwin23.6.0 file names to toolchain format... func_convert_file_noop
macos	Sestavení přibaleného Opus nástroje pro oba typy Macu	2026-09-23T11:11:40.5661820Z checking for /Applications/Xcode_15.4.app/Contents/Developer/Toolchains/XcodeDefault.xctoolchain/usr/bin/ld option to reload object files... -r
macos	Sestavení přibaleného Opus nástroje pro oba typy Macu	2026-09-23T11:11:40.5662770Z checking for aarch64-apple-darwin-file... no
macos	Sestavení přibaleného Opus nástroje pro oba typy Macu	2026-09-23T11:11:40.5667090Z checking for file... file
macos	Sestavení přibaleného Opus nástroje pro oba typy Macu	2026-09-23T11:11:40.5668950Z checking for aarch64-apple-darwin-objdump... no
macos	Sestavení přibaleného Opus nástroje pro oba typy Macu	2026-09-23T11:11:40.5670620Z checking for objdump... objdump
macos	Sestavení přibaleného Opus nástroje pro oba typy Macu	2026-09-23T11:11:40.5673640Z checking how to recognize dependent libraries... pass_all
macos	Sestavení přibaleného Opus nástroje pro oba typy Macu	2026-09-23T11:11:40.5675470Z checking for aarch64-apple-darwin-dlltool... no
macos	Sestavení přibaleného Opus nástroje pro oba typy Macu	2026-09-23T11:11:40.5677140Z checking for dlltool... no
macos	Sestavení přibaleného Opus nástroje pro oba typy Macu	2026-09-23T11:11:40.5678770Z checking how to associate runtime and link libraries... printf %s\n
macos	Sestavení přibaleného Opus nástroje pro oba typy Macu	2026-09-23T11:11:40.5681060Z checking for aarch64-apple-darwin-ar... no
macos	Sestavení přibaleného Opus nástroje pro oba typy Macu	2026-09-23T11:11:40.5682790Z checking for ar... ar
macos	Sestavení přibaleného Opus nástroje pro oba typy Macu	2026-09-23T11:11:40.9665690Z checking for archiver @FILE support... no
macos	Sestavení přibaleného Opus nástroje pro oba typy Macu	2026-09-23T11:11:40.9666590Z checking for aarch64-apple-darwin-strip... strip
macos	Sestavení přibaleného Opus nástroje pro oba typy Macu	2026-09-23T11:11:40.9668930Z checking for aarch64-apple-darwin-ranlib... no
macos	Sestavení přibaleného Opus nástroje pro oba typy Macu	2026-09-23T11:11:40.9670560Z checking for ranlib... ranlib
macos	Sestavení přibaleného Opus nástroje pro oba typy Macu	2026-09-23T11:11:41.2149940Z checking command to parse nm output from clang object... ok
macos	Sestavení přibaleného Opus nástroje pro oba typy Macu	2026-09-23T11:11:41.2300200Z checking for sysroot... no
macos	Sestavení přibaleného Opus nástroje pro oba typy Macu	2026-09-23T11:11:41.2418300Z checking for a working dd... /bin/dd
macos	Sestavení přibaleného Opus nástroje pro oba typy Macu	2026-09-23T11:11:41.2492760Z checking how to truncate binary pipes... /bin/dd bs=4096 count=1
macos	Sestavení přibaleného Opus nástroje pro oba typy Macu	2026-09-23T11:11:41.2496490Z checking for aarch64-apple-darwin-mt... no
macos	Sestavení přibaleného Opus nástroje pro oba typy Macu	2026-09-23T11:11:41.2498240Z checking for mt... no
macos	Sestavení přibaleného Opus nástroje pro oba typy Macu	2026-09-23T11:11:41.2563350Z checking if : is a manifest tool... no
macos	Sestavení přibaleného Opus nástroje pro oba typy Macu	2026-09-23T11:11:41.2571800Z checking for aarch64-apple-darwin-dsymutil... no
macos	Sestavení přibaleného Opus nástroje pro oba typy Macu	2026-09-23T11:11:41.2573710Z checking for dsymutil... dsymutil
macos	Sestavení přibaleného Opus nástroje pro oba typy Macu	2026-09-23T11:11:41.2577530Z checking for aarch64-apple-darwin-nmedit... no
macos	Sestavení přibaleného Opus nástroje pro oba typy Macu	2026-09-23T11:11:41.2580950Z checking for nmedit... nmedit
macos	Sestavení přibaleného Opus nástroje pro oba typy Macu	2026-09-23T11:11:41.2583230Z checking for aarch64-apple-darwin-lipo... no
macos	Sestavení přibaleného Opus nástroje pro oba typy Macu	2026-09-23T11:11:41.2584260Z checking for lipo... lipo
macos	Sestavení přibaleného Opus nástroje pro oba typy Macu	2026-09-23T11:11:41.2585860Z checking for aarch64-apple-darwin-otool... no
macos	Sestavení přibaleného Opus nástroje pro oba typy Macu	2026-09-23T11:11:41.2586980Z checking for otool... otool
macos	Sestavení přibaleného Opus nástroje pro oba typy Macu	2026-09-23T11:11:41.2588070Z checking for aarch64-apple-darwin-otool64... no
macos	Sestavení přibaleného Opus nástroje pro oba typy Macu	2026-09-23T11:11:41.2589080Z checking for otool64... no
macos	Sestavení přibaleného Opus nástroje pro oba typy Macu	2026-09-23T11:11:41.3204660Z checking for -single_module linker flag... ld: warning: -single_module is obsolete
macos	Sestavení přibaleného Opus nástroje pro oba typy Macu	2026-09-23T11:11:41.3259490Z no
macos	Sestavení přibaleného Opus nástroje pro oba typy Macu	2026-09-23T11:11:41.4104130Z checking for -exported_symbols_list linker flag... yes
macos	Sestavení přibaleného Opus nástroje pro oba typy Macu	2026-09-23T11:11:42.0476070Z checking for -force_load linker flag... yes
macos	Sestavení přibaleného Opus nástroje pro oba typy Macu	2026-09-23T11:11:42.0795290Z checking for stdio.h... yes
macos	Sestavení přibaleného Opus nástroje pro oba typy Macu	2026-09-23T11:11:42.1414270Z checking for stdlib.h... yes
macos	Sestavení přibaleného Opus nástroje pro oba typy Macu	2026-09-23T11:11:42.1796780Z checking for string.h... yes
macos	Sestavení přibaleného Opus nástroje pro oba typy Macu	2026-09-23T11:11:42.2190030Z checking for inttypes.h... yes
macos	Sestavení přibaleného Opus nástroje pro oba typy Macu	2026-09-23T11:11:42.2565080Z checking for stdint.h... yes
macos	Sestavení přibaleného Opus nástroje pro oba typy Macu	2026-09-23T11:11:42.2889860Z checking for strings.h... yes
macos	Sestavení přibaleného Opus nástroje pro oba typy Macu	2026-09-23T11:11:42.3313220Z checking for sys/stat.h... yes
macos	Sestavení přibaleného Opus nástroje pro oba typy Macu	2026-09-23T11:11:42.3846520Z checking for sys/types.h... yes
macos	Sestavení přibaleného Opus nástroje pro oba typy Macu	2026-09-23T11:11:42.4322890Z checking for unistd.h... yes
macos	Sestavení přibaleného Opus nástroje pro oba typy Macu	2026-09-23T11:11:42.4791840Z checking for dlfcn.h... yes
macos	Sestavení přibaleného Opus nástroje pro oba typy Macu	2026-09-23T11:11:42.4844950Z checking for objdir... .libs
macos	Sestavení přibaleného Opus nástroje pro oba typy Macu	2026-09-23T11:11:42.6251340Z checking if clang supports -fno-rtti -fno-exceptions... yes
macos	Sestavení přibaleného Opus nástroje pro oba typy Macu	2026-09-23T11:11:42.6251980Z checking for clang option to produce PIC... -fno-common -DPIC
macos	Sestavení přibaleného Opus nástroje pro oba typy Macu	2026-09-23T11:11:42.6691490Z checking if clang PIC flag -fno-common -DPIC works... yes
macos	Sestavení přibaleného Opus nástroje pro oba typy Macu	2026-09-23T11:11:42.7221370Z checking if clang static flag -static works... no
macos	Sestavení přibaleného Opus nástroje pro oba typy Macu	2026-09-23T11:11:42.7773040Z checking if clang supports -c -o file.o... yes
macos	Sestavení přibaleného Opus nástroje pro oba typy Macu	2026-09-23T11:11:42.7773960Z checking if clang supports -c -o file.o... (cached) yes
macos	Sestavení přibaleného Opus nástroje pro oba typy Macu	2026-09-23T11:11:42.7776300Z checking whether the clang linker (/Applications/Xcode_15.4.app/Contents/Developer/Toolchains/XcodeDefault.xctoolchain/usr/bin/ld) supports shared libraries... yes
macos	Sestavení přibaleného Opus nástroje pro oba typy Macu	2026-09-23T11:11:42.8258300Z checking dynamic linker characteristics... darwin dyld
macos	Sestavení přibaleného Opus nástroje pro oba typy Macu	2026-09-23T11:11:42.8260490Z checking how to hardcode library paths into programs... immediate
macos	Sestavení přibaleného Opus nástroje pro oba typy Macu	2026-09-23T11:11:43.3201940Z checking whether stripping libraries is possible... yes
macos	Sestavení přibaleného Opus nástroje pro oba typy Macu	2026-09-23T11:11:43.3228980Z checking if libtool supports shared libraries... yes
macos	Sestavení přibaleného Opus nástroje pro oba typy Macu	2026-09-23T11:11:43.3231890Z checking whether to build shared libraries... no
macos	Sestavení přibaleného Opus nástroje pro oba typy Macu	2026-09-23T11:11:43.3252640Z checking whether to build static libraries... yes
macos	Sestavení přibaleného Opus nástroje pro oba typy Macu	2026-09-23T11:11:43.3253260Z checking for aarch64-apple-darwin-gcc... (cached) clang
macos	Sestavení přibaleného Opus nástroje pro oba typy Macu	2026-09-23T11:11:43.4479530Z checking whether the compiler supports GNU C... (cached) yes
macos	Sestavení přibaleného Opus nástroje pro oba typy Macu	2026-09-23T11:11:43.4480230Z checking whether clang accepts -g... (cached) yes
macos	Sestavení přibaleného Opus nástroje pro oba typy Macu	2026-09-23T11:11:43.4481560Z checking for clang option to enable C11 features... (cached) none needed
macos	Sestavení přibaleného Opus nástroje pro oba typy Macu	2026-09-23T11:11:43.4484530Z checking whether clang understands -c and -o together... (cached) yes
macos	Sestavení přibaleného Opus nástroje pro oba typy Macu	2026-09-23T11:11:43.4486250Z checking dependency style of clang... (cached) gcc3
macos	Sestavení přibaleného Opus nástroje pro oba typy Macu	2026-09-23T11:11:43.4895120Z checking for an ANSI C-conforming const... yes
macos	Sestavení přibaleného Opus nástroje pro oba typy Macu	2026-09-23T11:11:43.5162370Z checking for inline... inline
macos	Sestavení přibaleného Opus nástroje pro oba typy Macu	2026-09-23T11:11:43.5660570Z checking dependency style of clang... gcc3
macos	Sestavení přibaleného Opus nástroje pro oba typy Macu	2026-09-23T11:11:43.6046860Z checking for C/C++ restrict keyword... __restrict
macos	Sestavení přibaleného Opus nástroje pro oba typy Macu	2026-09-23T11:11:43.6398900Z checking for C99 variable-size arrays... yes
macos	Sestavení přibaleného Opus nástroje pro oba typy Macu	2026-09-23T11:11:43.7023590Z checking how to run the C preprocessor... clang -E
macos	Sestavení přibaleného Opus nástroje pro oba typy Macu	2026-09-23T11:11:43.8872940Z checking if compiler supports ARM Neon intrinsics... yes
macos	Sestavení přibaleného Opus nástroje pro oba typy Macu	2026-09-23T11:11:43.9265890Z checking for NE10... no
macos	Sestavení přibaleného Opus nástroje pro oba typy Macu	2026-09-23T11:11:44.0293590Z checking if compiler supports Aarch64 Neon intrinsics... yes
macos	Sestavení přibaleného Opus nástroje pro oba typy Macu	2026-09-23T11:11:44.1122730Z checking if compiler supports Aarch64 dotprod intrinsics... yes
macos	Sestavení přibaleného Opus nástroje pro oba typy Macu	2026-09-23T11:11:44.1143790Z checking argument osce training data... no
macos	Sestavení přibaleného Opus nástroje pro oba typy Macu	2026-09-23T11:11:44.1460590Z checking if clang supports -fvisibility=hidden... yes
macos	Sestavení přibaleného Opus nástroje pro oba typy Macu	2026-09-23T11:11:44.2288770Z checking whether to add -D_FORTIFY_SOURCE=2 to CFLAGS... yes
macos	Sestavení přibaleného Opus nástroje pro oba typy Macu	2026-09-23T11:11:44.2685450Z checking if clang supports -Wall -Wextra -Wcast-align -Wnested-externs -Wshadow -Wstrict-prototypes... yes
macos	Sestavení přibaleného Opus nástroje pro oba typy Macu	2026-09-23T11:11:44.3635960Z checking for lrintf... yes
macos	Sestavení přibaleného Opus nástroje pro oba typy Macu	2026-09-23T11:11:44.4561380Z checking for lrint... yes
macos	Sestavení přibaleného Opus nástroje pro oba typy Macu	2026-09-23T11:11:44.5311110Z checking for __malloc_hook... no
macos	Sestavení přibaleného Opus nástroje pro oba typy Macu	2026-09-23T11:11:44.6054540Z checking for elf_aux_info... no
macos	Sestavení přibaleného Opus nástroje pro oba typy Macu	2026-09-23T11:11:44.6478740Z checking that generated files are newer than configure... done
macos	Sestavení přibaleného Opus nástroje pro oba typy Macu	2026-09-23T11:11:44.6482330Z configure: creating ./config.status
macos	Sestavení přibaleného Opus nástroje pro oba typy Macu	2026-09-23T11:11:45.3268400Z config.status: creating Makefile
macos	Sestavení přibaleného Opus nástroje pro oba typy Macu	2026-09-23T11:11:45.3545500Z config.status: creating opus.pc
macos	Sestavení přibaleného Opus nástroje pro oba typy Macu	2026-09-23T11:11:45.3662670Z config.status: creating opus-uninstalled.pc
macos	Sestavení přibaleného Opus nástroje pro oba typy Macu	2026-09-23T11:11:45.3782990Z config.status: creating celt/arm/armopts.s
macos	Sestavení přibaleného Opus nástroje pro oba typy Macu	2026-09-23T11:11:45.3941870Z config.status: creating doc/Makefile
macos	Sestavení přibaleného Opus nástroje pro oba typy Macu	2026-09-23T11:11:45.4110910Z config.status: creating doc/Doxyfile
macos	Sestavení přibaleného Opus nástroje pro oba typy Macu	2026-09-23T11:11:45.4274520Z config.status: creating config.h
macos	Sestavení přibaleného Opus nástroje pro oba typy Macu	2026-09-23T11:11:45.4484730Z config.status: executing depfiles commands
macos	Sestavení přibaleného Opus nástroje pro oba typy Macu	2026-09-23T11:11:47.2881400Z config.status: executing libtool commands
macos	Sestavení přibaleného Opus nástroje pro oba typy Macu	2026-09-23T11:11:47.3021090Z configure:
macos	Sestavení přibaleného Opus nástroje pro oba typy Macu	2026-09-23T11:11:47.3021590Z ------------------------------------------------------------------------
macos	Sestavení přibaleného Opus nástroje pro oba typy Macu	2026-09-23T11:11:47.3022020Z   opus 1.6.1:  Automatic configuration OK.
macos	Sestavení přibaleného Opus nástroje pro oba typy Macu	2026-09-23T11:11:47.3022280Z 
macos	Sestavení přibaleného Opus nástroje pro oba typy Macu	2026-09-23T11:11:47.3022380Z     Compiler support:
macos	Sestavení přibaleného Opus nástroje pro oba typy Macu	2026-09-23T11:11:47.3022530Z 
macos	Sestavení přibaleného Opus nástroje pro oba typy Macu	2026-09-23T11:11:47.3022670Z       C99 var arrays: ................ yes
macos	Sestavení přibaleného Opus nástroje pro oba typy Macu	2026-09-23T11:11:47.3023210Z       C99 lrintf: .................... yes
macos	Sestavení přibaleného Opus nástroje pro oba typy Macu	2026-09-23T11:11:47.3023570Z       Use alloca: .................... no (using var arrays)
macos	Sestavení přibaleného Opus nástroje pro oba typy Macu	2026-09-23T11:11:47.3023800Z 
macos	Sestavení přibaleného Opus nástroje pro oba typy Macu	2026-09-23T11:11:47.3023900Z     General configuration:
macos	Sestavení přibaleného Opus nástroje pro oba typy Macu	2026-09-23T11:11:47.3024060Z 
macos	Sestavení přibaleného Opus nástroje pro oba typy Macu	2026-09-23T11:11:47.3024200Z       Floating point support: ........ yes
macos	Sestavení přibaleného Opus nástroje pro oba typy Macu	2026-09-23T11:11:47.3024760Z       Fast float approximations: ..... yes
macos	Sestavení přibaleného Opus nástroje pro oba typy Macu	2026-09-23T11:11:47.3025090Z       Fixed point debugging: ......... no
macos	Sestavení přibaleného Opus nástroje pro oba typy Macu	2026-09-23T11:11:47.3025580Z       Inline Assembly Optimizations: . No inline ASM for your platform, please send patches
macos	Sestavení přibaleného Opus nástroje pro oba typy Macu	2026-09-23T11:11:47.3026050Z       External Assembly Optimizations: 
macos	Sestavení přibaleného Opus nástroje pro oba typy Macu	2026-09-23T11:11:47.3026550Z       Intrinsics Optimizations: ...... ARM (NEON) (NEON Aarch64) (DOTPROD) (DOTPROD Aarch64)
macos	Sestavení přibaleného Opus nástroje pro oba typy Macu	2026-09-23T11:11:47.3027020Z       Run-time CPU detection: ........ no
macos	Sestavení přibaleného Opus nástroje pro oba typy Macu	2026-09-23T11:11:47.3027350Z       Custom modes: .................. no
macos	Sestavení přibaleného Opus nástroje pro oba typy Macu	2026-09-23T11:11:47.3027670Z       Assertion checking: ............ no
macos	Sestavení přibaleného Opus nástroje pro oba typy Macu	2026-09-23T11:11:47.3028040Z       Hardening: ..................... yes
macos	Sestavení přibaleného Opus nástroje pro oba typy Macu	2026-09-23T11:11:47.3028360Z       Fuzzing: ....................... no
macos	Sestavení přibaleného Opus nástroje pro oba typy Macu	2026-09-23T11:11:47.3028660Z       Check ASM: ..................... no
macos	Sestavení přibaleného Opus nástroje pro oba typy Macu	2026-09-23T11:11:47.3028840Z 
macos	Sestavení přibaleného Opus nástroje pro oba typy Macu	2026-09-23T11:11:47.3028980Z       API documentation: ............. no
macos	Sestavení přibaleného Opus nástroje pro oba typy Macu	2026-09-23T11:11:47.3029290Z       Extra programs: ................ no
macos	Sestavení přibaleného Opus nástroje pro oba typy Macu	2026-09-23T11:11:47.3029720Z ------------------------------------------------------------------------
macos	Sestavení přibaleného Opus nástroje pro oba typy Macu	2026-09-23T11:11:47.3029980Z 
macos	Sestavení přibaleného Opus nástroje pro oba typy Macu	2026-09-23T11:11:47.3030140Z  Type "make; make install" to compile and install
macos	Sestavení přibaleného Opus nástroje pro oba typy Macu	2026-09-23T11:11:47.3030490Z  Type "make check" to run the test suite
macos	Sestavení přibaleného Opus nástroje pro oba typy Macu	2026-09-23T11:11:47.3030680Z 
macos	Sestavení přibaleného Opus nástroje pro oba typy Macu	2026-09-23T11:11:47.3529210Z /Applications/Xcode_15.4.app/Contents/Developer/usr/bin/make  all-recursive
macos	Sestavení přibaleného Opus nástroje pro oba typy Macu	2026-09-23T11:11:47.4342230Z   CC       celt/bands.lo
macos	Sestavení přibaleného Opus nástroje pro oba typy Macu	2026-09-23T11:11:47.4356740Z   CC       celt/celt.lo
macos	Sestavení přibaleného Opus nástroje pro oba typy Macu	2026-09-23T11:11:47.4367470Z   CC       celt/celt_encoder.lo
macos	Sestavení přibaleného Opus nástroje pro oba typy Macu	2026-09-23T11:11:47.4385530Z make[3]: Nothing to be done for `all'.
macos	Sestavení přibaleného Opus nástroje pro oba typy Macu	2026-09-23T11:11:47.4488630Z   CC       celt/celt_decoder.lo
macos	Sestavení přibaleného Opus nástroje pro oba typy Macu	2026-09-23T11:11:47.7175660Z   CC       celt/cwrs.lo
macos	Sestavení přibaleného Opus nástroje pro oba typy Macu	2026-09-23T11:11:47.9886710Z   CC       celt/entcode.lo
macos	Sestavení přibaleného Opus nástroje pro oba typy Macu	2026-09-23T11:11:48.0033260Z   CC       celt/entdec.lo
macos	Sestavení přibaleného Opus nástroje pro oba typy Macu	2026-09-23T11:11:48.0077740Z   CC       celt/entenc.lo
macos	Sestavení přibaleného Opus nástroje pro oba typy Macu	2026-09-23T11:11:48.1222860Z   CC       celt/kiss_fft.lo
macos	Sestavení přibaleného Opus nástroje pro oba typy Macu	2026-09-23T11:11:48.1649320Z   CC       celt/laplace.lo
macos	Sestavení přibaleného Opus nástroje pro oba typy Macu	2026-09-23T11:11:48.1762050Z   CC       celt/mathops.lo
macos	Sestavení přibaleného Opus nástroje pro oba typy Macu	2026-09-23T11:11:48.3138620Z   CC       celt/mdct.lo
macos	Sestavení přibaleného Opus nástroje pro oba typy Macu	2026-09-23T11:11:48.3611580Z   CC       celt/modes.lo
macos	Sestavení přibaleného Opus nástroje pro oba typy Macu	2026-09-23T11:11:48.3634000Z   CC       celt/pitch.lo
macos	Sestavení přibaleného Opus nástroje pro oba typy Macu	2026-09-23T11:11:48.3769810Z   CC       celt/celt_lpc.lo
macos	Sestavení přibaleného Opus nástroje pro oba typy Macu	2026-09-23T11:11:48.6049050Z   CC       celt/quant_bands.lo
macos	Sestavení přibaleného Opus nástroje pro oba typy Macu	2026-09-23T11:11:48.6151610Z   CC       celt/rate.lo
macos	Sestavení přibaleného Opus nástroje pro oba typy Macu	2026-09-23T11:11:48.6510090Z   CC       celt/vq.lo
macos	Sestavení přibaleného Opus nástroje pro oba typy Macu	2026-09-23T11:11:48.6915300Z   CC       celt/arm/celt_neon_intr.lo
macos	Sestavení přibaleného Opus nástroje pro oba typy Macu	2026-09-23T11:11:48.8787970Z   CC       celt/arm/pitch_neon_intr.lo
macos	Sestavení přibaleného Opus nástroje pro oba typy Macu	2026-09-23T11:11:48.9092410Z   CC       silk/CNG.lo
macos	Sestavení přibaleného Opus nástroje pro oba typy Macu	2026-09-23T11:11:49.0204150Z   CC       silk/code_signs.lo
macos	Sestavení přibaleného Opus nástroje pro oba typy Macu	2026-09-23T11:11:49.0344460Z   CC       silk/init_decoder.lo
macos	Sestavení přibaleného Opus nástroje pro oba typy Macu	2026-09-23T11:11:49.1655630Z   CC       silk/decode_core.lo
macos	Sestavení přibaleného Opus nástroje pro oba typy Macu	2026-09-23T11:11:49.2461390Z   CC       silk/decode_frame.lo
macos	Sestavení přibaleného Opus nástroje pro oba typy Macu	2026-09-23T11:11:49.2871550Z   CC       silk/decode_parameters.lo
macos	Sestavení přibaleného Opus nástroje pro oba typy Macu	2026-09-23T11:11:49.2952760Z   CC       silk/decode_indices.lo
macos	Sestavení přibaleného Opus nástroje pro oba typy Macu	2026-09-23T11:11:49.4589730Z   CC       silk/decode_pulses.lo
macos	Sestavení přibaleného Opus nástroje pro oba typy Macu	2026-09-23T11:11:49.4765030Z   CC       silk/decoder_set_fs.lo
macos	Sestavení přibaleného Opus nástroje pro oba typy Macu	2026-09-23T11:11:49.4812430Z   CC       silk/dec_API.lo
macos	Sestavení přibaleného Opus nástroje pro oba typy Macu	2026-09-23T11:11:49.5189390Z   CC       silk/enc_API.lo
macos	Sestavení přibaleného Opus nástroje pro oba typy Macu	2026-09-23T11:11:49.7156070Z   CC       silk/encode_indices.lo
macos	Sestavení přibaleného Opus nástroje pro oba typy Macu	2026-09-23T11:11:49.7261520Z   CC       silk/encode_pulses.lo
macos	Sestavení přibaleného Opus nástroje pro oba typy Macu	2026-09-23T11:11:49.7674680Z   CC       silk/gain_quant.lo
macos	Sestavení přibaleného Opus nástroje pro oba typy Macu	2026-09-23T11:11:49.9761130Z   CC       silk/interpolate.lo
macos	Sestavení přibaleného Opus nástroje pro oba typy Macu	2026-09-23T11:11:50.0670890Z   CC       silk/LP_variable_cutoff.lo
macos	Sestavení přibaleného Opus nástroje pro oba typy Macu	2026-09-23T11:11:50.0771650Z   CC       silk/NLSF_decode.lo
macos	Sestavení přibaleného Opus nástroje pro oba typy Macu	2026-09-23T11:11:50.1388990Z   CC       silk/NSQ.lo
macos	Sestavení přibaleného Opus nástroje pro oba typy Macu	2026-09-23T11:11:50.2920260Z   CC       silk/NSQ_del_dec.lo
macos	Sestavení přibaleného Opus nástroje pro oba typy Macu	2026-09-23T11:11:50.3018680Z   CC       silk/PLC.lo
macos	Sestavení přibaleného Opus nástroje pro oba typy Macu	2026-09-23T11:11:50.3044800Z   CC       silk/shell_coder.lo
macos	Sestavení přibaleného Opus nástroje pro oba typy Macu	2026-09-23T11:11:50.5116770Z   CC       silk/tables_gain.lo
macos	Sestavení přibaleného Opus nástroje pro oba typy Macu	2026-09-23T11:11:50.5216680Z   CC       silk/tables_LTP.lo
macos	Sestavení přibaleného Opus nástroje pro oba typy Macu	2026-09-23T11:11:50.5542640Z   CC       silk/tables_NLSF_CB_NB_MB.lo
macos	Sestavení přibaleného Opus nástroje pro oba typy Macu	2026-09-23T11:11:50.6120600Z   CC       silk/tables_NLSF_CB_WB.lo
macos	Sestavení přibaleného Opus nástroje pro oba typy Macu	2026-09-23T11:11:50.7042960Z   CC       silk/tables_other.lo
macos	Sestavení přibaleného Opus nástroje pro oba typy Macu	2026-09-23T11:11:50.7148210Z   CC       silk/tables_pitch_lag.lo
macos	Sestavení přibaleného Opus nástroje pro oba typy Macu	2026-09-23T11:11:50.7595760Z   CC       silk/tables_pulses_per_block.lo
macos	Sestavení přibaleného Opus nástroje pro oba typy Macu	2026-09-23T11:11:50.8391760Z   CC       silk/VAD.lo
macos	Sestavení přibaleného Opus nástroje pro oba typy Macu	2026-09-23T11:11:50.8850520Z   CC       silk/control_audio_bandwidth.lo
macos	Sestavení přibaleného Opus nástroje pro oba typy Macu	2026-09-23T11:11:50.8880330Z   CC       silk/quant_LTP_gains.lo
macos	Sestavení přibaleného Opus nástroje pro oba typy Macu	2026-09-23T11:11:50.9552550Z   CC       silk/VQ_WMat_EC.lo
macos	Sestavení přibaleného Opus nástroje pro oba typy Macu	2026-09-23T11:11:51.0575080Z   CC       silk/HP_variable_cutoff.lo
macos	Sestavení přibaleného Opus nástroje pro oba typy Macu	2026-09-23T11:11:51.0609360Z   CC       silk/NLSF_encode.lo
macos	Sestavení přibaleného Opus nástroje pro oba typy Macu	2026-09-23T11:11:51.0707680Z   CC       silk/NLSF_VQ.lo
macos	Sestavení přibaleného Opus nástroje pro oba typy Macu	2026-09-23T11:11:51.2581520Z   CC       silk/NLSF_unpack.lo
macos	Sestavení přibaleného Opus nástroje pro oba typy Macu	2026-09-23T11:11:51.3398630Z   CC       silk/NLSF_del_dec_quant.lo
macos	Sestavení přibaleného Opus nástroje pro oba typy Macu	2026-09-23T11:11:51.3548400Z   CC       silk/process_NLSFs.lo
macos	Sestavení přibaleného Opus nástroje pro oba typy Macu	2026-09-23T11:11:51.3719430Z   CC       silk/stereo_LR_to_MS.lo
macos	Sestavení přibaleného Opus nástroje pro oba typy Macu	2026-09-23T11:11:51.5384220Z   CC       silk/stereo_MS_to_LR.lo
macos	Sestavení přibaleného Opus nástroje pro oba typy Macu	2026-09-23T11:11:51.5813720Z   CC       silk/check_control_input.lo
macos	Sestavení přibaleného Opus nástroje pro oba typy Macu	2026-09-23T11:11:51.6016670Z   CC       silk/control_SNR.lo
macos	Sestavení přibaleného Opus nástroje pro oba typy Macu	2026-09-23T11:11:51.6655490Z   CC       silk/init_encoder.lo
macos	Sestavení přibaleného Opus nástroje pro oba typy Macu	2026-09-23T11:11:51.7988620Z   CC       silk/control_codec.lo
macos	Sestavení přibaleného Opus nástroje pro oba typy Macu	2026-09-23T11:11:51.8070620Z   CC       silk/A2NLSF.lo
macos	Sestavení přibaleného Opus nástroje pro oba typy Macu	2026-09-23T11:11:51.8325430Z   CC       silk/ana_filt_bank_1.lo
macos	Sestavení přibaleného Opus nástroje pro oba typy Macu	2026-09-23T11:11:51.8685500Z   CC       silk/biquad_alt.lo
macos	Sestavení přibaleného Opus nástroje pro oba typy Macu	2026-09-23T11:11:51.9897130Z   CC       silk/bwexpander_32.lo
macos	Sestavení přibaleného Opus nástroje pro oba typy Macu	2026-09-23T11:11:52.0406430Z   CC       silk/bwexpander.lo
macos	Sestavení přibaleného Opus nástroje pro oba typy Macu	2026-09-23T11:11:52.0806940Z   CC       silk/debug.lo
macos	Sestavení přibaleného Opus nástroje pro oba typy Macu	2026-09-23T11:11:52.1120780Z   CC       silk/decode_pitch.lo
macos	Sestavení přibaleného Opus nástroje pro oba typy Macu	2026-09-23T11:11:52.1845580Z   CC       silk/inner_prod_aligned.lo
macos	Sestavení přibaleného Opus nástroje pro oba typy Macu	2026-09-23T11:11:52.1953970Z   CC       silk/lin2log.lo
macos	Sestavení přibaleného Opus nástroje pro oba typy Macu	2026-09-23T11:11:52.2142650Z   CC       silk/log2lin.lo
macos	Sestavení přibaleného Opus nástroje pro oba typy Macu	2026-09-23T11:11:52.3184880Z   CC       silk/LPC_analysis_filter.lo
macos	Sestavení přibaleného Opus nástroje pro oba typy Macu	2026-09-23T11:11:52.3498320Z   CC       silk/LPC_inv_pred_gain.lo
macos	Sestavení přibaleného Opus nástroje pro oba typy Macu	2026-09-23T11:11:52.3572440Z   CC       silk/table_LSF_cos.lo
macos	Sestavení přibaleného Opus nástroje pro oba typy Macu	2026-09-23T11:11:52.3781060Z   CC       silk/NLSF2A.lo
macos	Sestavení přibaleného Opus nástroje pro oba typy Macu	2026-09-23T11:11:52.5121690Z   CC       silk/NLSF_stabilize.lo
macos	Sestavení přibaleného Opus nástroje pro oba typy Macu	2026-09-23T11:11:52.5397380Z   CC       silk/NLSF_VQ_weights_laroia.lo
macos	Sestavení přibaleného Opus nástroje pro oba typy Macu	2026-09-23T11:11:52.5570660Z   CC       silk/pitch_est_tables.lo
macos	Sestavení přibaleného Opus nástroje pro oba typy Macu	2026-09-23T11:11:52.6115390Z   CC       silk/resampler.lo
macos	Sestavení přibaleného Opus nástroje pro oba typy Macu	2026-09-23T11:11:52.7895930Z   CC       silk/resampler_down2.lo
macos	Sestavení přibaleného Opus nástroje pro oba typy Macu	2026-09-23T11:11:52.7914830Z   CC       silk/resampler_down2_3.lo
macos	Sestavení přibaleného Opus nástroje pro oba typy Macu	2026-09-23T11:11:52.8010490Z   CC       silk/resampler_private_AR2.lo
macos	Sestavení přibaleného Opus nástroje pro oba typy Macu	2026-09-23T11:11:52.9229490Z   CC       silk/resampler_private_down_FIR.lo
macos	Sestavení přibaleného Opus nástroje pro oba typy Macu	2026-09-23T11:11:52.9983670Z   CC       silk/resampler_private_IIR_FIR.lo
macos	Sestavení přibaleného Opus nástroje pro oba typy Macu	2026-09-23T11:11:52.9994130Z   CC       silk/resampler_private_up2_HQ.lo
macos	Sestavení přibaleného Opus nástroje pro oba typy Macu	2026-09-23T11:11:53.0014690Z   CC       silk/resampler_rom.lo
macos	Sestavení přibaleného Opus nástroje pro oba typy Macu	2026-09-23T11:11:53.2086540Z   CC       silk/sigm_Q15.lo
macos	Sestavení přibaleného Opus nástroje pro oba typy Macu	2026-09-23T11:11:53.2190170Z   CC       silk/sum_sqr_shift.lo
macos	Sestavení přibaleného Opus nástroje pro oba typy Macu	2026-09-23T11:11:53.2291670Z   CC       silk/sort.lo
macos	Sestavení přibaleného Opus nástroje pro oba typy Macu	2026-09-23T11:11:53.2393210Z   CC       silk/stereo_decode_pred.lo
macos	Sestavení přibaleného Opus nástroje pro oba typy Macu	2026-09-23T11:11:53.4038710Z   CC       silk/stereo_encode_pred.lo
macos	Sestavení přibaleného Opus nástroje pro oba typy Macu	2026-09-23T11:11:53.4140700Z   CC       silk/stereo_find_predictor.lo
macos	Sestavení přibaleného Opus nástroje pro oba typy Macu	2026-09-23T11:11:53.4205080Z   CC       silk/stereo_quant_pred.lo
macos	Sestavení přibaleného Opus nástroje pro oba typy Macu	2026-09-23T11:11:53.4567660Z   CC       silk/LPC_fit.lo
macos	Sestavení přibaleného Opus nástroje pro oba typy Macu	2026-09-23T11:11:53.5895330Z   CC       silk/float/corrMatrix_FLP.lo
macos	Sestavení přibaleného Opus nástroje pro oba typy Macu	2026-09-23T11:11:53.5899280Z   CC       silk/float/apply_sine_window_FLP.lo
macos	Sestavení přibaleného Opus nástroje pro oba typy Macu	2026-09-23T11:11:53.5958810Z   CC       silk/float/encode_frame_FLP.lo
macos	Sestavení přibaleného Opus nástroje pro oba typy Macu	2026-09-23T11:11:53.6481510Z   CC       silk/float/find_LPC_FLP.lo
macos	Sestavení přibaleného Opus nástroje pro oba typy Macu	2026-09-23T11:11:53.7663840Z   CC       silk/float/find_LTP_FLP.lo
macos	Sestavení přibaleného Opus nástroje pro oba typy Macu	2026-09-23T11:11:53.7722550Z   CC       silk/float/find_pitch_lags_FLP.lo
macos	Sestavení přibaleného Opus nástroje pro oba typy Macu	2026-09-23T11:11:53.8905730Z   CC       silk/float/find_pred_coefs_FLP.lo
macos	Sestavení přibaleného Opus nástroje pro oba typy Macu	2026-09-23T11:11:53.9114560Z   CC       silk/float/LPC_analysis_filter_FLP.lo
macos	Sestavení přibaleného Opus nástroje pro oba typy Macu	2026-09-23T11:11:54.0467330Z   CC       silk/float/LTP_analysis_filter_FLP.lo
macos	Sestavení přibaleného Opus nástroje pro oba typy Macu	2026-09-23T11:11:54.1193700Z   CC       silk/float/LTP_scale_ctrl_FLP.lo
macos	Sestavení přibaleného Opus nástroje pro oba typy Macu	2026-09-23T11:11:54.1917570Z   CC       silk/float/noise_shape_analysis_FLP.lo
macos	Sestavení přibaleného Opus nástroje pro oba typy Macu	2026-09-23T11:11:54.2226000Z   CC       silk/float/process_gains_FLP.lo
macos	Sestavení přibaleného Opus nástroje pro oba typy Macu	2026-09-23T11:11:54.3241570Z   CC       silk/float/regularize_correlations_FLP.lo
macos	Sestavení přibaleného Opus nástroje pro oba typy Macu	2026-09-23T11:11:54.3797580Z   CC       silk/float/residual_energy_FLP.lo
macos	Sestavení přibaleného Opus nástroje pro oba typy Macu	2026-09-23T11:11:54.4507700Z   CC       silk/float/warped_autocorrelation_FLP.lo
macos	Sestavení přibaleného Opus nástroje pro oba typy Macu	2026-09-23T11:11:54.4929940Z   CC       silk/float/wrappers_FLP.lo
macos	Sestavení přibaleného Opus nástroje pro oba typy Macu	2026-09-23T11:11:54.5503540Z   CC       silk/float/autocorrelation_FLP.lo
macos	Sestavení přibaleného Opus nástroje pro oba typy Macu	2026-09-23T11:11:54.6262770Z   CC       silk/float/burg_modified_FLP.lo
macos	Sestavení přibaleného Opus nástroje pro oba typy Macu	2026-09-23T11:11:54.7034650Z   CC       silk/float/bwexpander_FLP.lo
macos	Sestavení přibaleného Opus nástroje pro oba typy Macu	2026-09-23T11:11:54.7723370Z   CC       silk/float/energy_FLP.lo
macos	Sestavení přibaleného Opus nástroje pro oba typy Macu	2026-09-23T11:11:54.8060110Z   CC       silk/float/inner_product_FLP.lo
macos	Sestavení přibaleného Opus nástroje pro oba typy Macu	2026-09-23T11:11:54.9107960Z   CC       silk/float/k2a_FLP.lo
macos	Sestavení přibaleného Opus nástroje pro oba typy Macu	2026-09-23T11:11:54.9281480Z   CC       silk/float/LPC_inv_pred_gain_FLP.lo
macos	Sestavení přibaleného Opus nástroje pro oba typy Macu	2026-09-23T11:11:54.9951520Z   CC       silk/float/pitch_analysis_core_FLP.lo
macos	Sestavení přibaleného Opus nástroje pro oba typy Macu	2026-09-23T11:11:55.0299360Z   CC       silk/float/scale_copy_vector_FLP.lo
macos	Sestavení přibaleného Opus nástroje pro oba typy Macu	2026-09-23T11:11:55.1485780Z   CC       silk/float/scale_vector_FLP.lo
macos	Sestavení přibaleného Opus nástroje pro oba typy Macu	2026-09-23T11:11:55.1624920Z   CC       silk/float/schur_FLP.lo
macos	Sestavení přibaleného Opus nástroje pro oba typy Macu	2026-09-23T11:11:55.2654050Z   CC       silk/float/sort_FLP.lo
macos	Sestavení přibaleného Opus nástroje pro oba typy Macu	2026-09-23T11:11:55.3258290Z   CC       silk/arm/biquad_alt_neon_intr.lo
macos	Sestavení přibaleného Opus nástroje pro oba typy Macu	2026-09-23T11:11:55.3403110Z   CC       silk/arm/LPC_inv_pred_gain_neon_intr.lo
macos	Sestavení přibaleného Opus nástroje pro oba typy Macu	2026-09-23T11:11:55.3574640Z   CC       silk/arm/NSQ_del_dec_neon_intr.lo
macos	Sestavení přibaleného Opus nástroje pro oba typy Macu	2026-09-23T11:11:55.4610920Z   CC       silk/arm/NSQ_neon.lo
macos	Sestavení přibaleného Opus nástroje pro oba typy Macu	2026-09-23T11:11:55.5010290Z   CC       src/opus.lo
macos	Sestavení přibaleného Opus nástroje pro oba typy Macu	2026-09-23T11:11:55.5399520Z   CC       src/opus_decoder.lo
macos	Sestavení přibaleného Opus nástroje pro oba typy Macu	2026-09-23T11:11:55.7034940Z   CC       src/opus_encoder.lo
macos	Sestavení přibaleného Opus nástroje pro oba typy Macu	2026-09-23T11:11:55.7385820Z   CC       src/extensions.lo
macos	Sestavení přibaleného Opus nástroje pro oba typy Macu	2026-09-23T11:11:55.7669120Z   CC       src/opus_multistream.lo
macos	Sestavení přibaleného Opus nástroje pro oba typy Macu	2026-09-23T11:11:55.9986540Z   CC       src/opus_multistream_encoder.lo
macos	Sestavení přibaleného Opus nástroje pro oba typy Macu	2026-09-23T11:11:56.0489610Z   CC       src/opus_multistream_decoder.lo
macos	Sestavení přibaleného Opus nástroje pro oba typy Macu	2026-09-23T11:11:56.0791460Z   CC       src/repacketizer.lo
macos	Sestavení přibaleného Opus nástroje pro oba typy Macu	2026-09-23T11:11:56.2884340Z   CC       src/opus_projection_encoder.lo
macos	Sestavení přibaleného Opus nástroje pro oba typy Macu	2026-09-23T11:11:56.2985140Z   CC       src/opus_projection_decoder.lo
macos	Sestavení přibaleného Opus nástroje pro oba typy Macu	2026-09-23T11:11:56.3142930Z   CC       src/mapping_matrix.lo
macos	Sestavení přibaleného Opus nástroje pro oba typy Macu	2026-09-23T11:11:56.3162600Z   CC       src/analysis.lo
macos	Sestavení přibaleného Opus nástroje pro oba typy Macu	2026-09-23T11:11:56.4823230Z   CC       src/mlp.lo
macos	Sestavení přibaleného Opus nástroje pro oba typy Macu	2026-09-23T11:11:56.4831530Z   CC       src/mlp_data.lo
macos	Sestavení přibaleného Opus nástroje pro oba typy Macu	2026-09-23T11:11:56.7017780Z   CCLD     libopus.la
macos	Sestavení přibaleného Opus nástroje pro oba typy Macu	2026-09-23T11:11:58.5008360Z /Applications/Xcode_15.4.app/Contents/Developer/usr/bin/make  install-recursive
macos	Sestavení přibaleného Opus nástroje pro oba typy Macu	2026-09-23T11:11:58.6788590Z make[3]: Nothing to be done for `all'.
macos	Sestavení přibaleného Opus nástroje pro oba typy Macu	2026-09-23T11:11:58.7592210Z  /Users/runner/work/ludone-desktop/ludone-desktop/.runtime/media-encoder/ffmpeg-6.1.6/work/arm64/opus-1.6.1/install-sh -c -d '/Users/runner/work/ludone-desktop/ludone-desktop/.runtime/media-encoder/ffmpeg-6.1.6/work/arm64/opus-prefix/lib'
macos	Sestavení přibaleného Opus nástroje pro oba typy Macu	2026-09-23T11:11:58.7922880Z  /bin/sh ./libtool   --mode=install /usr/bin/install -c   libopus.la '/Users/runner/work/ludone-desktop/ludone-desktop/.runtime/media-encoder/ffmpeg-6.1.6/work/arm64/opus-prefix/lib'
macos	Sestavení přibaleného Opus nástroje pro oba typy Macu	2026-09-23T11:11:58.8247760Z libtool: install: /usr/bin/install -c .libs/libopus.lai /Users/runner/work/ludone-desktop/ludone-desktop/.runtime/media-encoder/ffmpeg-6.1.6/work/arm64/opus-prefix/lib/libopus.la
macos	Sestavení přibaleného Opus nástroje pro oba typy Macu	2026-09-23T11:11:58.8300070Z libtool: install: /usr/bin/install -c .libs/libopus.a /Users/runner/work/ludone-desktop/ludone-desktop/.runtime/media-encoder/ffmpeg-6.1.6/work/arm64/opus-prefix/lib/libopus.a
macos	Sestavení přibaleného Opus nástroje pro oba typy Macu	2026-09-23T11:11:58.8340710Z libtool: install: chmod 644 /Users/runner/work/ludone-desktop/ludone-desktop/.runtime/media-encoder/ffmpeg-6.1.6/work/arm64/opus-prefix/lib/libopus.a
macos	Sestavení přibaleného Opus nástroje pro oba typy Macu	2026-09-23T11:11:58.8375300Z libtool: install: ranlib /Users/runner/work/ludone-desktop/ludone-desktop/.runtime/media-encoder/ffmpeg-6.1.6/work/arm64/opus-prefix/lib/libopus.a
macos	Sestavení přibaleného Opus nástroje pro oba typy Macu	2026-09-23T11:11:58.8868360Z make[5]: Nothing to be done for `install-exec-am'.
macos	Sestavení přibaleného Opus nástroje pro oba typy Macu	2026-09-23T11:11:58.8868900Z make[5]: Nothing to be done for `install-data-am'.
macos	Sestavení přibaleného Opus nástroje pro oba typy Macu	2026-09-23T11:11:58.8906500Z  /Users/runner/work/ludone-desktop/ludone-desktop/.runtime/media-encoder/ffmpeg-6.1.6/work/arm64/opus-1.6.1/install-sh -c -d '/Users/runner/work/ludone-desktop/ludone-desktop/.runtime/media-encoder/ffmpeg-6.1.6/work/arm64/opus-prefix/share/aclocal'
macos	Sestavení přibaleného Opus nástroje pro oba typy Macu	2026-09-23T11:11:58.9087210Z  /usr/bin/install -c -m 644 /Users/runner/work/ludone-desktop/ludone-desktop/.runtime/media-encoder/ffmpeg-6.1.6/work/arm64/opus-1.6.1/opus.m4 '/Users/runner/work/ludone-desktop/ludone-desktop/.runtime/media-encoder/ffmpeg-6.1.6/work/arm64/opus-prefix/share/aclocal'
macos	Sestavení přibaleného Opus nástroje pro oba typy Macu	2026-09-23T11:11:58.9139270Z  /Users/runner/work/ludone-desktop/ludone-desktop/.runtime/media-encoder/ffmpeg-6.1.6/work/arm64/opus-1.6.1/install-sh -c -d '/Users/runner/work/ludone-desktop/ludone-desktop/.runtime/media-encoder/ffmpeg-6.1.6/work/arm64/opus-prefix/lib/pkgconfig'
macos	Sestavení přibaleného Opus nástroje pro oba typy Macu	2026-09-23T11:11:58.9332350Z  /usr/bin/install -c -m 644 opus.pc '/Users/runner/work/ludone-desktop/ludone-desktop/.runtime/media-encoder/ffmpeg-6.1.6/work/arm64/opus-prefix/lib/pkgconfig'
macos	Sestavení přibaleného Opus nástroje pro oba typy Macu	2026-09-23T11:11:58.9382990Z  /Users/runner/work/ludone-desktop/ludone-desktop/.runtime/media-encoder/ffmpeg-6.1.6/work/arm64/opus-1.6.1/install-sh -c -d '/Users/runner/work/ludone-desktop/ludone-desktop/.runtime/media-encoder/ffmpeg-6.1.6/work/arm64/opus-prefix/include/opus'
macos	Sestavení přibaleného Opus nástroje pro oba typy Macu	2026-09-23T11:11:58.9587200Z  /usr/bin/install -c -m 644 /Users/runner/work/ludone-desktop/ludone-desktop/.runtime/media-encoder/ffmpeg-6.1.6/work/arm64/opus-1.6.1/include/opus.h /Users/runner/work/ludone-desktop/ludone-desktop/.runtime/media-encoder/ffmpeg-6.1.6/work/arm64/opus-1.6.1/include/opus_multistream.h /Users/runner/work/ludone-desktop/ludone-desktop/.runtime/media-encoder/ffmpeg-6.1.6/work/arm64/opus-1.6.1/include/opus_types.h /Users/runner/work/ludone-desktop/ludone-desktop/.runtime/media-encoder/ffmpeg-6.1.6/work/arm64/opus-1.6.1/include/opus_defines.h /Users/runner/work/ludone-desktop/ludone-desktop/.runtime/media-encoder/ffmpeg-6.1.6/work/arm64/opus-1.6.1/include/opus_projection.h '/Users/runner/work/ludone-desktop/ludone-desktop/.runtime/media-encoder/ffmpeg-6.1.6/work/arm64/opus-prefix/include/opus'
macos	Sestavení přibaleného Opus nástroje pro oba typy Macu	2026-09-23T11:12:19.6607430Z install prefix            /media-encoder
macos	Sestavení přibaleného Opus nástroje pro oba typy Macu	2026-09-23T11:12:19.6709270Z source path               /Users/runner/work/ludone-desktop/ludone-desktop/.runtime/media-encoder/ffmpeg-6.1.6/work/arm64/ffmpeg-6.1.6
macos	Sestavení přibaleného Opus nástroje pro oba typy Macu	2026-09-23T11:12:19.6801310Z C compiler                clang
macos	Sestavení přibaleného Opus nástroje pro oba typy Macu	2026-09-23T11:12:19.6840600Z C library                 
macos	Sestavení přibaleného Opus nástroje pro oba typy Macu	2026-09-23T11:12:19.6867710Z host C compiler           gcc
macos	Sestavení přibaleného Opus nástroje pro oba typy Macu	2026-09-23T11:12:19.6880820Z host C library            
macos	Sestavení přibaleného Opus nástroje pro oba typy Macu	2026-09-23T11:12:19.6898680Z ARCH                      c (generic)
macos	Sestavení přibaleného Opus nástroje pro oba typy Macu	2026-09-23T11:12:19.6922200Z big-endian                no
macos	Sestavení přibaleného Opus nástroje pro oba typy Macu	2026-09-23T11:12:19.6932730Z runtime cpu detection     yes
macos	Sestavení přibaleného Opus nástroje pro oba typy Macu	2026-09-23T11:12:19.6935430Z debug symbols             no
macos	Sestavení přibaleného Opus nástroje pro oba typy Macu	2026-09-23T11:12:19.6940980Z strip symbols             yes
macos	Sestavení přibaleného Opus nástroje pro oba typy Macu	2026-09-23T11:12:19.6944630Z optimize for size         yes
macos	Sestavení přibaleného Opus nástroje pro oba typy Macu	2026-09-23T11:12:19.6945030Z optimizations             yes
macos	Sestavení přibaleného Opus nástroje pro oba typy Macu	2026-09-23T11:12:19.6945440Z static                    yes
macos	Sestavení přibaleného Opus nástroje pro oba typy Macu	2026-09-23T11:12:19.6945750Z shared                    no
macos	Sestavení přibaleného Opus nástroje pro oba typy Macu	2026-09-23T11:12:19.6946120Z postprocessing support    no
macos	Sestavení přibaleného Opus nástroje pro oba typy Macu	2026-09-23T11:12:19.6946510Z network support           no
macos	Sestavení přibaleného Opus nástroje pro oba typy Macu	2026-09-23T11:12:19.6947040Z threading support         pthreads
macos	Sestavení přibaleného Opus nástroje pro oba typy Macu	2026-09-23T11:12:19.6948320Z safe bitstream reader     yes
macos	Sestavení přibaleného Opus nástroje pro oba typy Macu	2026-09-23T11:12:19.6950060Z texi2html enabled         no
macos	Sestavení přibaleného Opus nástroje pro oba typy Macu	2026-09-23T11:12:19.6953410Z perl enabled              yes
macos	Sestavení přibaleného Opus nástroje pro oba typy Macu	2026-09-23T11:12:19.6966400Z pod2man enabled           yes
macos	Sestavení přibaleného Opus nástroje pro oba typy Macu	2026-09-23T11:12:19.6969970Z makeinfo enabled          no
macos	Sestavení přibaleného Opus nástroje pro oba typy Macu	2026-09-23T11:12:19.6972770Z makeinfo supports HTML    no
macos	Sestavení přibaleného Opus nástroje pro oba typy Macu	2026-09-23T11:12:19.6975310Z xmllint enabled           yes
macos	Sestavení přibaleného Opus nástroje pro oba typy Macu	2026-09-23T11:12:19.6975570Z 
macos	Sestavení přibaleného Opus nástroje pro oba typy Macu	2026-09-23T11:12:19.6976830Z External libraries:
macos	Sestavení přibaleného Opus nástroje pro oba typy Macu	2026-09-23T11:12:19.6977160Z libopus
macos	Sestavení přibaleného Opus nástroje pro oba typy Macu	2026-09-23T11:12:19.6977350Z 
macos	Sestavení přibaleného Opus nástroje pro oba typy Macu	2026-09-23T11:12:19.6977680Z External libraries providing hardware acceleration:
macos	Sestavení přibaleného Opus nástroje pro oba typy Macu	2026-09-23T11:12:19.6977960Z 
macos	Sestavení přibaleného Opus nástroje pro oba typy Macu	2026-09-23T11:12:19.6978090Z Libraries:
macos	Sestavení přibaleného Opus nástroje pro oba typy Macu	2026-09-23T11:12:19.6978480Z avcodec                 avformat                swresample
macos	Sestavení přibaleného Opus nástroje pro oba typy Macu	2026-09-23T11:12:19.6980090Z avfilter                avutil
macos	Sestavení přibaleného Opus nástroje pro oba typy Macu	2026-09-23T11:12:19.6980310Z 
macos	Sestavení přibaleného Opus nástroje pro oba typy Macu	2026-09-23T11:12:19.6980540Z Programs:
macos	Sestavení přibaleného Opus nástroje pro oba typy Macu	2026-09-23T11:12:19.6982330Z ffmpeg
macos	Sestavení přibaleného Opus nástroje pro oba typy Macu	2026-09-23T11:12:19.6985960Z 
macos	Sestavení přibaleného Opus nástroje pro oba typy Macu	2026-09-23T11:12:19.6986780Z Enabled decoders:
macos	Sestavení přibaleného Opus nástroje pro oba typy Macu	2026-09-23T11:12:19.9013520Z opus
macos	Sestavení přibaleného Opus nástroje pro oba typy Macu	2026-09-23T11:12:19.9021040Z 
macos	Sestavení přibaleného Opus nástroje pro oba typy Macu	2026-09-23T11:12:19.9060790Z Enabled encoders:
macos	Sestavení přibaleného Opus nástroje pro oba typy Macu	2026-09-23T11:12:19.9616600Z libopus
macos	Sestavení přibaleného Opus nástroje pro oba typy Macu	2026-09-23T11:12:19.9617730Z 
macos	Sestavení přibaleného Opus nástroje pro oba typy Macu	2026-09-23T11:12:19.9618240Z Enabled hwaccels:
macos	Sestavení přibaleného Opus nástroje pro oba typy Macu	2026-09-23T11:12:19.9702560Z 
macos	Sestavení přibaleného Opus nástroje pro oba typy Macu	2026-09-23T11:12:19.9703090Z Enabled parsers:
macos	Sestavení přibaleného Opus nástroje pro oba typy Macu	2026-09-23T11:12:19.9782990Z opus
macos	Sestavení přibaleného Opus nástroje pro oba typy Macu	2026-09-23T11:12:19.9785300Z 
macos	Sestavení přibaleného Opus nástroje pro oba typy Macu	2026-09-23T11:12:19.9785580Z Enabled demuxers:
macos	Sestavení přibaleného Opus nástroje pro oba typy Macu	2026-09-23T11:12:20.0628570Z matroska
macos	Sestavení přibaleného Opus nástroje pro oba typy Macu	2026-09-23T11:12:20.0631650Z 
macos	Sestavení přibaleného Opus nástroje pro oba typy Macu	2026-09-23T11:12:20.0632830Z Enabled muxers:
macos	Sestavení přibaleného Opus nástroje pro oba typy Macu	2026-09-23T11:12:20.0888880Z webm
macos	Sestavení přibaleného Opus nástroje pro oba typy Macu	2026-09-23T11:12:20.0930130Z 
macos	Sestavení přibaleného Opus nástroje pro oba typy Macu	2026-09-23T11:12:20.1031210Z Enabled protocols:
macos	Sestavení přibaleného Opus nástroje pro oba typy Macu	2026-09-23T11:12:20.1072870Z file                    pipe
macos	Sestavení přibaleného Opus nástroje pro oba typy Macu	2026-09-23T11:12:20.1127510Z 
macos	Sestavení přibaleného Opus nástroje pro oba typy Macu	2026-09-23T11:12:20.1144990Z Enabled filters:
macos	Sestavení přibaleného Opus nástroje pro oba typy Macu	2026-09-23T11:12:20.3049910Z adelay                  asetpts                 pan
macos	Sestavení přibaleného Opus nástroje pro oba typy Macu	2026-09-23T11:12:20.3086650Z aformat                 atrim                   transpose
macos	Sestavení přibaleného Opus nástroje pro oba typy Macu	2026-09-23T11:12:20.3119620Z anull                   format                  trim
macos	Sestavení přibaleného Opus nástroje pro oba typy Macu	2026-09-23T11:12:20.3161240Z anullsrc                hflip                   vflip
macos	Sestavení přibaleného Opus nástroje pro oba typy Macu	2026-09-23T11:12:20.3192690Z apad                    join
macos	Sestavení přibaleného Opus nástroje pro oba typy Macu	2026-09-23T11:12:20.3211540Z aresample               null
macos	Sestavení přibaleného Opus nástroje pro oba typy Macu	2026-09-23T11:12:20.3223370Z 
macos	Sestavení přibaleného Opus nástroje pro oba typy Macu	2026-09-23T11:12:20.3240080Z Enabled bsfs:
macos	Sestavení přibaleného Opus nástroje pro oba typy Macu	2026-09-23T11:12:20.3267330Z 
macos	Sestavení přibaleného Opus nástroje pro oba typy Macu	2026-09-23T11:12:20.3292000Z Enabled indevs:
macos	Sestavení přibaleného Opus nástroje pro oba typy Macu	2026-09-23T11:12:20.3443080Z 
macos	Sestavení přibaleného Opus nástroje pro oba typy Macu	2026-09-23T11:12:20.3459600Z Enabled outdevs:
macos	Sestavení přibaleného Opus nástroje pro oba typy Macu	2026-09-23T11:12:20.3621120Z 
macos	Sestavení přibaleného Opus nástroje pro oba typy Macu	2026-09-23T11:12:20.3637680Z License: LGPL version 2.1 or later
macos	Sestavení přibaleného Opus nástroje pro oba typy Macu	2026-09-23T11:12:21.0086060Z GEN	libavutil/libavutil.version
macos	Sestavení přibaleného Opus nástroje pro oba typy Macu	2026-09-23T11:12:21.0146970Z GEN	libavcodec/libavcodec.version
macos	Sestavení přibaleného Opus nástroje pro oba typy Macu	2026-09-23T11:12:21.0160330Z GEN	libavformat/libavformat.version
macos	Sestavení přibaleného Opus nástroje pro oba typy Macu	2026-09-23T11:12:21.0313440Z GEN	libavfilter/libavfilter.version
macos	Sestavení přibaleného Opus nástroje pro oba typy Macu	2026-09-23T11:12:21.0369840Z GEN	libswresample/libswresample.version
macos	Sestavení přibaleného Opus nástroje pro oba typy Macu	2026-09-23T11:12:21.6125600Z CC	libavfilter/af_adelay.o
macos	Sestavení přibaleného Opus nástroje pro oba typy Macu	2026-09-23T11:12:21.6128780Z CC	libavfilter/af_aformat.o
macos	Sestavení přibaleného Opus nástroje pro oba typy Macu	2026-09-23T11:12:21.6132680Z CC	libavfilter/af_anull.o
macos	Sestavení přibaleného Opus nástroje pro oba typy Macu	2026-09-23T11:12:21.6156250Z CC	libavfilter/af_apad.o
macos	Sestavení přibaleného Opus nástroje pro oba typy Macu	2026-09-23T11:12:21.6750610Z CC	libavfilter/af_aresample.o
macos	Sestavení přibaleného Opus nástroje pro oba typy Macu	2026-09-23T11:12:21.6772200Z CC	libavfilter/af_join.o
macos	Sestavení přibaleného Opus nástroje pro oba typy Macu	2026-09-23T11:12:21.6787650Z CC	libavfilter/af_pan.o
macos	Sestavení přibaleného Opus nástroje pro oba typy Macu	2026-09-23T11:12:21.7232140Z CC	libavfilter/allfilters.o
macos	Sestavení přibaleného Opus nástroje pro oba typy Macu	2026-09-23T11:12:21.7572090Z CC	libavfilter/asrc_anullsrc.o
macos	Sestavení přibaleného Opus nástroje pro oba typy Macu	2026-09-23T11:12:21.7877490Z CC	libavfilter/audio.o
macos	Sestavení přibaleného Opus nástroje pro oba typy Macu	2026-09-23T11:12:21.7996460Z CC	libavfilter/avfilter.o
macos	Sestavení přibaleného Opus nástroje pro oba typy Macu	2026-09-23T11:12:21.8211440Z CC	libavfilter/avfiltergraph.o
macos	Sestavení přibaleného Opus nástroje pro oba typy Macu	2026-09-23T11:12:21.8417800Z CC	libavfilter/buffersink.o
macos	Sestavení přibaleného Opus nástroje pro oba typy Macu	2026-09-23T11:12:21.8454170Z CC	libavfilter/buffersrc.o
macos	Sestavení přibaleného Opus nástroje pro oba typy Macu	2026-09-23T11:12:21.9477060Z CC	libavfilter/ccfifo.o
macos	Sestavení přibaleného Opus nástroje pro oba typy Macu	2026-09-23T11:12:21.9583710Z CC	libavfilter/colorspace.o
macos	Sestavení přibaleného Opus nástroje pro oba typy Macu	2026-09-23T11:12:22.0388980Z CC	libavfilter/drawutils.o
macos	Sestavení přibaleného Opus nástroje pro oba typy Macu	2026-09-23T11:12:22.0489370Z CC	libavfilter/fifo.o
macos	Sestavení přibaleného Opus nástroje pro oba typy Macu	2026-09-23T11:12:22.0591030Z CC	libavfilter/formats.o
macos	Sestavení přibaleného Opus nástroje pro oba typy Macu	2026-09-23T11:12:22.1211470Z CC	libavfilter/framepool.o
macos	Sestavení přibaleného Opus nástroje pro oba typy Macu	2026-09-23T11:12:22.1316960Z CC	libavfilter/framequeue.o
macos	Sestavení přibaleného Opus nástroje pro oba typy Macu	2026-09-23T11:12:22.1719310Z CC	libavfilter/graphdump.o
macos	Sestavení přibaleného Opus nástroje pro oba typy Macu	2026-09-23T11:12:22.1920120Z CC	libavfilter/graphparser.o
macos	Sestavení přibaleného Opus nástroje pro oba typy Macu	2026-09-23T11:12:22.2023330Z CC	libavfilter/pthread.o
macos	Sestavení přibaleného Opus nástroje pro oba typy Macu	2026-09-23T11:12:22.2325550Z CC	libavfilter/setpts.o
macos	Sestavení přibaleného Opus nástroje pro oba typy Macu	2026-09-23T11:12:22.2425820Z CC	libavfilter/trim.o
macos	Sestavení přibaleného Opus nástroje pro oba typy Macu	2026-09-23T11:12:22.2452050Z CC	libavfilter/version.o
macos	Sestavení přibaleného Opus nástroje pro oba typy Macu	2026-09-23T11:12:22.2914520Z CC	libavfilter/vf_format.o
macos	Sestavení přibaleného Opus nástroje pro oba typy Macu	2026-09-23T11:12:22.3007200Z CC	libavfilter/vf_hflip.o
macos	Sestavení přibaleného Opus nástroje pro oba typy Macu	2026-09-23T11:12:22.3112700Z CC	libavfilter/vf_null.o
macos	Sestavení přibaleného Opus nástroje pro oba typy Macu	2026-09-23T11:12:22.3488670Z CC	libavfilter/vf_transpose.o
macos	Sestavení přibaleného Opus nástroje pro oba typy Macu	2026-09-23T11:12:22.3574100Z CC	libavfilter/vf_vflip.o
macos	Sestavení přibaleného Opus nástroje pro oba typy Macu	2026-09-23T11:12:22.3632490Z CC	libavfilter/video.o
macos	Sestavení přibaleného Opus nástroje pro oba typy Macu	2026-09-23T11:12:22.3676460Z CC	libavformat/allformats.o
macos	Sestavení přibaleného Opus nástroje pro oba typy Macu	2026-09-23T11:12:22.4230270Z CC	libavformat/av1.o
macos	Sestavení přibaleného Opus nástroje pro oba typy Macu	2026-09-23T11:12:22.4328280Z CC	libavformat/avformat.o
macos	Sestavení přibaleného Opus nástroje pro oba typy Macu	2026-09-23T11:12:22.4368430Z CC	libavformat/avio.o
macos	Sestavení přibaleného Opus nástroje pro oba typy Macu	2026-09-23T11:12:22.4374440Z CC	libavformat/aviobuf.o
macos	Sestavení přibaleného Opus nástroje pro oba typy Macu	2026-09-23T11:12:22.5608500Z CC	libavformat/avlanguage.o
macos	Sestavení přibaleného Opus nástroje pro oba typy Macu	2026-09-23T11:12:22.5727690Z CC	libavformat/demux.o
macos	Sestavení přibaleného Opus nástroje pro oba typy Macu	2026-09-23T11:12:22.5918820Z CC	libavformat/demux_utils.o
macos	Sestavení přibaleného Opus nástroje pro oba typy Macu	2026-09-23T11:12:22.6218820Z CC	libavformat/dovi_isom.o
macos	Sestavení přibaleného Opus nástroje pro oba typy Macu	2026-09-23T11:12:22.6437590Z CC	libavformat/dump.o
macos	Sestavení přibaleného Opus nástroje pro oba typy Macu	2026-09-23T11:12:22.6775480Z CC	libavformat/dv.o
macos	Sestavení přibaleného Opus nástroje pro oba typy Macu	2026-09-23T11:12:22.6977090Z CC	libavformat/file.o
macos	Sestavení přibaleného Opus nástroje pro oba typy Macu	2026-09-23T11:12:22.7540010Z CC	libavformat/flac_picture.o
macos	Sestavení přibaleného Opus nástroje pro oba typy Macu	2026-09-23T11:12:22.7751720Z CC	libavformat/format.o
macos	Sestavení přibaleného Opus nástroje pro oba typy Macu	2026-09-23T11:12:22.8158120Z CC	libavformat/id3v1.o
macos	Sestavení přibaleného Opus nástroje pro oba typy Macu	2026-09-23T11:12:22.8680320Z CC	libavformat/id3v2.o
macos	Sestavení přibaleného Opus nástroje pro oba typy Macu	2026-09-23T11:12:22.8804450Z CC	libavformat/isom_tags.o
macos	Sestavení přibaleného Opus nástroje pro oba typy Macu	2026-09-23T11:12:22.8908040Z CC	libavformat/matroska.o
macos	Sestavení přibaleného Opus nástroje pro oba typy Macu	2026-09-23T11:12:22.9840670Z CC	libavformat/matroskadec.o
macos	Sestavení přibaleného Opus nástroje pro oba typy Macu	2026-09-23T11:12:23.0051950Z CC	libavformat/matroskaenc.o
macos	Sestavení přibaleného Opus nástroje pro oba typy Macu	2026-09-23T11:12:23.0558760Z CC	libavformat/metadata.o
macos	Sestavení přibaleného Opus nástroje pro oba typy Macu	2026-09-23T11:12:23.0752150Z CC	libavformat/mux.o
macos	Sestavení přibaleného Opus nástroje pro oba typy Macu	2026-09-23T11:12:23.1082420Z CC	libavformat/mux_utils.o
macos	Sestavení přibaleného Opus nástroje pro oba typy Macu	2026-09-23T11:12:23.1991020Z CC	libavformat/oggparsevorbis.o
macos	Sestavení přibaleného Opus nástroje pro oba typy Macu	2026-09-23T11:12:23.2572400Z CC	libavformat/options.o
macos	Sestavení přibaleného Opus nástroje pro oba typy Macu	2026-09-23T11:12:23.3155790Z CC	libavformat/os_support.o
macos	Sestavení přibaleného Opus nástroje pro oba typy Macu	2026-09-23T11:12:23.3227790Z CC	libavformat/protocols.o
macos	Sestavení přibaleného Opus nástroje pro oba typy Macu	2026-09-23T11:12:23.3304830Z CC	libavformat/qtpalette.o
macos	Sestavení přibaleného Opus nástroje pro oba typy Macu	2026-09-23T11:12:23.3751430Z CC	libavformat/replaygain.o
macos	Sestavení přibaleného Opus nástroje pro oba typy Macu	2026-09-23T11:12:23.3853380Z CC	libavformat/riff.o
macos	Sestavení přibaleného Opus nástroje pro oba typy Macu	2026-09-23T11:12:23.4057960Z CC	libavformat/riffdec.o
macos	Sestavení přibaleného Opus nástroje pro oba typy Macu	2026-09-23T11:12:23.4562510Z CC	libavformat/rmsipr.o
macos	Sestavení přibaleného Opus nástroje pro oba typy Macu	2026-09-23T11:12:23.4664280Z CC	libavformat/sdp.o
macos	Sestavení přibaleného Opus nástroje pro oba typy Macu	2026-09-23T11:12:23.5067050Z CC	libavformat/seek.o
macos	Sestavení přibaleného Opus nástroje pro oba typy Macu	2026-09-23T11:12:23.5292280Z CC	libavformat/url.o
macos	Sestavení přibaleného Opus nástroje pro oba typy Macu	2026-09-23T11:12:23.5639620Z CC	libavformat/utils.o
macos	Sestavení přibaleného Opus nástroje pro oba typy Macu	2026-09-23T11:12:23.6337650Z CC	libavformat/version.o
macos	Sestavení přibaleného Opus nástroje pro oba typy Macu	2026-09-23T11:12:23.6439110Z CC	libavformat/vorbiscomment.o
macos	Sestavení přibaleného Opus nástroje pro oba typy Macu	2026-09-23T11:12:23.6765690Z CC	libavcodec/ac3_parser.o
macos	Sestavení přibaleného Opus nástroje pro oba typy Macu	2026-09-23T11:12:23.7063260Z CC	libavcodec/adts_parser.o
macos	Sestavení přibaleného Opus nástroje pro oba typy Macu	2026-09-23T11:12:23.7265010Z CC	libavcodec/allcodecs.o
macos	Sestavení přibaleného Opus nástroje pro oba typy Macu	2026-09-23T11:12:23.7466890Z CC	libavcodec/audio_frame_queue.o
macos	Sestavení přibaleného Opus nástroje pro oba typy Macu	2026-09-23T11:12:23.7672450Z CC	libavcodec/avcodec.o
macos	Sestavení přibaleného Opus nástroje pro oba typy Macu	2026-09-23T11:12:23.7880260Z CC	libavcodec/avdct.o
macos	Sestavení přibaleného Opus nástroje pro oba typy Macu	2026-09-23T11:12:23.7995660Z CC	libavcodec/avfft.o
macos	Sestavení přibaleného Opus nástroje pro oba typy Macu	2026-09-23T11:12:23.8309790Z CC	libavcodec/avpacket.o
macos	Sestavení přibaleného Opus nástroje pro oba typy Macu	2026-09-23T11:12:23.8472730Z CC	libavcodec/bitstream.o
macos	Sestavení přibaleného Opus nástroje pro oba typy Macu	2026-09-23T11:12:23.8540790Z CC	libavcodec/bitstream_filters.o
macos	Sestavení přibaleného Opus nástroje pro oba typy Macu	2026-09-23T11:12:23.9281930Z CC	libavcodec/bsf.o
macos	Sestavení přibaleného Opus nástroje pro oba typy Macu	2026-09-23T11:12:23.9383370Z CC	libavcodec/codec_desc.o
macos	Sestavení přibaleného Opus nástroje pro oba typy Macu	2026-09-23T11:12:23.9591570Z CC	libavcodec/codec_par.o
macos	Sestavení přibaleného Opus nástroje pro oba typy Macu	2026-09-23T11:12:23.9799500Z CC	libavcodec/d3d11va.o
macos	Sestavení přibaleného Opus nástroje pro oba typy Macu	2026-09-23T11:12:24.0231210Z CC	libavcodec/decode.o
macos	Sestavení přibaleného Opus nástroje pro oba typy Macu	2026-09-23T11:12:24.0332250Z CC	libavcodec/dirac.o
macos	Sestavení přibaleného Opus nástroje pro oba typy Macu	2026-09-23T11:12:24.0515430Z CC	libavcodec/dv_profile.o
macos	Sestavení přibaleného Opus nástroje pro oba typy Macu	2026-09-23T11:12:24.0616570Z CC	libavcodec/encode.o
macos	Sestavení přibaleného Opus nástroje pro oba typy Macu	2026-09-23T11:12:24.0833120Z CC	libavcodec/faandct.o
macos	Sestavení přibaleného Opus nástroje pro oba typy Macu	2026-09-23T11:12:24.1074770Z CC	libavcodec/faanidct.o
macos	Sestavení přibaleného Opus nástroje pro oba typy Macu	2026-09-23T11:12:24.1376580Z CC	libavcodec/fdctdsp.o
macos	Sestavení přibaleného Opus nástroje pro oba typy Macu	2026-09-23T11:12:24.1691130Z CC	libavcodec/frame_thread_encoder.o
macos	Sestavení přibaleného Opus nástroje pro oba typy Macu	2026-09-23T11:12:24.1794030Z CC	libavcodec/get_buffer.o
macos	Sestavení přibaleného Opus nástroje pro oba typy Macu	2026-09-23T11:12:24.1923760Z CC	libavcodec/idctdsp.o
macos	Sestavení přibaleného Opus nástroje pro oba typy Macu	2026-09-23T11:12:24.2477510Z CC	libavcodec/imgconvert.o
macos	Sestavení přibaleného Opus nástroje pro oba typy Macu	2026-09-23T11:12:24.2578340Z CC	libavcodec/jfdctfst.o
macos	Sestavení přibaleného Opus nástroje pro oba typy Macu	2026-09-23T11:12:24.2695280Z CC	libavcodec/jfdctint.o
macos	Sestavení přibaleného Opus nástroje pro oba typy Macu	2026-09-23T11:12:24.3013660Z CC	libavcodec/jni.o
macos	Sestavení přibaleného Opus nástroje pro oba typy Macu	2026-09-23T11:12:24.3122320Z CC	libavcodec/jrevdct.o
macos	Sestavení přibaleného Opus nástroje pro oba typy Macu	2026-09-23T11:12:24.3228150Z CC	libavcodec/libopus.o
macos	Sestavení přibaleného Opus nástroje pro oba typy Macu	2026-09-23T11:12:24.3917690Z CC	libavcodec/libopusenc.o
macos	Sestavení přibaleného Opus nástroje pro oba typy Macu	2026-09-23T11:12:24.4020970Z CC	libavcodec/mathtables.o
macos	Sestavení přibaleného Opus nástroje pro oba typy Macu	2026-09-23T11:12:24.4151600Z CC	libavcodec/mediacodec.o
macos	Sestavení přibaleného Opus nástroje pro oba typy Macu	2026-09-23T11:12:24.4531500Z CC	libavcodec/mpeg12framerate.o
macos	Sestavení přibaleného Opus nástroje pro oba typy Macu	2026-09-23T11:12:24.4633120Z CC	libavcodec/options.o
macos	Sestavení přibaleného Opus nástroje pro oba typy Macu	2026-09-23T11:12:24.4936430Z CC	libavcodec/opus_celt.o
macos	Sestavení přibaleného Opus nástroje pro oba typy Macu	2026-09-23T11:12:24.5038830Z CC	libavcodec/opus_parse.o
macos	Sestavení přibaleného Opus nástroje pro oba typy Macu	2026-09-23T11:12:24.5148270Z CC	libavcodec/opus_parser.o
macos	Sestavení přibaleného Opus nástroje pro oba typy Macu	2026-09-23T11:12:24.5780520Z CC	libavcodec/opus_pvq.o
macos	Sestavení přibaleného Opus nástroje pro oba typy Macu	2026-09-23T11:12:24.6286560Z CC	libavcodec/opus_rc.o
macos	Sestavení přibaleného Opus nástroje pro oba typy Macu	2026-09-23T11:12:24.6388220Z CC	libavcodec/opus_silk.o
macos	Sestavení přibaleného Opus nástroje pro oba typy Macu	2026-09-23T11:12:24.7399830Z CC	libavcodec/opusdec.o
macos	Sestavení přibaleného Opus nástroje pro oba typy Macu	2026-09-23T11:12:24.7902180Z CC	libavcodec/opusdec_celt.o
macos	Sestavení přibaleného Opus nástroje pro oba typy Macu	2026-09-23T11:12:24.8608230Z CC	libavcodec/opusdsp.o
macos	Sestavení přibaleného Opus nástroje pro oba typy Macu	2026-09-23T11:12:24.9176390Z CC	libavcodec/opustab.o
macos	Sestavení přibaleného Opus nástroje pro oba typy Macu	2026-09-23T11:12:24.9280450Z CC	libavcodec/parser.o
macos	Sestavení přibaleného Opus nástroje pro oba typy Macu	2026-09-23T11:12:24.9384290Z CC	libavcodec/parsers.o
macos	Sestavení přibaleného Opus nástroje pro oba typy Macu	2026-09-23T11:12:24.9586680Z CC	libavcodec/profiles.o
macos	Sestavení přibaleného Opus nástroje pro oba typy Macu	2026-09-23T11:12:24.9690430Z CC	libavcodec/pthread.o
macos	Sestavení přibaleného Opus nástroje pro oba typy Macu	2026-09-23T11:12:24.9918380Z CC	libavcodec/pthread_frame.o
macos	Sestavení přibaleného Opus nástroje pro oba typy Macu	2026-09-23T11:12:25.0023710Z CC	libavcodec/pthread_slice.o
macos	Sestavení přibaleného Opus nástroje pro oba typy Macu	2026-09-23T11:12:25.0114020Z CC	libavcodec/qsv_api.o
macos	Sestavení přibaleného Opus nástroje pro oba typy Macu	2026-09-23T11:12:25.0318360Z CC	libavcodec/raw.o
macos	Sestavení přibaleného Opus nástroje pro oba typy Macu	2026-09-23T11:12:25.0519770Z CC	libavcodec/refstruct.o
macos	Sestavení přibaleného Opus nástroje pro oba typy Macu	2026-09-23T11:12:25.0720840Z CC	libavcodec/simple_idct.o
macos	Sestavení přibaleného Opus nástroje pro oba typy Macu	2026-09-23T11:12:25.0922720Z CC	libavcodec/utils.o
macos	Sestavení přibaleného Opus nástroje pro oba typy Macu	2026-09-23T11:12:25.1024610Z CC	libavcodec/version.o
macos	Sestavení přibaleného Opus nástroje pro oba typy Macu	2026-09-23T11:12:25.1528720Z CC	libavcodec/vlc.o
macos	Sestavení přibaleného Opus nástroje pro oba typy Macu	2026-09-23T11:12:25.1739050Z CC	libavcodec/vorbis_data.o
macos	Sestavení přibaleného Opus nástroje pro oba typy Macu	2026-09-23T11:12:25.2141560Z CC	libavcodec/vorbis_parser.o
macos	Sestavení přibaleného Opus nástroje pro oba typy Macu	2026-09-23T11:12:25.2242620Z CC	libavcodec/xiph.o
macos	Sestavení přibaleného Opus nástroje pro oba typy Macu	2026-09-23T11:12:25.2744530Z CC	libavcodec/mpeg4audio_sample_rates.o
macos	Sestavení přibaleného Opus nástroje pro oba typy Macu	2026-09-23T11:12:25.2846730Z CC	libavcodec/to_upper4.o
macos	Sestavení přibaleného Opus nástroje pro oba typy Macu	2026-09-23T11:12:25.3109390Z CC	libswresample/audioconvert.o
macos	Sestavení přibaleného Opus nástroje pro oba typy Macu	2026-09-23T11:12:25.3184860Z CC	libswresample/dither.o
macos	Sestavení přibaleného Opus nástroje pro oba typy Macu	2026-09-23T11:12:25.3211820Z CC	libswresample/options.o
macos	Sestavení přibaleného Opus nástroje pro oba typy Macu	2026-09-23T11:12:25.3736270Z CC	libswresample/rematrix.o
macos	Sestavení přibaleného Opus nástroje pro oba typy Macu	2026-09-23T11:12:25.4149370Z CC	libswresample/resample.o
macos	Sestavení přibaleného Opus nástroje pro oba typy Macu	2026-09-23T11:12:25.4954610Z CC	libswresample/resample_dsp.o
macos	Sestavení přibaleného Opus nástroje pro oba typy Macu	2026-09-23T11:12:25.5557670Z CC	libswresample/swresample.o
macos	Sestavení přibaleného Opus nástroje pro oba typy Macu	2026-09-23T11:12:25.5658050Z CC	libswresample/swresample_frame.o
macos	Sestavení přibaleného Opus nástroje pro oba typy Macu	2026-09-23T11:12:25.5963200Z CC	libswresample/version.o
macos	Sestavení přibaleného Opus nástroje pro oba typy Macu	2026-09-23T11:12:25.6264370Z CC	libavutil/adler32.o
macos	Sestavení přibaleného Opus nástroje pro oba typy Macu	2026-09-23T11:12:25.6365110Z CC	libavutil/aes.o
macos	Sestavení přibaleného Opus nástroje pro oba typy Macu	2026-09-23T11:12:25.6568150Z CC	libavutil/aes_ctr.o
macos	Sestavení přibaleného Opus nástroje pro oba typy Macu	2026-09-23T11:12:25.6669720Z CC	libavutil/ambient_viewing_environment.o
macos	Sestavení přibaleného Opus nástroje pro oba typy Macu	2026-09-23T11:12:25.6994220Z CC	libavutil/audio_fifo.o
macos	Sestavení přibaleného Opus nástroje pro oba typy Macu	2026-09-23T11:12:25.7102530Z CC	libavutil/avsscanf.o
macos	Sestavení přibaleného Opus nástroje pro oba typy Macu	2026-09-23T11:12:25.7126470Z CC	libavutil/avstring.o
macos	Sestavení přibaleného Opus nástroje pro oba typy Macu	2026-09-23T11:12:25.7492690Z CC	libavutil/base64.o
macos	Sestavení přibaleného Opus nástroje pro oba typy Macu	2026-09-23T11:12:25.7593730Z CC	libavutil/blowfish.o
macos	Sestavení přibaleného Opus nástroje pro oba typy Macu	2026-09-23T11:12:25.7967650Z CC	libavutil/bprint.o
macos	Sestavení přibaleného Opus nástroje pro oba typy Macu	2026-09-23T11:12:25.8021690Z CC	libavutil/buffer.o
macos	Sestavení přibaleného Opus nástroje pro oba typy Macu	2026-09-23T11:12:25.8053280Z CC	libavutil/camellia.o
macos	Sestavení přibaleného Opus nástroje pro oba typy Macu	2026-09-23T11:12:25.8608240Z CC	libavutil/cast5.o
macos	Sestavení přibaleného Opus nástroje pro oba typy Macu	2026-09-23T11:12:25.8717330Z CC	libavutil/channel_layout.o
macos	Sestavení přibaleného Opus nástroje pro oba typy Macu	2026-09-23T11:12:25.8721880Z CC	libavutil/cpu.o
macos	Sestavení přibaleného Opus nástroje pro oba typy Macu	2026-09-23T11:12:25.9450100Z CC	libavutil/crc.o
macos	Sestavení přibaleného Opus nástroje pro oba typy Macu	2026-09-23T11:12:25.9851560Z CC	libavutil/csp.o
macos	Sestavení přibaleného Opus nástroje pro oba typy Macu	2026-09-23T11:12:26.0253860Z CC	libavutil/des.o
macos	Sestavení přibaleného Opus nástroje pro oba typy Macu	2026-09-23T11:12:26.0636540Z CC	libavutil/detection_bbox.o
macos	Sestavení přibaleného Opus nástroje pro oba typy Macu	2026-09-23T11:12:26.0738380Z CC	libavutil/dict.o
macos	Sestavení přibaleného Opus nástroje pro oba typy Macu	2026-09-23T11:12:26.1048170Z CC	libavutil/display.o
macos	Sestavení přibaleného Opus nástroje pro oba typy Macu	2026-09-23T11:12:26.1559290Z CC	libavutil/dovi_meta.o
macos	Sestavení přibaleného Opus nástroje pro oba typy Macu	2026-09-23T11:12:26.1627940Z CC	libavutil/downmix_info.o
macos	Sestavení přibaleného Opus nástroje pro oba typy Macu	2026-09-23T11:12:26.1757640Z CC	libavutil/encryption_info.o
macos	Sestavení přibaleného Opus nástroje pro oba typy Macu	2026-09-23T11:12:26.2178440Z CC	libavutil/error.o
macos	Sestavení přibaleného Opus nástroje pro oba typy Macu	2026-09-23T11:12:26.2301720Z CC	libavutil/eval.o
macos	Sestavení přibaleného Opus nástroje pro oba typy Macu	2026-09-23T11:12:26.2410350Z CC	libavutil/executor.o
macos	Sestavení přibaleného Opus nástroje pro oba typy Macu	2026-09-23T11:12:26.2597120Z CC	libavutil/fifo.o
macos	Sestavení přibaleného Opus nástroje pro oba typy Macu	2026-09-23T11:12:26.2677620Z src/libavutil/eval.c:522:13: warning: mixing declarations and code is incompatible with standards before C99 [-Wdeclaration-after-statement]
macos	Sestavení přibaleného Opus nástroje pro oba typy Macu	2026-09-23T11:12:26.2678280Z CC	libavutil/file.o
macos	Sestavení přibaleného Opus nástroje pro oba typy Macu	2026-09-23T11:12:26.2786720Z     AVExpr *e = av_mallocz(sizeof(AVExpr));
macos	Sestavení přibaleného Opus nástroje pro oba typy Macu	2026-09-23T11:12:26.2817680Z CC	libavutil/file_open.o
macos	Sestavení přibaleného Opus nástroje pro oba typy Macu	2026-09-23T11:12:26.2889720Z             ^
macos	Sestavení přibaleného Opus nástroje pro oba typy Macu	2026-09-23T11:12:26.3316790Z 1 warning generated.
macos	Sestavení přibaleného Opus nástroje pro oba typy Macu	2026-09-23T11:12:26.3317190Z CC	libavutil/film_grain_params.o
macos	Sestavení přibaleného Opus nástroje pro oba typy Macu	2026-09-23T11:12:26.3374610Z CC	libavutil/fixed_dsp.o
macos	Sestavení přibaleného Opus nástroje pro oba typy Macu	2026-09-23T11:12:26.3441200Z CC	libavutil/float_dsp.o
macos	Sestavení přibaleného Opus nástroje pro oba typy Macu	2026-09-23T11:12:26.3840520Z CC	libavutil/frame.o
macos	Sestavení přibaleného Opus nástroje pro oba typy Macu	2026-09-23T11:12:26.3888580Z CC	libavutil/hash.o
macos	Sestavení přibaleného Opus nástroje pro oba typy Macu	2026-09-23T11:12:26.3976490Z CC	libavutil/hdr_dynamic_metadata.o
macos	Sestavení přibaleného Opus nástroje pro oba typy Macu	2026-09-23T11:12:26.4232630Z CC	libavutil/hdr_dynamic_vivid_metadata.o
macos	Sestavení přibaleného Opus nástroje pro oba typy Macu	2026-09-23T11:12:26.4460840Z CC	libavutil/hmac.o
macos	Sestavení přibaleného Opus nástroje pro oba typy Macu	2026-09-23T11:12:26.4762550Z CC	libavutil/hwcontext.o
macos	Sestavení přibaleného Opus nástroje pro oba typy Macu	2026-09-23T11:12:26.4942420Z CC	libavutil/hwcontext_stub.o
macos	Sestavení přibaleného Opus nástroje pro oba typy Macu	2026-09-23T11:12:26.5226630Z CC	libavutil/imgutils.o
macos	Sestavení přibaleného Opus nástroje pro oba typy Macu	2026-09-23T11:12:26.5235220Z CC	libavutil/integer.o
macos	Sestavení přibaleného Opus nástroje pro oba typy Macu	2026-09-23T11:12:26.5475080Z CC	libavutil/intmath.o
macos	Sestavení přibaleného Opus nástroje pro oba typy Macu	2026-09-23T11:12:26.5822500Z CC	libavutil/lfg.o
macos	Sestavení přibaleného Opus nástroje pro oba typy Macu	2026-09-23T11:12:26.5924540Z CC	libavutil/lls.o
macos	Sestavení přibaleného Opus nástroje pro oba typy Macu	2026-09-23T11:12:26.6047180Z CC	libavutil/log.o
macos	Sestavení přibaleného Opus nástroje pro oba typy Macu	2026-09-23T11:12:26.6255390Z CC	libavutil/log2_tab.o
macos	Sestavení přibaleného Opus nástroje pro oba typy Macu	2026-09-23T11:12:26.6586520Z CC	libavutil/lzo.o
macos	Sestavení přibaleného Opus nástroje pro oba typy Macu	2026-09-23T11:12:26.6593770Z CC	libavutil/mastering_display_metadata.o
macos	Sestavení přibaleného Opus nástroje pro oba typy Macu	2026-09-23T11:12:26.6670770Z CC	libavutil/mathematics.o
macos	Sestavení přibaleného Opus nástroje pro oba typy Macu	2026-09-23T11:12:26.7194860Z CC	libavutil/md5.o
macos	Sestavení přibaleného Opus nástroje pro oba typy Macu	2026-09-23T11:12:26.7203950Z CC	libavutil/mem.o
macos	Sestavení přibaleného Opus nástroje pro oba typy Macu	2026-09-23T11:12:26.7313380Z CC	libavutil/murmur3.o
macos	Sestavení přibaleného Opus nástroje pro oba typy Macu	2026-09-23T11:12:26.7646890Z CC	libavutil/opt.o
macos	Sestavení přibaleného Opus nástroje pro oba typy Macu	2026-09-23T11:12:26.8073470Z CC	libavutil/parseutils.o
macos	Sestavení přibaleného Opus nástroje pro oba typy Macu	2026-09-23T11:12:26.8276090Z CC	libavutil/pixdesc.o
macos	Sestavení přibaleného Opus nástroje pro oba typy Macu	2026-09-23T11:12:26.8879470Z CC	libavutil/pixelutils.o
macos	Sestavení přibaleného Opus nástroje pro oba typy Macu	2026-09-23T11:12:26.9411350Z CC	libavutil/random_seed.o
macos	Sestavení přibaleného Opus nástroje pro oba typy Macu	2026-09-23T11:12:26.9612970Z CC	libavutil/rational.o
macos	Sestavení přibaleného Opus nástroje pro oba typy Macu	2026-09-23T11:12:27.0039800Z CC	libavutil/rc4.o
macos	Sestavení přibaleného Opus nástroje pro oba typy Macu	2026-09-23T11:12:27.0261330Z CC	libavutil/reverse.o
macos	Sestavení přibaleného Opus nástroje pro oba typy Macu	2026-09-23T11:12:27.0646810Z CC	libavutil/ripemd.o
macos	Sestavení přibaleného Opus nástroje pro oba typy Macu	2026-09-23T11:12:27.0792770Z CC	libavutil/samplefmt.o
macos	Sestavení přibaleného Opus nástroje pro oba typy Macu	2026-09-23T11:12:27.1022620Z CC	libavutil/sha.o
macos	Sestavení přibaleného Opus nástroje pro oba typy Macu	2026-09-23T11:12:27.1585540Z CC	libavutil/sha512.o
macos	Sestavení přibaleného Opus nástroje pro oba typy Macu	2026-09-23T11:12:27.1687580Z CC	libavutil/slicethread.o
macos	Sestavení přibaleného Opus nástroje pro oba typy Macu	2026-09-23T11:12:27.1993240Z CC	libavutil/spherical.o
macos	Sestavení přibaleného Opus nástroje pro oba typy Macu	2026-09-23T11:12:27.2395770Z CC	libavutil/stereo3d.o
macos	Sestavení přibaleného Opus nástroje pro oba typy Macu	2026-09-23T11:12:27.2495950Z CC	libavutil/tea.o
macos	Sestavení přibaleného Opus nástroje pro oba typy Macu	2026-09-23T11:12:27.2608990Z CC	libavutil/threadmessage.o
macos	Sestavení přibaleného Opus nástroje pro oba typy Macu	2026-09-23T11:12:27.2822770Z CC	libavutil/time.o
macos	Sestavení přibaleného Opus nástroje pro oba typy Macu	2026-09-23T11:12:27.3132570Z CC	libavutil/timecode.o
macos	Sestavení přibaleného Opus nástroje pro oba typy Macu	2026-09-23T11:12:27.3236590Z CC	libavutil/tree.o
macos	Sestavení přibaleného Opus nástroje pro oba typy Macu	2026-09-23T11:12:27.3452700Z CC	libavutil/twofish.o
macos	Sestavení přibaleného Opus nástroje pro oba typy Macu	2026-09-23T11:12:27.3555600Z CC	libavutil/tx.o
macos	Sestavení přibaleného Opus nástroje pro oba typy Macu	2026-09-23T11:12:27.3944690Z CC	libavutil/tx_double.o
macos	Sestavení přibaleného Opus nástroje pro oba typy Macu	2026-09-23T11:12:27.4048000Z CC	libavutil/tx_float.o
macos	Sestavení přibaleného Opus nástroje pro oba typy Macu	2026-09-23T11:12:27.4416460Z CC	libavutil/tx_int32.o
macos	Sestavení přibaleného Opus nástroje pro oba typy Macu	2026-09-23T11:12:27.6070480Z CC	libavutil/utils.o
macos	Sestavení přibaleného Opus nástroje pro oba typy Macu	2026-09-23T11:12:27.6624320Z CC	libavutil/uuid.o
macos	Sestavení přibaleného Opus nástroje pro oba typy Macu	2026-09-23T11:12:27.7026220Z CC	libavutil/version.o
macos	Sestavení přibaleného Opus nástroje pro oba typy Macu	2026-09-23T11:12:27.7527960Z CC	libavutil/video_enc_params.o
macos	Sestavení přibaleného Opus nástroje pro oba typy Macu	2026-09-23T11:12:27.8030450Z CC	libavutil/video_hint.o
macos	Sestavení přibaleného Opus nástroje pro oba typy Macu	2026-09-23T11:12:27.8582450Z CC	libavutil/xga_font_data.o
macos	Sestavení přibaleného Opus nástroje pro oba typy Macu	2026-09-23T11:12:27.9185580Z CC	libavutil/xtea.o
macos	Sestavení přibaleného Opus nástroje pro oba typy Macu	2026-09-23T11:12:27.9336330Z AR	libavfilter/libavfilter.a
macos	Sestavení přibaleného Opus nástroje pro oba typy Macu	2026-09-23T11:12:27.9499140Z AR	libavformat/libavformat.a
macos	Sestavení přibaleného Opus nástroje pro oba typy Macu	2026-09-23T11:12:28.0399870Z AR	libavcodec/libavcodec.a
macos	Sestavení přibaleného Opus nástroje pro oba typy Macu	2026-09-23T11:12:28.0450510Z AR	libswresample/libswresample.a
macos	Sestavení přibaleného Opus nástroje pro oba typy Macu	2026-09-23T11:12:28.0460440Z CC	fftools/ffmpeg_dec.o
macos	Sestavení přibaleného Opus nástroje pro oba typy Macu	2026-09-23T11:12:28.1084040Z CC	fftools/ffmpeg_enc.o
macos	Sestavení přibaleného Opus nástroje pro oba typy Macu	2026-09-23T11:12:28.1185830Z CC	fftools/ffmpeg_demux.o
macos	Sestavení přibaleného Opus nástroje pro oba typy Macu	2026-09-23T11:12:28.1547510Z CC	fftools/ffmpeg_filter.o
macos	Sestavení přibaleného Opus nástroje pro oba typy Macu	2026-09-23T11:12:28.2351800Z src/fftools/ffmpeg_filter.c:1867:9: warning: variable 'fr' is used uninitialized whenever 'if' condition is true [-Wsometimes-uninitialized]
macos	Sestavení přibaleného Opus nástroje pro oba typy Macu	2026-09-23T11:12:28.2453630Z     if (ofilter->type == AVMEDIA_TYPE_AUDIO) {
macos	Sestavení přibaleného Opus nástroje pro oba typy Macu	2026-09-23T11:12:28.2555740Z         ^~~~~~~~~~~~~~~~~~~~~~~~~~~~~~~~~~~
macos	Sestavení přibaleného Opus nástroje pro oba typy Macu	2026-09-23T11:12:28.2556510Z src/fftools/ffmpeg_filter.c:1913:26: note: uninitialized use occurs here
macos	Sestavení přibaleného Opus nástroje pro oba typy Macu	2026-09-23T11:12:28.2557160Z     fps->framerate     = fr;
macos	Sestavení přibaleného Opus nástroje pro oba typy Macu	2026-09-23T11:12:28.2659520Z                          ^~
macos	Sestavení přibaleného Opus nástroje pro oba typy Macu	2026-09-23T11:12:28.2759300Z src/fftools/ffmpeg_filter.c:1867:5: note: remove the 'if' if its condition is always false
macos	Sestavení přibaleného Opus nástroje pro oba typy Macu	2026-09-23T11:12:28.2860280Z     if (ofilter->type == AVMEDIA_TYPE_AUDIO) {
macos	Sestavení přibaleného Opus nástroje pro oba typy Macu	2026-09-23T11:12:28.2860720Z CC	fftools/ffmpeg_hw.o
macos	Sestavení přibaleného Opus nástroje pro oba typy Macu	2026-09-23T11:12:28.2889500Z     ^~~~~~~~~~~~~~~~~~~~~~~~~~~~~~~~~~~~~~~~~~
macos	Sestavení přibaleného Opus nástroje pro oba typy Macu	2026-09-23T11:12:28.2889890Z CC	fftools/ffmpeg_mux.o
macos	Sestavení přibaleného Opus nástroje pro oba typy Macu	2026-09-23T11:12:28.2991150Z src/fftools/ffmpeg_filter.c:1847:5: note: variable 'fr' is declared here
macos	Sestavení přibaleného Opus nástroje pro oba typy Macu	2026-09-23T11:12:28.3091260Z     AVRational fr;
macos	Sestavení přibaleného Opus nástroje pro oba typy Macu	2026-09-23T11:12:28.3193180Z     ^
macos	Sestavení přibaleného Opus nástroje pro oba typy Macu	2026-09-23T11:12:28.3696350Z CC	fftools/ffmpeg_mux_init.o
macos	Sestavení přibaleného Opus nástroje pro oba typy Macu	2026-09-23T11:12:28.4217510Z src/fftools/ffmpeg_mux_init.c:297:55: warning: implicit truncation from 'int' to a one-bit wide bit-field changes value from 1 to -1 [-Wsingle-bit-bitfield-constant-conversion]
macos	Sestavení přibaleného Opus nástroje pro oba typy Macu	2026-09-23T11:12:28.4319030Z         { ENC_STATS_FRAME_NUM_IN,   "ni",       0, 0, 1         },
macos	Sestavení přibaleného Opus nástroje pro oba typy Macu	2026-09-23T11:12:28.4319460Z CC	fftools/ffmpeg_opt.o
macos	Sestavení přibaleného Opus nástroje pro oba typy Macu	2026-09-23T11:12:28.4420680Z                                                       ^
macos	Sestavení přibaleného Opus nástroje pro oba typy Macu	2026-09-23T11:12:28.4522470Z src/fftools/ffmpeg_mux_init.c:299:55: warning: implicit truncation from 'int' to a one-bit wide bit-field changes value from 1 to -1 [-Wsingle-bit-bitfield-constant-conversion]
macos	Sestavení přibaleného Opus nástroje pro oba typy Macu	2026-09-23T11:12:28.4624090Z         { ENC_STATS_TIMEBASE_IN,    "tbi",      0, 0, 1         },
macos	Sestavení přibaleného Opus nástroje pro oba typy Macu	2026-09-23T11:12:28.4725510Z                                                       ^
macos	Sestavení přibaleného Opus nástroje pro oba typy Macu	2026-09-23T11:12:28.4827880Z src/fftools/ffmpeg_mux_init.c:302:55: warning: implicit truncation from 'int' to a one-bit wide bit-field changes value from 1 to -1 [-Wsingle-bit-bitfield-constant-conversion]
macos	Sestavení přibaleného Opus nástroje pro oba typy Macu	2026-09-23T11:12:28.4938080Z         { ENC_STATS_PTS_IN,         "ptsi",     0, 0, 1         },
macos	Sestavení přibaleného Opus nástroje pro oba typy Macu	2026-09-23T11:12:28.5039370Z                                                       ^
macos	Sestavení přibaleného Opus nástroje pro oba typy Macu	2026-09-23T11:12:28.5141290Z src/fftools/ffmpeg_mux_init.c:303:55: warning: implicit truncation from 'int' to a one-bit wide bit-field changes value from 1 to -1 [-Wsingle-bit-bitfield-constant-conversion]
macos	Sestavení přibaleného Opus nástroje pro oba typy Macu	2026-09-23T11:12:28.5256830Z         { ENC_STATS_PTS_TIME_IN,    "ti",       0, 0, 1         },
macos	Sestavení přibaleného Opus nástroje pro oba typy Macu	2026-09-23T11:12:28.5258070Z CC	fftools/objpool.o
macos	Sestavení přibaleného Opus nástroje pro oba typy Macu	2026-09-23T11:12:28.5383050Z                                                       ^
macos	Sestavení přibaleného Opus nástroje pro oba typy Macu	2026-09-23T11:12:28.5512430Z src/fftools/ffmpeg_mux_init.c:304:52: warning: implicit truncation from 'int' to a one-bit wide bit-field changes value from 1 to -1 [-Wsingle-bit-bitfield-constant-conversion]
macos	Sestavení přibaleného Opus nástroje pro oba typy Macu	2026-09-23T11:12:28.5634780Z         { ENC_STATS_DTS,            "dts",      0, 1            },
macos	Sestavení přibaleného Opus nástroje pro oba typy Macu	2026-09-23T11:12:28.5759900Z                                                    ^
macos	Sestavení přibaleného Opus nástroje pro oba typy Macu	2026-09-23T11:12:28.5887650Z src/fftools/ffmpeg_mux_init.c:305:52: warning: implicit truncation from 'int' to a one-bit wide bit-field changes value from 1 to -1 [-Wsingle-bit-bitfield-constant-conversion]
macos	Sestavení přibaleného Opus nástroje pro oba typy Macu	2026-09-23T11:12:28.5973960Z         { ENC_STATS_DTS_TIME,       "dt",       0, 1            },
macos	Sestavení přibaleného Opus nástroje pro oba typy Macu	2026-09-23T11:12:28.5975190Z                                                    ^
macos	Sestavení přibaleného Opus nástroje pro oba typy Macu	2026-09-23T11:12:28.6090980Z src/fftools/ffmpeg_mux_init.c:306:49: warning: implicit truncation from 'int' to a one-bit wide bit-field changes value from 1 to -1 [-Wsingle-bit-bitfield-constant-conversion]
macos	Sestavení přibaleného Opus nástroje pro oba typy Macu	2026-09-23T11:12:28.6158770Z         { ENC_STATS_SAMPLE_NUM,     "sn",       1               },
macos	Sestavení přibaleného Opus nástroje pro oba typy Macu	2026-09-23T11:12:28.6159300Z CC	fftools/sync_queue.o
macos	Sestavení přibaleného Opus nástroje pro oba typy Macu	2026-09-23T11:12:28.6180910Z                                                 ^
macos	Sestavení přibaleného Opus nástroje pro oba typy Macu	2026-09-23T11:12:28.6230980Z src/fftools/ffmpeg_mux_init.c:307:49: warning: implicit truncation from 'int' to a one-bit wide bit-field changes value from 1 to -1 [-Wsingle-bit-bitfield-constant-conversion]
macos	Sestavení přibaleného Opus nástroje pro oba typy Macu	2026-09-23T11:12:28.6231890Z CC	fftools/thread_queue.o
macos	Sestavení přibaleného Opus nástroje pro oba typy Macu	2026-09-23T11:12:28.6334540Z         { ENC_STATS_NB_SAMPLES,     "samp",     1               },
macos	Sestavení přibaleného Opus nástroje pro oba typy Macu	2026-09-23T11:12:28.6345650Z CC	fftools/cmdutils.o
macos	Sestavení přibaleného Opus nástroje pro oba typy Macu	2026-09-23T11:12:28.6456190Z                                                 ^
macos	Sestavení přibaleného Opus nástroje pro oba typy Macu	2026-09-23T11:12:28.6558280Z src/fftools/ffmpeg_mux_init.c:308:52: warning: implicit truncation from 'int' to a one-bit wide bit-field changes value from 1 to -1 [-Wsingle-bit-bitfield-constant-conversion]
macos	Sestavení přibaleného Opus nástroje pro oba typy Macu	2026-09-23T11:12:28.6660230Z         { ENC_STATS_PKT_SIZE,       "size",     0, 1            },
macos	Sestavení přibaleného Opus nástroje pro oba typy Macu	2026-09-23T11:12:28.6761690Z                                                    ^
macos	Sestavení přibaleného Opus nástroje pro oba typy Macu	2026-09-23T11:12:28.6763210Z src/fftools/ffmpeg_mux_init.c:309:52: warning: implicit truncation from 'int' to a one-bit wide bit-field changes value from 1 to -1 [-Wsingle-bit-bitfield-constant-conversion]
macos	Sestavení přibaleného Opus nástroje pro oba typy Macu	2026-09-23T11:12:28.6864710Z         { ENC_STATS_BITRATE,        "br",       0, 1            },
macos	Sestavení přibaleného Opus nástroje pro oba typy Macu	2026-09-23T11:12:28.6966490Z                                                    ^
macos	Sestavení přibaleného Opus nástroje pro oba typy Macu	2026-09-23T11:12:28.7068230Z src/fftools/ffmpeg_mux_init.c:310:52: warning: implicit truncation from 'int' to a one-bit wide bit-field changes value from 1 to -1 [-Wsingle-bit-bitfield-constant-conversion]
macos	Sestavení přibaleného Opus nástroje pro oba typy Macu	2026-09-23T11:12:28.7068980Z CC	fftools/opt_common.o
macos	Sestavení přibaleného Opus nástroje pro oba typy Macu	2026-09-23T11:12:28.7170050Z         { ENC_STATS_AVG_BITRATE,    "abr",      0, 1            },
macos	Sestavení přibaleného Opus nástroje pro oba typy Macu	2026-09-23T11:12:28.7264550Z                                                    ^
macos	Sestavení přibaleného Opus nástroje pro oba typy Macu	2026-09-23T11:12:28.7365610Z 1 warning generated.
macos	Sestavení přibaleného Opus nástroje pro oba typy Macu	2026-09-23T11:12:28.7664970Z CC	fftools/ffmpeg.o
macos	Sestavení přibaleného Opus nástroje pro oba typy Macu	2026-09-23T11:12:28.7865610Z AR	libavutil/libavutil.a
macos	Sestavení přibaleného Opus nástroje pro oba typy Macu	2026-09-23T11:12:28.9744460Z 11 warnings generated.
macos	Sestavení přibaleného Opus nástroje pro oba typy Macu	2026-09-23T11:12:28.9792390Z LD	ffmpeg_g
macos	Sestavení přibaleného Opus nástroje pro oba typy Macu	2026-09-23T11:12:28.9972290Z ld: warning: ignoring duplicate libraries: '-lm'
macos	Sestavení přibaleného Opus nástroje pro oba typy Macu	2026-09-23T11:12:28.9972800Z ld: warning: search path 'libpostproc' not found
macos	Sestavení přibaleného Opus nástroje pro oba typy Macu	2026-09-23T11:12:28.9973230Z ld: warning: search path 'libswscale' not found
macos	Sestavení přibaleného Opus nástroje pro oba typy Macu	2026-09-23T11:12:29.0432540Z STRIP	ffmpeg
macos	Sestavení přibaleného Opus nástroje pro oba typy Macu	2026-09-23T11:12:29.0647110Z /Users/runner/work/ludone-desktop/ludone-desktop/.runtime/media-encoder/ffmpeg-6.1.6/darwin-arm64/ffmpeg: replacing existing signature
macos	Sestavení přibaleného Opus nástroje pro oba typy Macu	2026-09-23T11:12:29.6102980Z [encoder] x64: cache nelze použít (ENOENT: no such file or directory, access '/Users/runner/work/ludone-desktop/ludone-desktop/.runtime/media-encoder/ffmpeg-6.1.6/darwin-x64/ffmpeg'); sestavuji znovu.
macos	Sestavení přibaleného Opus nástroje pro oba typy Macu	2026-09-23T11:12:29.6104110Z [encoder] x64: sestavuji FFmpeg 6.1.6 + Opus 1.6.1.
macos	Sestavení přibaleného Opus nástroje pro oba typy Macu	2026-09-23T11:12:31.8074210Z checking whether make supports nested variables... yes
macos	Sestavení přibaleného Opus nástroje pro oba typy Macu	2026-09-23T11:12:31.8181520Z checking for a BSD-compatible install... /usr/bin/install -c
macos	Sestavení přibaleného Opus nástroje pro oba typy Macu	2026-09-23T11:12:31.8206100Z checking whether build environment is sane... yes
macos	Sestavení přibaleného Opus nástroje pro oba typy Macu	2026-09-23T11:12:31.8277700Z checking for x86_64-apple-darwin-strip... no
macos	Sestavení přibaleného Opus nástroje pro oba typy Macu	2026-09-23T11:12:31.8278270Z checking for strip... strip
macos	Sestavení přibaleného Opus nástroje pro oba typy Macu	2026-09-23T11:12:31.8296330Z checking for a race-free mkdir -p... /Users/runner/work/ludone-desktop/ludone-desktop/.runtime/media-encoder/ffmpeg-6.1.6/work/x64/opus-1.6.1/install-sh -c -d
macos	Sestavení přibaleného Opus nástroje pro oba typy Macu	2026-09-23T11:12:31.8297090Z checking for gawk... no
macos	Sestavení přibaleného Opus nástroje pro oba typy Macu	2026-09-23T11:12:31.8298010Z checking for mawk... no
macos	Sestavení přibaleného Opus nástroje pro oba typy Macu	2026-09-23T11:12:31.8298900Z checking for nawk... no
macos	Sestavení přibaleného Opus nástroje pro oba typy Macu	2026-09-23T11:12:31.8299740Z checking for awk... awk
macos	Sestavení přibaleného Opus nástroje pro oba typy Macu	2026-09-23T11:12:31.8422880Z checking whether make sets $(MAKE)... yes
macos	Sestavení přibaleného Opus nástroje pro oba typy Macu	2026-09-23T11:12:31.8498250Z checking whether to enable maintainer-specific portions of Makefiles... yes
macos	Sestavení přibaleného Opus nástroje pro oba typy Macu	2026-09-23T11:12:31.8722360Z checking build system type... aarch64-apple-darwin23.6.0
macos	Sestavení přibaleného Opus nástroje pro oba typy Macu	2026-09-23T11:12:31.8776620Z checking host system type... x86_64-apple-darwin
macos	Sestavení přibaleného Opus nástroje pro oba typy Macu	2026-09-23T11:12:31.8796300Z checking how to print strings... printf
macos	Sestavení přibaleného Opus nástroje pro oba typy Macu	2026-09-23T11:12:31.8940130Z checking whether make supports the include directive... yes (GNU style)
macos	Sestavení přibaleného Opus nástroje pro oba typy Macu	2026-09-23T11:12:31.8940940Z checking for x86_64-apple-darwin-gcc... clang
macos	Sestavení přibaleného Opus nástroje pro oba typy Macu	2026-09-23T11:12:32.1255140Z checking whether the C compiler works... yes
macos	Sestavení přibaleného Opus nástroje pro oba typy Macu	2026-09-23T11:12:32.1255680Z checking for C compiler default output file name... a.out
macos	Sestavení přibaleného Opus nástroje pro oba typy Macu	2026-09-23T11:12:32.1693430Z checking for suffix of executables... 
macos	Sestavení přibaleného Opus nástroje pro oba typy Macu	2026-09-23T11:12:32.5038100Z checking whether we are cross compiling... no
macos	Sestavení přibaleného Opus nástroje pro oba typy Macu	2026-09-23T11:12:32.5421340Z checking for suffix of object files... o
macos	Sestavení přibaleného Opus nástroje pro oba typy Macu	2026-09-23T11:12:32.5696560Z checking whether the compiler supports GNU C... yes
macos	Sestavení přibaleného Opus nástroje pro oba typy Macu	2026-09-23T11:12:32.5982920Z checking whether clang accepts -g... yes
macos	Sestavení přibaleného Opus nástroje pro oba typy Macu	2026-09-23T11:12:32.6465040Z checking for clang option to enable C11 features... none needed
macos	Sestavení přibaleného Opus nástroje pro oba typy Macu	2026-09-23T11:12:32.7112140Z checking whether clang understands -c and -o together... yes
macos	Sestavení přibaleného Opus nástroje pro oba typy Macu	2026-09-23T11:12:32.7603730Z checking dependency style of clang... gcc3
macos	Sestavení přibaleného Opus nástroje pro oba typy Macu	2026-09-23T11:12:32.8925280Z checking for a sed that does not truncate output... /usr/bin/sed
macos	Sestavení přibaleného Opus nástroje pro oba typy Macu	2026-09-23T11:12:32.8954680Z checking for grep that handles long lines and -e... /usr/bin/grep
macos	Sestavení přibaleného Opus nástroje pro oba typy Macu	2026-09-23T11:12:32.8970750Z checking for egrep... /usr/bin/grep -E
macos	Sestavení přibaleného Opus nástroje pro oba typy Macu	2026-09-23T11:12:32.8986860Z checking for fgrep... /usr/bin/grep -F
macos	Sestavení přibaleného Opus nástroje pro oba typy Macu	2026-09-23T11:12:32.9154050Z checking for ld used by clang... /Applications/Xcode_15.4.app/Contents/Developer/Toolchains/XcodeDefault.xctoolchain/usr/bin/ld
macos	Sestavení přibaleného Opus nástroje pro oba typy Macu	2026-09-23T11:12:32.9208020Z checking if the linker (/Applications/Xcode_15.4.app/Contents/Developer/Toolchains/XcodeDefault.xctoolchain/usr/bin/ld) is GNU ld... no
macos	Sestavení přibaleného Opus nástroje pro oba typy Macu	2026-09-23T11:12:32.9209960Z checking for BSD- or MS-compatible name lister (nm)... no
macos	Sestavení přibaleného Opus nástroje pro oba typy Macu	2026-09-23T11:12:32.9212930Z checking for x86_64-apple-darwin-dumpbin... no
macos	Sestavení přibaleného Opus nástroje pro oba typy Macu	2026-09-23T11:12:32.9213660Z checking for x86_64-apple-darwin-link... no
macos	Sestavení přibaleného Opus nástroje pro oba typy Macu	2026-09-23T11:12:32.9214500Z checking for dumpbin... no
macos	Sestavení přibaleného Opus nástroje pro oba typy Macu	2026-09-23T11:12:32.9215650Z checking for link... link -dump
macos	Sestavení přibaleného Opus nástroje pro oba typy Macu	2026-09-23T11:12:32.9673400Z checking the name lister (nm) interface... BSD nm
macos	Sestavení přibaleného Opus nástroje pro oba typy Macu	2026-09-23T11:12:32.9675540Z checking whether ln -s works... yes
macos	Sestavení přibaleného Opus nástroje pro oba typy Macu	2026-09-23T11:12:32.9747280Z checking the maximum length of command line arguments... 786432
macos	Sestavení přibaleného Opus nástroje pro oba typy Macu	2026-09-23T11:12:32.9800010Z checking how to convert aarch64-apple-darwin23.6.0 file names to x86_64-apple-darwin format... func_convert_file_noop
macos	Sestavení přibaleného Opus nástroje pro oba typy Macu	2026-09-23T11:12:32.9801820Z checking how to convert aarch64-apple-darwin23.6.0 file names to toolchain format... func_convert_file_noop
macos	Sestavení přibaleného Opus nástroje pro oba typy Macu	2026-09-23T11:12:32.9805250Z checking for /Applications/Xcode_15.4.app/Contents/Developer/Toolchains/XcodeDefault.xctoolchain/usr/bin/ld option to reload object files... -r
macos	Sestavení přibaleného Opus nástroje pro oba typy Macu	2026-09-23T11:12:32.9807580Z checking for x86_64-apple-darwin-file... no
macos	Sestavení přibaleného Opus nástroje pro oba typy Macu	2026-09-23T11:12:32.9809010Z checking for file... file
macos	Sestavení přibaleného Opus nástroje pro oba typy Macu	2026-09-23T11:12:32.9810170Z checking for x86_64-apple-darwin-objdump... no
macos	Sestavení přibaleného Opus nástroje pro oba typy Macu	2026-09-23T11:12:32.9811360Z checking for objdump... objdump
macos	Sestavení přibaleného Opus nástroje pro oba typy Macu	2026-09-23T11:12:32.9816130Z checking how to recognize dependent libraries... pass_all
macos	Sestavení přibaleného Opus nástroje pro oba typy Macu	2026-09-23T11:12:32.9817360Z checking for x86_64-apple-darwin-dlltool... no
macos	Sestavení přibaleného Opus nástroje pro oba typy Macu	2026-09-23T11:12:32.9819020Z checking for dlltool... no
macos	Sestavení přibaleného Opus nástroje pro oba typy Macu	2026-09-23T11:12:32.9820170Z checking how to associate runtime and link libraries... printf %s\n
macos	Sestavení přibaleného Opus nástroje pro oba typy Macu	2026-09-23T11:12:32.9822870Z checking for x86_64-apple-darwin-ar... no
macos	Sestavení přibaleného Opus nástroje pro oba typy Macu	2026-09-23T11:12:32.9823630Z checking for ar... ar
macos	Sestavení přibaleného Opus nástroje pro oba typy Macu	2026-09-23T11:12:33.0457700Z checking for archiver @FILE support... no
macos	Sestavení přibaleného Opus nástroje pro oba typy Macu	2026-09-23T11:12:33.0459280Z checking for x86_64-apple-darwin-strip... strip
macos	Sestavení přibaleného Opus nástroje pro oba typy Macu	2026-09-23T11:12:33.0460520Z checking for x86_64-apple-darwin-ranlib... no
macos	Sestavení přibaleného Opus nástroje pro oba typy Macu	2026-09-23T11:12:33.0462320Z checking for ranlib... ranlib
macos	Sestavení přibaleného Opus nástroje pro oba typy Macu	2026-09-23T11:12:33.2920220Z checking command to parse nm output from clang object... ok
macos	Sestavení přibaleného Opus nástroje pro oba typy Macu	2026-09-23T11:12:33.3012960Z checking for sysroot... no
macos	Sestavení přibaleného Opus nástroje pro oba typy Macu	2026-09-23T11:12:33.3082260Z checking for a working dd... /bin/dd
macos	Sestavení přibaleného Opus nástroje pro oba typy Macu	2026-09-23T11:12:33.3139420Z checking how to truncate binary pipes... /bin/dd bs=4096 count=1
macos	Sestavení přibaleného Opus nástroje pro oba typy Macu	2026-09-23T11:12:33.3143700Z checking for x86_64-apple-darwin-mt... no
macos	Sestavení přibaleného Opus nástroje pro oba typy Macu	2026-09-23T11:12:33.3146880Z checking for mt... no
macos	Sestavení přibaleného Opus nástroje pro oba typy Macu	2026-09-23T11:12:33.3191530Z checking if : is a manifest tool... no
macos	Sestavení přibaleného Opus nástroje pro oba typy Macu	2026-09-23T11:12:33.3199680Z checking for x86_64-apple-darwin-dsymutil... no
macos	Sestavení přibaleného Opus nástroje pro oba typy Macu	2026-09-23T11:12:33.3200440Z checking for dsymutil... dsymutil
macos	Sestavení přibaleného Opus nástroje pro oba typy Macu	2026-09-23T11:12:33.3201740Z checking for x86_64-apple-darwin-nmedit... no
macos	Sestavení přibaleného Opus nástroje pro oba typy Macu	2026-09-23T11:12:33.3202520Z checking for nmedit... nmedit
macos	Sestavení přibaleného Opus nástroje pro oba typy Macu	2026-09-23T11:12:33.3203630Z checking for x86_64-apple-darwin-lipo... no
macos	Sestavení přibaleného Opus nástroje pro oba typy Macu	2026-09-23T11:12:33.3204430Z checking for lipo... lipo
macos	Sestavení přibaleného Opus nástroje pro oba typy Macu	2026-09-23T11:12:33.3205490Z checking for x86_64-apple-darwin-otool... no
macos	Sestavení přibaleného Opus nástroje pro oba typy Macu	2026-09-23T11:12:33.3206230Z checking for otool... otool
macos	Sestavení přibaleného Opus nástroje pro oba typy Macu	2026-09-23T11:12:33.3207290Z checking for x86_64-apple-darwin-otool64... no
macos	Sestavení přibaleného Opus nástroje pro oba typy Macu	2026-09-23T11:12:33.3208070Z checking for otool64... no
macos	Sestavení přibaleného Opus nástroje pro oba typy Macu	2026-09-23T11:12:33.3653040Z checking for -single_module linker flag... ld: warning: -single_module is obsolete
macos	Sestavení přibaleného Opus nástroje pro oba typy Macu	2026-09-23T11:12:33.3692440Z no
macos	Sestavení přibaleného Opus nástroje pro oba typy Macu	2026-09-23T11:12:33.4383160Z checking for -exported_symbols_list linker flag... yes
macos	Sestavení přibaleného Opus nástroje pro oba typy Macu	2026-09-23T11:12:33.5439890Z checking for -force_load linker flag... yes
macos	Sestavení přibaleného Opus nástroje pro oba typy Macu	2026-09-23T11:12:33.5718640Z checking for stdio.h... yes
macos	Sestavení přibaleného Opus nástroje pro oba typy Macu	2026-09-23T11:12:33.6056060Z checking for stdlib.h... yes
macos	Sestavení přibaleného Opus nástroje pro oba typy Macu	2026-09-23T11:12:33.6367390Z checking for string.h... yes
macos	Sestavení přibaleného Opus nástroje pro oba typy Macu	2026-09-23T11:12:33.6678800Z checking for inttypes.h... yes
macos	Sestavení přibaleného Opus nástroje pro oba typy Macu	2026-09-23T11:12:33.6990060Z checking for stdint.h... yes
macos	Sestavení přibaleného Opus nástroje pro oba typy Macu	2026-09-23T11:12:33.7287300Z checking for strings.h... yes
macos	Sestavení přibaleného Opus nástroje pro oba typy Macu	2026-09-23T11:12:33.7629450Z checking for sys/stat.h... yes
macos	Sestavení přibaleného Opus nástroje pro oba typy Macu	2026-09-23T11:12:33.8010870Z checking for sys/types.h... yes
macos	Sestavení přibaleného Opus nástroje pro oba typy Macu	2026-09-23T11:12:33.8399770Z checking for unistd.h... yes
macos	Sestavení přibaleného Opus nástroje pro oba typy Macu	2026-09-23T11:12:33.8804980Z checking for dlfcn.h... yes
macos	Sestavení přibaleného Opus nástroje pro oba typy Macu	2026-09-23T11:12:33.8853200Z checking for objdir... .libs
macos	Sestavení přibaleného Opus nástroje pro oba typy Macu	2026-09-23T11:12:33.9989570Z checking if clang supports -fno-rtti -fno-exceptions... yes
macos	Sestavení přibaleného Opus nástroje pro oba typy Macu	2026-09-23T11:12:33.9990380Z checking for clang option to produce PIC... -fno-common -DPIC
macos	Sestavení přibaleného Opus nástroje pro oba typy Macu	2026-09-23T11:12:34.0371320Z checking if clang PIC flag -fno-common -DPIC works... yes
macos	Sestavení přibaleného Opus nástroje pro oba typy Macu	2026-09-23T11:12:34.0921430Z checking if clang static flag -static works... no
macos	Sestavení přibaleného Opus nástroje pro oba typy Macu	2026-09-23T11:12:34.1591970Z checking if clang supports -c -o file.o... yes
macos	Sestavení přibaleného Opus nástroje pro oba typy Macu	2026-09-23T11:12:34.1593850Z checking if clang supports -c -o file.o... (cached) yes
macos	Sestavení přibaleného Opus nástroje pro oba typy Macu	2026-09-23T11:12:34.1595170Z checking whether the clang linker (/Applications/Xcode_15.4.app/Contents/Developer/Toolchains/XcodeDefault.xctoolchain/usr/bin/ld) supports shared libraries... yes
macos	Sestavení přibaleného Opus nástroje pro oba typy Macu	2026-09-23T11:12:34.2170490Z checking dynamic linker characteristics... darwin dyld
macos	Sestavení přibaleného Opus nástroje pro oba typy Macu	2026-09-23T11:12:34.2171470Z checking how to hardcode library paths into programs... immediate
macos	Sestavení přibaleného Opus nástroje pro oba typy Macu	2026-09-23T11:12:34.2295740Z checking whether stripping libraries is possible... yes
macos	Sestavení přibaleného Opus nástroje pro oba typy Macu	2026-09-23T11:12:34.2297310Z checking if libtool supports shared libraries... yes
macos	Sestavení přibaleného Opus nástroje pro oba typy Macu	2026-09-23T11:12:34.2298740Z checking whether to build shared libraries... no
macos	Sestavení přibaleného Opus nástroje pro oba typy Macu	2026-09-23T11:12:34.2300060Z checking whether to build static libraries... yes
macos	Sestavení přibaleného Opus nástroje pro oba typy Macu	2026-09-23T11:12:34.2301500Z checking for x86_64-apple-darwin-gcc... (cached) clang
macos	Sestavení přibaleného Opus nástroje pro oba typy Macu	2026-09-23T11:12:34.3901250Z checking whether the compiler supports GNU C... (cached) yes
macos	Sestavení přibaleného Opus nástroje pro oba typy Macu	2026-09-23T11:12:34.3903090Z checking whether clang accepts -g... (cached) yes
macos	Sestavení přibaleného Opus nástroje pro oba typy Macu	2026-09-23T11:12:34.3904670Z checking for clang option to enable C11 features... (cached) none needed
macos	Sestavení přibaleného Opus nástroje pro oba typy Macu	2026-09-23T11:12:34.3906510Z checking whether clang understands -c and -o together... (cached) yes
macos	Sestavení přibaleného Opus nástroje pro oba typy Macu	2026-09-23T11:12:34.3908810Z checking dependency style of clang... (cached) gcc3
macos	Sestavení přibaleného Opus nástroje pro oba typy Macu	2026-09-23T11:12:34.4343780Z checking for an ANSI C-conforming const... yes
macos	Sestavení přibaleného Opus nástroje pro oba typy Macu	2026-09-23T11:12:34.4596280Z checking for inline... inline
macos	Sestavení přibaleného Opus nástroje pro oba typy Macu	2026-09-23T11:12:34.5095770Z checking dependency style of clang... gcc3
macos	Sestavení přibaleného Opus nástroje pro oba typy Macu	2026-09-23T11:12:34.5369220Z checking for C/C++ restrict keyword... __restrict
macos	Sestavení přibaleného Opus nástroje pro oba typy Macu	2026-09-23T11:12:34.5668410Z checking for C99 variable-size arrays... yes
macos	Sestavení přibaleného Opus nástroje pro oba typy Macu	2026-09-23T11:12:34.6218530Z checking how to run the C preprocessor... clang -E
macos	Sestavení přibaleného Opus nástroje pro oba typy Macu	2026-09-23T11:12:34.7736940Z checking if compiler supports SSE intrinsics... yes
macos	Sestavení přibaleného Opus nástroje pro oba typy Macu	2026-09-23T11:12:34.8351760Z checking if compiler supports SSE2 intrinsics... yes
macos	Sestavení přibaleného Opus nástroje pro oba typy Macu	2026-09-23T11:12:34.9022400Z checking if compiler supports SSE4.1 intrinsics... yes
macos	Sestavení přibaleného Opus nástroje pro oba typy Macu	2026-09-23T11:12:35.0608590Z checking if compiler supports AVX2 intrinsics... no
macos	Sestavení přibaleného Opus nástroje pro oba typy Macu	2026-09-23T11:12:35.2000200Z checking if compiler supports AVX2 intrinsics with -mavx -mfma -mavx2... yes
macos	Sestavení přibaleného Opus nástroje pro oba typy Macu	2026-09-23T11:12:35.2535880Z checking How to get X86 CPU Info... Inline Assembly
macos	Sestavení přibaleného Opus nástroje pro oba typy Macu	2026-09-23T11:12:35.2554360Z checking argument osce training data... no
macos	Sestavení přibaleného Opus nástroje pro oba typy Macu	2026-09-23T11:12:35.2770210Z checking if clang supports -fvisibility=hidden... yes
macos	Sestavení přibaleného Opus nástroje pro oba typy Macu	2026-09-23T11:12:35.3253350Z checking if clang supports -fstack-protector-strong... yes
macos	Sestavení přibaleného Opus nástroje pro oba typy Macu	2026-09-23T11:12:35.3722320Z checking whether to add -D_FORTIFY_SOURCE=2 to CFLAGS... yes
macos	Sestavení přibaleného Opus nástroje pro oba typy Macu	2026-09-23T11:12:35.3972750Z checking if clang supports -Wall -Wextra -Wcast-align -Wnested-externs -Wshadow -Wstrict-prototypes... yes
macos	Sestavení přibaleného Opus nástroje pro oba typy Macu	2026-09-23T11:12:35.4571430Z checking for lrintf... yes
macos	Sestavení přibaleného Opus nástroje pro oba typy Macu	2026-09-23T11:12:35.5375340Z checking for lrint... yes
macos	Sestavení přibaleného Opus nástroje pro oba typy Macu	2026-09-23T11:12:35.6112970Z checking for __malloc_hook... no
macos	Sestavení přibaleného Opus nástroje pro oba typy Macu	2026-09-23T11:12:35.6834640Z checking for elf_aux_info... no
macos	Sestavení přibaleného Opus nástroje pro oba typy Macu	2026-09-23T11:12:35.7234630Z checking that generated files are newer than configure... done
macos	Sestavení přibaleného Opus nástroje pro oba typy Macu	2026-09-23T11:12:35.7238090Z configure: creating ./config.status
macos	Sestavení přibaleného Opus nástroje pro oba typy Macu	2026-09-23T11:12:36.3093350Z config.status: creating Makefile
macos	Sestavení přibaleného Opus nástroje pro oba typy Macu	2026-09-23T11:12:36.3534930Z config.status: creating opus.pc
macos	Sestavení přibaleného Opus nástroje pro oba typy Macu	2026-09-23T11:12:36.3681690Z config.status: creating opus-uninstalled.pc
macos	Sestavení přibaleného Opus nástroje pro oba typy Macu	2026-09-23T11:12:36.3832320Z config.status: creating celt/arm/armopts.s
macos	Sestavení přibaleného Opus nástroje pro oba typy Macu	2026-09-23T11:12:36.4111730Z config.status: creating doc/Makefile
macos	Sestavení přibaleného Opus nástroje pro oba typy Macu	2026-09-23T11:12:36.4375920Z config.status: creating doc/Doxyfile
macos	Sestavení přibaleného Opus nástroje pro oba typy Macu	2026-09-23T11:12:36.4566310Z config.status: creating config.h
macos	Sestavení přibaleného Opus nástroje pro oba typy Macu	2026-09-23T11:12:36.4769160Z config.status: executing depfiles commands
macos	Sestavení přibaleného Opus nástroje pro oba typy Macu	2026-09-23T11:12:38.5371650Z config.status: executing libtool commands
macos	Sestavení přibaleného Opus nástroje pro oba typy Macu	2026-09-23T11:12:38.5557100Z configure:
macos	Sestavení přibaleného Opus nástroje pro oba typy Macu	2026-09-23T11:12:38.5558400Z ------------------------------------------------------------------------
macos	Sestavení přibaleného Opus nástroje pro oba typy Macu	2026-09-23T11:12:38.5559420Z   opus 1.6.1:  Automatic configuration OK.
macos	Sestavení přibaleného Opus nástroje pro oba typy Macu	2026-09-23T11:12:38.5559670Z 
macos	Sestavení přibaleného Opus nástroje pro oba typy Macu	2026-09-23T11:12:38.5559770Z     Compiler support:
macos	Sestavení přibaleného Opus nástroje pro oba typy Macu	2026-09-23T11:12:38.5559920Z 
macos	Sestavení přibaleného Opus nástroje pro oba typy Macu	2026-09-23T11:12:38.5560060Z       C99 var arrays: ................ yes
macos	Sestavení přibaleného Opus nástroje pro oba typy Macu	2026-09-23T11:12:38.5560410Z       C99 lrintf: .................... yes
macos	Sestavení přibaleného Opus nástroje pro oba typy Macu	2026-09-23T11:12:38.5560770Z       Use alloca: .................... no (using var arrays)
macos	Sestavení přibaleného Opus nástroje pro oba typy Macu	2026-09-23T11:12:38.5561000Z 
macos	Sestavení přibaleného Opus nástroje pro oba typy Macu	2026-09-23T11:12:38.5561100Z     General configuration:
macos	Sestavení přibaleného Opus nástroje pro oba typy Macu	2026-09-23T11:12:38.5561250Z 
macos	Sestavení přibaleného Opus nástroje pro oba typy Macu	2026-09-23T11:12:38.5561400Z       Floating point support: ........ yes
macos	Sestavení přibaleného Opus nástroje pro oba typy Macu	2026-09-23T11:12:38.5561730Z       Fast float approximations: ..... yes
macos	Sestavení přibaleného Opus nástroje pro oba typy Macu	2026-09-23T11:12:38.5562040Z       Fixed point debugging: ......... no
macos	Sestavení přibaleného Opus nástroje pro oba typy Macu	2026-09-23T11:12:38.5562540Z       Inline Assembly Optimizations: . No inline ASM for your platform, please send patches
macos	Sestavení přibaleného Opus nástroje pro oba typy Macu	2026-09-23T11:12:38.5563010Z       External Assembly Optimizations: 
macos	Sestavení přibaleného Opus nástroje pro oba typy Macu	2026-09-23T11:12:38.5563480Z       Intrinsics Optimizations: ...... x86 SSE SSE2 SSE4.1 AVX2
macos	Sestavení přibaleného Opus nástroje pro oba typy Macu	2026-09-23T11:12:38.5563900Z       Run-time CPU detection: ........ x86 AVX2
macos	Sestavení přibaleného Opus nástroje pro oba typy Macu	2026-09-23T11:12:38.5564240Z       Custom modes: .................. no
macos	Sestavení přibaleného Opus nástroje pro oba typy Macu	2026-09-23T11:12:38.5564600Z       Assertion checking: ............ no
macos	Sestavení přibaleného Opus nástroje pro oba typy Macu	2026-09-23T11:12:38.5564980Z       Hardening: ..................... yes
macos	Sestavení přibaleného Opus nástroje pro oba typy Macu	2026-09-23T11:12:38.5565300Z       Fuzzing: ....................... no
macos	Sestavení přibaleného Opus nástroje pro oba typy Macu	2026-09-23T11:12:38.5566510Z       Check ASM: ..................... no
macos	Sestavení přibaleného Opus nástroje pro oba typy Macu	2026-09-23T11:12:38.5566920Z 
macos	Sestavení přibaleného Opus nástroje pro oba typy Macu	2026-09-23T11:12:38.5567080Z       API documentation: ............. no
macos	Sestavení přibaleného Opus nástroje pro oba typy Macu	2026-09-23T11:12:38.5567400Z       Extra programs: ................ no
macos	Sestavení přibaleného Opus nástroje pro oba typy Macu	2026-09-23T11:12:38.5567890Z ------------------------------------------------------------------------
macos	Sestavení přibaleného Opus nástroje pro oba typy Macu	2026-09-23T11:12:38.5568190Z 
macos	Sestavení přibaleného Opus nástroje pro oba typy Macu	2026-09-23T11:12:38.5568380Z  Type "make; make install" to compile and install
macos	Sestavení přibaleného Opus nástroje pro oba typy Macu	2026-09-23T11:12:38.5568800Z  Type "make check" to run the test suite
macos	Sestavení přibaleného Opus nástroje pro oba typy Macu	2026-09-23T11:12:38.5568990Z 
macos	Sestavení přibaleného Opus nástroje pro oba typy Macu	2026-09-23T11:12:38.6243360Z /Applications/Xcode_15.4.app/Contents/Developer/usr/bin/make  all-recursive
macos	Sestavení přibaleného Opus nástroje pro oba typy Macu	2026-09-23T11:12:38.6904330Z   CC       celt/bands.lo
macos	Sestavení přibaleného Opus nástroje pro oba typy Macu	2026-09-23T11:12:38.6917120Z   CC       celt/celt.lo
macos	Sestavení přibaleného Opus nástroje pro oba typy Macu	2026-09-23T11:12:38.6923360Z   CC       celt/celt_encoder.lo
macos	Sestavení přibaleného Opus nástroje pro oba typy Macu	2026-09-23T11:12:38.6928670Z make[3]: Nothing to be done for `all'.
macos	Sestavení přibaleného Opus nástroje pro oba typy Macu	2026-09-23T11:12:38.6960710Z   CC       celt/celt_decoder.lo
macos	Sestavení přibaleného Opus nástroje pro oba typy Macu	2026-09-23T11:12:38.8548110Z   CC       celt/cwrs.lo
macos	Sestavení přibaleného Opus nástroje pro oba typy Macu	2026-09-23T11:12:39.0454700Z   CC       celt/entcode.lo
macos	Sestavení přibaleného Opus nástroje pro oba typy Macu	2026-09-23T11:12:39.1158910Z   CC       celt/entdec.lo
macos	Sestavení přibaleného Opus nástroje pro oba typy Macu	2026-09-23T11:12:39.2641370Z   CC       celt/entenc.lo
macos	Sestavení přibaleného Opus nástroje pro oba typy Macu	2026-09-23T11:12:39.3117750Z   CC       celt/kiss_fft.lo
macos	Sestavení přibaleného Opus nástroje pro oba typy Macu	2026-09-23T11:12:39.4021940Z   CC       celt/laplace.lo
macos	Sestavení přibaleného Opus nástroje pro oba typy Macu	2026-09-23T11:12:39.5429410Z   CC       celt/mathops.lo
macos	Sestavení přibaleného Opus nástroje pro oba typy Macu	2026-09-23T11:12:39.5730410Z   CC       celt/mdct.lo
macos	Sestavení přibaleného Opus nástroje pro oba typy Macu	2026-09-23T11:12:39.5892750Z   CC       celt/modes.lo
macos	Sestavení přibaleného Opus nástroje pro oba typy Macu	2026-09-23T11:12:39.5899910Z   CC       celt/pitch.lo
macos	Sestavení přibaleného Opus nástroje pro oba typy Macu	2026-09-23T11:12:39.7127780Z   CC       celt/celt_lpc.lo
macos	Sestavení přibaleného Opus nástroje pro oba typy Macu	2026-09-23T11:12:39.7249240Z   CC       celt/quant_bands.lo
macos	Sestavení přibaleného Opus nástroje pro oba typy Macu	2026-09-23T11:12:39.7299410Z   CC       celt/rate.lo
macos	Sestavení přibaleného Opus nástroje pro oba typy Macu	2026-09-23T11:12:39.7582540Z   CC       celt/vq.lo
macos	Sestavení přibaleného Opus nástroje pro oba typy Macu	2026-09-23T11:12:39.8927170Z   CC       celt/x86/x86cpu.lo
macos	Sestavení přibaleného Opus nástroje pro oba typy Macu	2026-09-23T11:12:39.9008960Z   CC       celt/x86/x86_celt_map.lo
macos	Sestavení přibaleného Opus nástroje pro oba typy Macu	2026-09-23T11:12:39.9069570Z   CC       celt/x86/pitch_sse.lo
macos	Sestavení přibaleného Opus nástroje pro oba typy Macu	2026-09-23T11:12:40.0023710Z   CC       celt/x86/pitch_sse2.lo
macos	Sestavení přibaleného Opus nástroje pro oba typy Macu	2026-09-23T11:12:40.1762870Z   CC       celt/x86/vq_sse2.lo
macos	Sestavení přibaleného Opus nástroje pro oba typy Macu	2026-09-23T11:12:40.2422690Z   CC       celt/x86/celt_lpc_sse4_1.lo
macos	Sestavení přibaleného Opus nástroje pro oba typy Macu	2026-09-23T11:12:40.2551120Z   CC       celt/x86/pitch_sse4_1.lo
macos	Sestavení přibaleného Opus nástroje pro oba typy Macu	2026-09-23T11:12:40.3409520Z   CC       celt/x86/pitch_avx.lo
macos	Sestavení přibaleného Opus nástroje pro oba typy Macu	2026-09-23T11:12:40.4527130Z   CC       silk/CNG.lo
macos	Sestavení přibaleného Opus nástroje pro oba typy Macu	2026-09-23T11:12:40.4890690Z   CC       silk/code_signs.lo
macos	Sestavení přibaleného Opus nástroje pro oba typy Macu	2026-09-23T11:12:40.4966280Z   CC       silk/init_decoder.lo
macos	Sestavení přibaleného Opus nástroje pro oba typy Macu	2026-09-23T11:12:40.7438010Z   CC       silk/decode_core.lo
macos	Sestavení přibaleného Opus nástroje pro oba typy Macu	2026-09-23T11:12:40.7539510Z   CC       silk/decode_frame.lo
macos	Sestavení přibaleného Opus nástroje pro oba typy Macu	2026-09-23T11:12:40.7640370Z   CC       silk/decode_parameters.lo
macos	Sestavení přibaleného Opus nástroje pro oba typy Macu	2026-09-23T11:12:40.7744740Z   CC       silk/decode_indices.lo
macos	Sestavení přibaleného Opus nástroje pro oba typy Macu	2026-09-23T11:12:40.9727280Z   CC       silk/decode_pulses.lo
macos	Sestavení přibaleného Opus nástroje pro oba typy Macu	2026-09-23T11:12:40.9931040Z   CC       silk/decoder_set_fs.lo
macos	Sestavení přibaleného Opus nástroje pro oba typy Macu	2026-09-23T11:12:41.0032380Z   CC       silk/dec_API.lo
macos	Sestavení přibaleného Opus nástroje pro oba typy Macu	2026-09-23T11:12:41.0945680Z   CC       silk/enc_API.lo
macos	Sestavení přibaleného Opus nástroje pro oba typy Macu	2026-09-23T11:12:41.2081380Z   CC       silk/encode_indices.lo
macos	Sestavení přibaleného Opus nástroje pro oba typy Macu	2026-09-23T11:12:41.2182400Z   CC       silk/encode_pulses.lo
macos	Sestavení přibaleného Opus nástroje pro oba typy Macu	2026-09-23T11:12:41.3291800Z   CC       silk/gain_quant.lo
macos	Sestavení přibaleného Opus nástroje pro oba typy Macu	2026-09-23T11:12:41.4411750Z   CC       silk/interpolate.lo
macos	Sestavení přibaleného Opus nástroje pro oba typy Macu	2026-09-23T11:12:41.4715870Z   CC       silk/LP_variable_cutoff.lo
macos	Sestavení přibaleného Opus nástroje pro oba typy Macu	2026-09-23T11:12:41.5035770Z   CC       silk/NLSF_decode.lo
macos	Sestavení přibaleného Opus nástroje pro oba typy Macu	2026-09-23T11:12:41.6108500Z   CC       silk/NSQ.lo
macos	Sestavení přibaleného Opus nástroje pro oba typy Macu	2026-09-23T11:12:41.6629210Z   CC       silk/NSQ_del_dec.lo
macos	Sestavení přibaleného Opus nástroje pro oba typy Macu	2026-09-23T11:12:41.6933870Z   CC       silk/PLC.lo
macos	Sestavení přibaleného Opus nástroje pro oba typy Macu	2026-09-23T11:12:41.7152480Z   CC       silk/shell_coder.lo
macos	Sestavení přibaleného Opus nástroje pro oba typy Macu	2026-09-23T11:12:41.8827610Z   CC       silk/tables_gain.lo
macos	Sestavení přibaleného Opus nástroje pro oba typy Macu	2026-09-23T11:12:41.9168760Z   CC       silk/tables_LTP.lo
macos	Sestavení přibaleného Opus nástroje pro oba typy Macu	2026-09-23T11:12:42.0078900Z   CC       silk/tables_NLSF_CB_NB_MB.lo
macos	Sestavení přibaleného Opus nástroje pro oba typy Macu	2026-09-23T11:12:42.0291880Z   CC       silk/tables_NLSF_CB_WB.lo
macos	Sestavení přibaleného Opus nástroje pro oba typy Macu	2026-09-23T11:12:42.0600420Z   CC       silk/tables_other.lo
macos	Sestavení přibaleného Opus nástroje pro oba typy Macu	2026-09-23T11:12:42.1102370Z   CC       silk/tables_pitch_lag.lo
macos	Sestavení přibaleného Opus nástroje pro oba typy Macu	2026-09-23T11:12:42.2472240Z   CC       silk/tables_pulses_per_block.lo
macos	Sestavení přibaleného Opus nástroje pro oba typy Macu	2026-09-23T11:12:42.2547660Z   CC       silk/VAD.lo
macos	Sestavení přibaleného Opus nástroje pro oba typy Macu	2026-09-23T11:12:42.2761430Z   CC       silk/control_audio_bandwidth.lo
macos	Sestavení přibaleného Opus nástroje pro oba typy Macu	2026-09-23T11:12:42.3183050Z   CC       silk/quant_LTP_gains.lo
macos	Sestavení přibaleného Opus nástroje pro oba typy Macu	2026-09-23T11:12:42.3991490Z   CC       silk/VQ_WMat_EC.lo
macos	Sestavení přibaleného Opus nástroje pro oba typy Macu	2026-09-23T11:12:42.4348800Z   CC       silk/HP_variable_cutoff.lo
macos	Sestavení přibaleného Opus nástroje pro oba typy Macu	2026-09-23T11:12:42.4442660Z   CC       silk/NLSF_encode.lo
macos	Sestavení přibaleného Opus nástroje pro oba typy Macu	2026-09-23T11:12:42.4696780Z   CC       silk/NLSF_VQ.lo
macos	Sestavení přibaleného Opus nástroje pro oba typy Macu	2026-09-23T11:12:42.5454380Z   CC       silk/NLSF_unpack.lo
macos	Sestavení přibaleného Opus nástroje pro oba typy Macu	2026-09-23T11:12:42.5749510Z   CC       silk/NLSF_del_dec_quant.lo
macos	Sestavení přibaleného Opus nástroje pro oba typy Macu	2026-09-23T11:12:42.5847050Z   CC       silk/process_NLSFs.lo
macos	Sestavení přibaleného Opus nástroje pro oba typy Macu	2026-09-23T11:12:42.6131890Z   CC       silk/stereo_LR_to_MS.lo
macos	Sestavení přibaleného Opus nástroje pro oba typy Macu	2026-09-23T11:12:42.6953150Z   CC       silk/stereo_MS_to_LR.lo
macos	Sestavení přibaleného Opus nástroje pro oba typy Macu	2026-09-23T11:12:42.7235020Z   CC       silk/check_control_input.lo
macos	Sestavení přibaleného Opus nástroje pro oba typy Macu	2026-09-23T11:12:42.7354500Z   CC       silk/control_SNR.lo
macos	Sestavení přibaleného Opus nástroje pro oba typy Macu	2026-09-23T11:12:42.8172140Z   CC       silk/init_encoder.lo
macos	Sestavení přibaleného Opus nástroje pro oba typy Macu	2026-09-23T11:12:42.8453850Z   CC       silk/control_codec.lo
macos	Sestavení přibaleného Opus nástroje pro oba typy Macu	2026-09-23T11:12:42.8456150Z   CC       silk/A2NLSF.lo
macos	Sestavení přibaleného Opus nástroje pro oba typy Macu	2026-09-23T11:12:42.8515260Z   CC       silk/ana_filt_bank_1.lo
macos	Sestavení přibaleného Opus nástroje pro oba typy Macu	2026-09-23T11:12:42.9748890Z   CC       silk/biquad_alt.lo
macos	Sestavení přibaleného Opus nástroje pro oba typy Macu	2026-09-23T11:12:42.9843310Z   CC       silk/bwexpander_32.lo
macos	Sestavení přibaleného Opus nástroje pro oba typy Macu	2026-09-23T11:12:42.9880240Z   CC       silk/bwexpander.lo
macos	Sestavení přibaleného Opus nástroje pro oba typy Macu	2026-09-23T11:12:42.9967350Z   CC       silk/debug.lo
macos	Sestavení přibaleného Opus nástroje pro oba typy Macu	2026-09-23T11:12:43.1254310Z   CC       silk/inner_prod_aligned.lo
macos	Sestavení přibaleného Opus nástroje pro oba typy Macu	2026-09-23T11:12:43.1259900Z   CC       silk/decode_pitch.lo
macos	Sestavení přibaleného Opus nástroje pro oba typy Macu	2026-09-23T11:12:43.1263990Z   CC       silk/lin2log.lo
macos	Sestavení přibaleného Opus nástroje pro oba typy Macu	2026-09-23T11:12:43.1461570Z   CC       silk/log2lin.lo
macos	Sestavení přibaleného Opus nástroje pro oba typy Macu	2026-09-23T11:12:43.3196150Z   CC       silk/LPC_analysis_filter.lo
macos	Sestavení přibaleného Opus nástroje pro oba typy Macu	2026-09-23T11:12:43.3296700Z   CC       silk/LPC_inv_pred_gain.lo
macos	Sestavení přibaleného Opus nástroje pro oba typy Macu	2026-09-23T11:12:43.3350800Z   CC       silk/table_LSF_cos.lo
macos	Sestavení přibaleného Opus nástroje pro oba typy Macu	2026-09-23T11:12:43.3415470Z   CC       silk/NLSF2A.lo
macos	Sestavení přibaleného Opus nástroje pro oba typy Macu	2026-09-23T11:12:43.4447650Z   CC       silk/NLSF_stabilize.lo
macos	Sestavení přibaleného Opus nástroje pro oba typy Macu	2026-09-23T11:12:43.4481880Z   CC       silk/NLSF_VQ_weights_laroia.lo
macos	Sestavení přibaleného Opus nástroje pro oba typy Macu	2026-09-23T11:12:43.4623750Z   CC       silk/pitch_est_tables.lo
macos	Sestavení přibaleného Opus nástroje pro oba typy Macu	2026-09-23T11:12:43.5119560Z   CC       silk/resampler.lo
macos	Sestavení přibaleného Opus nástroje pro oba typy Macu	2026-09-23T11:12:43.5775490Z   CC       silk/resampler_down2_3.lo
macos	Sestavení přibaleného Opus nástroje pro oba typy Macu	2026-09-23T11:12:43.5833420Z   CC       silk/resampler_down2.lo
macos	Sestavení přibaleného Opus nástroje pro oba typy Macu	2026-09-23T11:12:43.5847150Z   CC       silk/resampler_private_AR2.lo
macos	Sestavení přibaleného Opus nástroje pro oba typy Macu	2026-09-23T11:12:43.6504840Z   CC       silk/resampler_private_down_FIR.lo
macos	Sestavení přibaleného Opus nástroje pro oba typy Macu	2026-09-23T11:12:43.6983880Z   CC       silk/resampler_private_IIR_FIR.lo
macos	Sestavení přibaleného Opus nástroje pro oba typy Macu	2026-09-23T11:12:43.6992250Z   CC       silk/resampler_private_up2_HQ.lo
macos	Sestavení přibaleného Opus nástroje pro oba typy Macu	2026-09-23T11:12:43.7068200Z   CC       silk/resampler_rom.lo
macos	Sestavení přibaleného Opus nástroje pro oba typy Macu	2026-09-23T11:12:43.8099740Z   CC       silk/sigm_Q15.lo
macos	Sestavení přibaleného Opus nástroje pro oba typy Macu	2026-09-23T11:12:43.8111770Z   CC       silk/sort.lo
macos	Sestavení přibaleného Opus nástroje pro oba typy Macu	2026-09-23T11:12:43.8116760Z   CC       silk/sum_sqr_shift.lo
macos	Sestavení přibaleného Opus nástroje pro oba typy Macu	2026-09-23T11:12:43.8389600Z   CC       silk/stereo_decode_pred.lo
macos	Sestavení přibaleného Opus nástroje pro oba typy Macu	2026-09-23T11:12:43.9189380Z   CC       silk/stereo_encode_pred.lo
macos	Sestavení přibaleného Opus nástroje pro oba typy Macu	2026-09-23T11:12:43.9334340Z   CC       silk/stereo_find_predictor.lo
macos	Sestavení přibaleného Opus nástroje pro oba typy Macu	2026-09-23T11:12:43.9446400Z   CC       silk/stereo_quant_pred.lo
macos	Sestavení přibaleného Opus nástroje pro oba typy Macu	2026-09-23T11:12:43.9685920Z   CC       silk/LPC_fit.lo
macos	Sestavení přibaleného Opus nástroje pro oba typy Macu	2026-09-23T11:12:44.0731210Z   CC       silk/float/apply_sine_window_FLP.lo
macos	Sestavení přibaleného Opus nástroje pro oba typy Macu	2026-09-23T11:12:44.0919670Z   CC       silk/float/corrMatrix_FLP.lo
macos	Sestavení přibaleného Opus nástroje pro oba typy Macu	2026-09-23T11:12:44.1084070Z   CC       silk/float/encode_frame_FLP.lo
macos	Sestavení přibaleného Opus nástroje pro oba typy Macu	2026-09-23T11:12:44.1405990Z   CC       silk/float/find_LPC_FLP.lo
macos	Sestavení přibaleného Opus nástroje pro oba typy Macu	2026-09-23T11:12:44.2495900Z   CC       silk/float/find_LTP_FLP.lo
macos	Sestavení přibaleného Opus nástroje pro oba typy Macu	2026-09-23T11:12:44.2830360Z   CC       silk/float/find_pitch_lags_FLP.lo
macos	Sestavení přibaleného Opus nástroje pro oba typy Macu	2026-09-23T11:12:44.3151010Z   CC       silk/float/find_pred_coefs_FLP.lo
macos	Sestavení přibaleného Opus nástroje pro oba typy Macu	2026-09-23T11:12:44.3606500Z   CC       silk/float/LPC_analysis_filter_FLP.lo
macos	Sestavení přibaleného Opus nástroje pro oba typy Macu	2026-09-23T11:12:44.3952570Z   CC       silk/float/LTP_analysis_filter_FLP.lo
macos	Sestavení přibaleného Opus nástroje pro oba typy Macu	2026-09-23T11:12:44.4244510Z   CC       silk/float/LTP_scale_ctrl_FLP.lo
macos	Sestavení přibaleného Opus nástroje pro oba typy Macu	2026-09-23T11:12:44.4624860Z   CC       silk/float/noise_shape_analysis_FLP.lo
macos	Sestavení přibaleného Opus nástroje pro oba typy Macu	2026-09-23T11:12:44.5391750Z   CC       silk/float/process_gains_FLP.lo
macos	Sestavení přibaleného Opus nástroje pro oba typy Macu	2026-09-23T11:12:44.5461030Z   CC       silk/float/regularize_correlations_FLP.lo
macos	Sestavení přibaleného Opus nástroje pro oba typy Macu	2026-09-23T11:12:44.5597060Z   CC       silk/float/residual_energy_FLP.lo
macos	Sestavení přibaleného Opus nástroje pro oba typy Macu	2026-09-23T11:12:44.7517100Z   CC       silk/float/warped_autocorrelation_FLP.lo
macos	Sestavení přibaleného Opus nástroje pro oba typy Macu	2026-09-23T11:12:44.7720130Z   CC       silk/float/wrappers_FLP.lo
macos	Sestavení přibaleného Opus nástroje pro oba typy Macu	2026-09-23T11:12:44.8024490Z   CC       silk/float/autocorrelation_FLP.lo
macos	Sestavení přibaleného Opus nástroje pro oba typy Macu	2026-09-23T11:12:44.8124550Z   CC       silk/float/burg_modified_FLP.lo
macos	Sestavení přibaleného Opus nástroje pro oba typy Macu	2026-09-23T11:12:45.0287640Z   CC       silk/float/bwexpander_FLP.lo
macos	Sestavení přibaleného Opus nástroje pro oba typy Macu	2026-09-23T11:12:45.0389620Z   CC       silk/float/energy_FLP.lo
macos	Sestavení přibaleného Opus nástroje pro oba typy Macu	2026-09-23T11:12:45.0592090Z   CC       silk/float/inner_product_FLP.lo
macos	Sestavení přibaleného Opus nástroje pro oba typy Macu	2026-09-23T11:12:45.1243950Z   CC       silk/float/k2a_FLP.lo
macos	Sestavení přibaleného Opus nástroje pro oba typy Macu	2026-09-23T11:12:45.2490260Z   CC       silk/float/LPC_inv_pred_gain_FLP.lo
macos	Sestavení přibaleného Opus nástroje pro oba typy Macu	2026-09-23T11:12:45.2609880Z   CC       silk/float/pitch_analysis_core_FLP.lo
macos	Sestavení přibaleného Opus nástroje pro oba typy Macu	2026-09-23T11:12:45.3023130Z   CC       silk/float/scale_copy_vector_FLP.lo
macos	Sestavení přibaleného Opus nástroje pro oba typy Macu	2026-09-23T11:12:45.3442970Z   CC       silk/float/scale_vector_FLP.lo
macos	Sestavení přibaleného Opus nástroje pro oba typy Macu	2026-09-23T11:12:45.4726580Z   CC       silk/float/schur_FLP.lo
macos	Sestavení přibaleného Opus nástroje pro oba typy Macu	2026-09-23T11:12:45.4897070Z   CC       silk/float/sort_FLP.lo
macos	Sestavení přibaleného Opus nástroje pro oba typy Macu	2026-09-23T11:12:45.5250170Z   CC       silk/x86/NSQ_sse4_1.lo
macos	Sestavení přibaleného Opus nástroje pro oba typy Macu	2026-09-23T11:12:45.6063820Z   CC       silk/x86/NSQ_del_dec_sse4_1.lo
macos	Sestavení přibaleného Opus nástroje pro oba typy Macu	2026-09-23T11:12:45.6275860Z   CC       silk/x86/VAD_sse4_1.lo
macos	Sestavení přibaleného Opus nástroje pro oba typy Macu	2026-09-23T11:12:45.6359150Z   CC       silk/x86/VQ_WMat_EC_sse4_1.lo
macos	Sestavení přibaleného Opus nástroje pro oba typy Macu	2026-09-23T11:12:45.7606030Z   CC       silk/float/x86/inner_product_FLP_avx2.lo
macos	Sestavení přibaleného Opus nástroje pro oba typy Macu	2026-09-23T11:12:45.7925990Z   CC       silk/x86/x86_silk_map.lo
macos	Sestavení přibaleného Opus nástroje pro oba typy Macu	2026-09-23T11:12:45.8085220Z   CC       silk/x86/NSQ_del_dec_avx2.lo
macos	Sestavení přibaleného Opus nástroje pro oba typy Macu	2026-09-23T11:12:45.9029120Z   CC       src/opus.lo
macos	Sestavení přibaleného Opus nástroje pro oba typy Macu	2026-09-23T11:12:45.9364170Z   CC       src/opus_decoder.lo
macos	Sestavení přibaleného Opus nástroje pro oba typy Macu	2026-09-23T11:12:45.9598550Z   CC       src/opus_encoder.lo
macos	Sestavení přibaleného Opus nástroje pro oba typy Macu	2026-09-23T11:12:46.1150250Z   CC       src/extensions.lo
macos	Sestavení přibaleného Opus nástroje pro oba typy Macu	2026-09-23T11:12:46.2544520Z   CC       src/opus_multistream.lo
macos	Sestavení přibaleného Opus nástroje pro oba typy Macu	2026-09-23T11:12:46.2793850Z   CC       src/opus_multistream_encoder.lo
macos	Sestavení přibaleného Opus nástroje pro oba typy Macu	2026-09-23T11:12:46.4032340Z   CC       src/opus_multistream_decoder.lo
macos	Sestavení přibaleného Opus nástroje pro oba typy Macu	2026-09-23T11:12:46.4837940Z   CC       src/repacketizer.lo
macos	Sestavení přibaleného Opus nástroje pro oba typy Macu	2026-09-23T11:12:46.7039600Z   CC       src/opus_projection_encoder.lo
macos	Sestavení přibaleného Opus nástroje pro oba typy Macu	2026-09-23T11:12:46.7441460Z   CC       src/opus_projection_decoder.lo
macos	Sestavení přibaleného Opus nástroje pro oba typy Macu	2026-09-23T11:12:46.7842470Z   CC       src/mapping_matrix.lo
macos	Sestavení přibaleného Opus nástroje pro oba typy Macu	2026-09-23T11:12:46.7946390Z   CC       src/analysis.lo
macos	Sestavení přibaleného Opus nástroje pro oba typy Macu	2026-09-23T11:12:46.9423610Z   CC       src/mlp.lo
macos	Sestavení přibaleného Opus nástroje pro oba typy Macu	2026-09-23T11:12:46.9741070Z   CC       src/mlp_data.lo
macos	Sestavení přibaleného Opus nástroje pro oba typy Macu	2026-09-23T11:12:47.1201480Z   CCLD     libopus.la
macos	Sestavení přibaleného Opus nástroje pro oba typy Macu	2026-09-23T11:12:48.5688240Z /Applications/Xcode_15.4.app/Contents/Developer/Toolchains/XcodeDefault.xctoolchain/usr/bin/ranlib: file: .libs/libopus.a(pitch_sse2.o) has no symbols
macos	Sestavení přibaleného Opus nástroje pro oba typy Macu	2026-09-23T11:12:48.5689600Z /Applications/Xcode_15.4.app/Contents/Developer/Toolchains/XcodeDefault.xctoolchain/usr/bin/ranlib: file: .libs/libopus.a(celt_lpc_sse4_1.o) has no symbols
macos	Sestavení přibaleného Opus nástroje pro oba typy Macu	2026-09-23T11:12:48.5690990Z /Applications/Xcode_15.4.app/Contents/Developer/Toolchains/XcodeDefault.xctoolchain/usr/bin/ranlib: file: .libs/libopus.a(pitch_sse4_1.o) has no symbols
macos	Sestavení přibaleného Opus nástroje pro oba typy Macu	2026-09-23T11:12:48.5692240Z /Applications/Xcode_15.4.app/Contents/Developer/Toolchains/XcodeDefault.xctoolchain/usr/bin/ranlib: file: .libs/libopus.a(debug.o) has no symbols
macos	Sestavení přibaleného Opus nástroje pro oba typy Macu	2026-09-23T11:12:48.6040840Z /Applications/Xcode_15.4.app/Contents/Developer/Toolchains/XcodeDefault.xctoolchain/usr/bin/ranlib: file: .libs/libopus.a(pitch_sse2.o) has no symbols
macos	Sestavení přibaleného Opus nástroje pro oba typy Macu	2026-09-23T11:12:48.6042200Z /Applications/Xcode_15.4.app/Contents/Developer/Toolchains/XcodeDefault.xctoolchain/usr/bin/ranlib: file: .libs/libopus.a(celt_lpc_sse4_1.o) has no symbols
macos	Sestavení přibaleného Opus nástroje pro oba typy Macu	2026-09-23T11:12:48.6043610Z /Applications/Xcode_15.4.app/Contents/Developer/Toolchains/XcodeDefault.xctoolchain/usr/bin/ranlib: file: .libs/libopus.a(pitch_sse4_1.o) has no symbols
macos	Sestavení přibaleného Opus nástroje pro oba typy Macu	2026-09-23T11:12:48.6044890Z /Applications/Xcode_15.4.app/Contents/Developer/Toolchains/XcodeDefault.xctoolchain/usr/bin/ranlib: file: .libs/libopus.a(debug.o) has no symbols
macos	Sestavení přibaleného Opus nástroje pro oba typy Macu	2026-09-23T11:12:48.6809590Z /Applications/Xcode_15.4.app/Contents/Developer/usr/bin/make  install-recursive
macos	Sestavení přibaleného Opus nástroje pro oba typy Macu	2026-09-23T11:12:48.8524870Z make[3]: Nothing to be done for `all'.
macos	Sestavení přibaleného Opus nástroje pro oba typy Macu	2026-09-23T11:12:48.9368330Z  /Users/runner/work/ludone-desktop/ludone-desktop/.runtime/media-encoder/ffmpeg-6.1.6/work/x64/opus-1.6.1/install-sh -c -d '/Users/runner/work/ludone-desktop/ludone-desktop/.runtime/media-encoder/ffmpeg-6.1.6/work/x64/opus-prefix/lib'
macos	Sestavení přibaleného Opus nástroje pro oba typy Macu	2026-09-23T11:12:48.9875160Z  /bin/sh ./libtool   --mode=install /usr/bin/install -c   libopus.la '/Users/runner/work/ludone-desktop/ludone-desktop/.runtime/media-encoder/ffmpeg-6.1.6/work/x64/opus-prefix/lib'
macos	Sestavení přibaleného Opus nástroje pro oba typy Macu	2026-09-23T11:12:49.0487900Z libtool: install: /usr/bin/install -c .libs/libopus.lai /Users/runner/work/ludone-desktop/ludone-desktop/.runtime/media-encoder/ffmpeg-6.1.6/work/x64/opus-prefix/lib/libopus.la
macos	Sestavení přibaleného Opus nástroje pro oba typy Macu	2026-09-23T11:12:49.0547500Z libtool: install: /usr/bin/install -c .libs/libopus.a /Users/runner/work/ludone-desktop/ludone-desktop/.runtime/media-encoder/ffmpeg-6.1.6/work/x64/opus-prefix/lib/libopus.a
macos	Sestavení přibaleného Opus nástroje pro oba typy Macu	2026-09-23T11:12:49.0587210Z libtool: install: chmod 644 /Users/runner/work/ludone-desktop/ludone-desktop/.runtime/media-encoder/ffmpeg-6.1.6/work/x64/opus-prefix/lib/libopus.a
macos	Sestavení přibaleného Opus nástroje pro oba typy Macu	2026-09-23T11:12:49.0617460Z libtool: install: ranlib /Users/runner/work/ludone-desktop/ludone-desktop/.runtime/media-encoder/ffmpeg-6.1.6/work/x64/opus-prefix/lib/libopus.a
macos	Sestavení přibaleného Opus nástroje pro oba typy Macu	2026-09-23T11:12:49.0717090Z /Applications/Xcode_15.4.app/Contents/Developer/Toolchains/XcodeDefault.xctoolchain/usr/bin/ranlib: file: /Users/runner/work/ludone-desktop/ludone-desktop/.runtime/media-encoder/ffmpeg-6.1.6/work/x64/opus-prefix/lib/libopus.a(pitch_sse2.o) has no symbols
macos	Sestavení přibaleného Opus nástroje pro oba typy Macu	2026-09-23T11:12:49.0722690Z /Applications/Xcode_15.4.app/Contents/Developer/Toolchains/XcodeDefault.xctoolchain/usr/bin/ranlib: file: /Users/runner/work/ludone-desktop/ludone-desktop/.runtime/media-encoder/ffmpeg-6.1.6/work/x64/opus-prefix/lib/libopus.a(celt_lpc_sse4_1.o) has no symbols
macos	Sestavení přibaleného Opus nástroje pro oba typy Macu	2026-09-23T11:12:49.0727950Z /Applications/Xcode_15.4.app/Contents/Developer/Toolchains/XcodeDefault.xctoolchain/usr/bin/ranlib: file: /Users/runner/work/ludone-desktop/ludone-desktop/.runtime/media-encoder/ffmpeg-6.1.6/work/x64/opus-prefix/lib/libopus.a(pitch_sse4_1.o) has no symbols
macos	Sestavení přibaleného Opus nástroje pro oba typy Macu	2026-09-23T11:12:49.0733420Z /Applications/Xcode_15.4.app/Contents/Developer/Toolchains/XcodeDefault.xctoolchain/usr/bin/ranlib: file: /Users/runner/work/ludone-desktop/ludone-desktop/.runtime/media-encoder/ffmpeg-6.1.6/work/x64/opus-prefix/lib/libopus.a(debug.o) has no symbols
macos	Sestavení přibaleného Opus nástroje pro oba typy Macu	2026-09-23T11:12:49.1229570Z make[5]: Nothing to be done for `install-exec-am'.
macos	Sestavení přibaleného Opus nástroje pro oba typy Macu	2026-09-23T11:12:49.1233190Z make[5]: Nothing to be done for `install-data-am'.
macos	Sestavení přibaleného Opus nástroje pro oba typy Macu	2026-09-23T11:12:49.1284580Z  /Users/runner/work/ludone-desktop/ludone-desktop/.runtime/media-encoder/ffmpeg-6.1.6/work/x64/opus-1.6.1/install-sh -c -d '/Users/runner/work/ludone-desktop/ludone-desktop/.runtime/media-encoder/ffmpeg-6.1.6/work/x64/opus-prefix/share/aclocal'
macos	Sestavení přibaleného Opus nástroje pro oba typy Macu	2026-09-23T11:12:49.1606400Z  /usr/bin/install -c -m 644 /Users/runner/work/ludone-desktop/ludone-desktop/.runtime/media-encoder/ffmpeg-6.1.6/work/x64/opus-1.6.1/opus.m4 '/Users/runner/work/ludone-desktop/ludone-desktop/.runtime/media-encoder/ffmpeg-6.1.6/work/x64/opus-prefix/share/aclocal'
macos	Sestavení přibaleného Opus nástroje pro oba typy Macu	2026-09-23T11:12:49.1661360Z  /Users/runner/work/ludone-desktop/ludone-desktop/.runtime/media-encoder/ffmpeg-6.1.6/work/x64/opus-1.6.1/install-sh -c -d '/Users/runner/work/ludone-desktop/ludone-desktop/.runtime/media-encoder/ffmpeg-6.1.6/work/x64/opus-prefix/lib/pkgconfig'
macos	Sestavení přibaleného Opus nástroje pro oba typy Macu	2026-09-23T11:12:49.1910500Z  /usr/bin/install -c -m 644 opus.pc '/Users/runner/work/ludone-desktop/ludone-desktop/.runtime/media-encoder/ffmpeg-6.1.6/work/x64/opus-prefix/lib/pkgconfig'
macos	Sestavení přibaleného Opus nástroje pro oba typy Macu	2026-09-23T11:12:49.1962770Z  /Users/runner/work/ludone-desktop/ludone-desktop/.runtime/media-encoder/ffmpeg-6.1.6/work/x64/opus-1.6.1/install-sh -c -d '/Users/runner/work/ludone-desktop/ludone-desktop/.runtime/media-encoder/ffmpeg-6.1.6/work/x64/opus-prefix/include/opus'
macos	Sestavení přibaleného Opus nástroje pro oba typy Macu	2026-09-23T11:12:49.2143630Z  /usr/bin/install -c -m 644 /Users/runner/work/ludone-desktop/ludone-desktop/.runtime/media-encoder/ffmpeg-6.1.6/work/x64/opus-1.6.1/include/opus.h /Users/runner/work/ludone-desktop/ludone-desktop/.runtime/media-encoder/ffmpeg-6.1.6/work/x64/opus-1.6.1/include/opus_multistream.h /Users/runner/work/ludone-desktop/ludone-desktop/.runtime/media-encoder/ffmpeg-6.1.6/work/x64/opus-1.6.1/include/opus_types.h /Users/runner/work/ludone-desktop/ludone-desktop/.runtime/media-encoder/ffmpeg-6.1.6/work/x64/opus-1.6.1/include/opus_defines.h /Users/runner/work/ludone-desktop/ludone-desktop/.runtime/media-encoder/ffmpeg-6.1.6/work/x64/opus-1.6.1/include/opus_projection.h '/Users/runner/work/ludone-desktop/ludone-desktop/.runtime/media-encoder/ffmpeg-6.1.6/work/x64/opus-prefix/include/opus'
macos	Sestavení přibaleného Opus nástroje pro oba typy Macu	2026-09-23T11:13:07.6595930Z install prefix            /media-encoder
macos	Sestavení přibaleného Opus nástroje pro oba typy Macu	2026-09-23T11:13:07.6596830Z source path               /Users/runner/work/ludone-desktop/ludone-desktop/.runtime/media-encoder/ffmpeg-6.1.6/work/x64/ffmpeg-6.1.6
macos	Sestavení přibaleného Opus nástroje pro oba typy Macu	2026-09-23T11:13:07.6597420Z C compiler                clang
macos	Sestavení přibaleného Opus nástroje pro oba typy Macu	2026-09-23T11:13:07.6597690Z C library                 
macos	Sestavení přibaleného Opus nástroje pro oba typy Macu	2026-09-23T11:13:07.6597960Z host C compiler           gcc
macos	Sestavení přibaleného Opus nástroje pro oba typy Macu	2026-09-23T11:13:07.6598220Z host C library            
macos	Sestavení přibaleného Opus nástroje pro oba typy Macu	2026-09-23T11:13:07.6598560Z ARCH                      c (generic)
macos	Sestavení přibaleného Opus nástroje pro oba typy Macu	2026-09-23T11:13:07.6598960Z big-endian                no
macos	Sestavení přibaleného Opus nástroje pro oba typy Macu	2026-09-23T11:13:07.6599320Z runtime cpu detection     yes
macos	Sestavení přibaleného Opus nástroje pro oba typy Macu	2026-09-23T11:13:07.6599600Z debug symbols             no
macos	Sestavení přibaleného Opus nástroje pro oba typy Macu	2026-09-23T11:13:07.6599870Z strip symbols             yes
macos	Sestavení přibaleného Opus nástroje pro oba typy Macu	2026-09-23T11:13:07.6600150Z optimize for size         yes
macos	Sestavení přibaleného Opus nástroje pro oba typy Macu	2026-09-23T11:13:07.6600480Z optimizations             yes
macos	Sestavení přibaleného Opus nástroje pro oba typy Macu	2026-09-23T11:13:07.6600770Z static                    yes
macos	Sestavení přibaleného Opus nástroje pro oba typy Macu	2026-09-23T11:13:07.6601030Z shared                    no
macos	Sestavení přibaleného Opus nástroje pro oba typy Macu	2026-09-23T11:13:07.6601300Z postprocessing support    no
macos	Sestavení přibaleného Opus nástroje pro oba typy Macu	2026-09-23T11:13:07.6601570Z network support           no
macos	Sestavení přibaleného Opus nástroje pro oba typy Macu	2026-09-23T11:13:07.6601880Z threading support         pthreads
macos	Sestavení přibaleného Opus nástroje pro oba typy Macu	2026-09-23T11:13:07.6602170Z safe bitstream reader     yes
macos	Sestavení přibaleného Opus nástroje pro oba typy Macu	2026-09-23T11:13:07.6602440Z texi2html enabled         no
macos	Sestavení přibaleného Opus nástroje pro oba typy Macu	2026-09-23T11:13:07.6602710Z perl enabled              yes
macos	Sestavení přibaleného Opus nástroje pro oba typy Macu	2026-09-23T11:13:07.6602980Z pod2man enabled           yes
macos	Sestavení přibaleného Opus nástroje pro oba typy Macu	2026-09-23T11:13:07.6603240Z makeinfo enabled          no
macos	Sestavení přibaleného Opus nástroje pro oba typy Macu	2026-09-23T11:13:07.6603530Z makeinfo supports HTML    no
macos	Sestavení přibaleného Opus nástroje pro oba typy Macu	2026-09-23T11:13:07.6603810Z xmllint enabled           yes
macos	Sestavení přibaleného Opus nástroje pro oba typy Macu	2026-09-23T11:13:07.6604720Z 
macos	Sestavení přibaleného Opus nástroje pro oba typy Macu	2026-09-23T11:13:07.6604840Z External libraries:
macos	Sestavení přibaleného Opus nástroje pro oba typy Macu	2026-09-23T11:13:07.6697250Z libopus
macos	Sestavení přibaleného Opus nástroje pro oba typy Macu	2026-09-23T11:13:07.6699330Z 
macos	Sestavení přibaleného Opus nástroje pro oba typy Macu	2026-09-23T11:13:07.6699660Z External libraries providing hardware acceleration:
macos	Sestavení přibaleného Opus nástroje pro oba typy Macu	2026-09-23T11:13:07.6750280Z 
macos	Sestavení přibaleného Opus nástroje pro oba typy Macu	2026-09-23T11:13:07.6851340Z Libraries:
macos	Sestavení přibaleného Opus nástroje pro oba typy Macu	2026-09-23T11:13:07.6953070Z avcodec                 avformat                swresample
macos	Sestavení přibaleného Opus nástroje pro oba typy Macu	2026-09-23T11:13:07.7054290Z avfilter                avutil
macos	Sestavení přibaleného Opus nástroje pro oba typy Macu	2026-09-23T11:13:07.7154980Z 
macos	Sestavení přibaleného Opus nástroje pro oba typy Macu	2026-09-23T11:13:07.7255850Z Programs:
macos	Sestavení přibaleného Opus nástroje pro oba typy Macu	2026-09-23T11:13:07.7356730Z ffmpeg
macos	Sestavení přibaleného Opus nástroje pro oba typy Macu	2026-09-23T11:13:07.7418240Z 
macos	Sestavení přibaleného Opus nástroje pro oba typy Macu	2026-09-23T11:13:07.7426200Z Enabled decoders:
macos	Sestavení přibaleného Opus nástroje pro oba typy Macu	2026-09-23T11:13:07.9050740Z opus
macos	Sestavení přibaleného Opus nástroje pro oba typy Macu	2026-09-23T11:13:07.9056650Z 
macos	Sestavení přibaleného Opus nástroje pro oba typy Macu	2026-09-23T11:13:07.9057450Z Enabled encoders:
macos	Sestavení přibaleného Opus nástroje pro oba typy Macu	2026-09-23T11:13:07.9583680Z libopus
macos	Sestavení přibaleného Opus nástroje pro oba typy Macu	2026-09-23T11:13:07.9592970Z 
macos	Sestavení přibaleného Opus nástroje pro oba typy Macu	2026-09-23T11:13:07.9600830Z Enabled hwaccels:
macos	Sestavení přibaleného Opus nástroje pro oba typy Macu	2026-09-23T11:13:07.9664860Z 
macos	Sestavení přibaleného Opus nástroje pro oba typy Macu	2026-09-23T11:13:07.9674860Z Enabled parsers:
macos	Sestavení přibaleného Opus nástroje pro oba typy Macu	2026-09-23T11:13:07.9732060Z opus
macos	Sestavení přibaleného Opus nástroje pro oba typy Macu	2026-09-23T11:13:07.9733600Z 
macos	Sestavení přibaleného Opus nástroje pro oba typy Macu	2026-09-23T11:13:07.9733940Z Enabled demuxers:
macos	Sestavení přibaleného Opus nástroje pro oba typy Macu	2026-09-23T11:13:08.0419750Z matroska
macos	Sestavení přibaleného Opus nástroje pro oba typy Macu	2026-09-23T11:13:08.0520400Z 
macos	Sestavení přibaleného Opus nástroje pro oba typy Macu	2026-09-23T11:13:08.0621160Z Enabled muxers:
macos	Sestavení přibaleného Opus nástroje pro oba typy Macu	2026-09-23T11:13:08.0722130Z webm
macos	Sestavení přibaleného Opus nástroje pro oba typy Macu	2026-09-23T11:13:08.0822870Z 
macos	Sestavení přibaleného Opus nástroje pro oba typy Macu	2026-09-23T11:13:08.0923760Z Enabled protocols:
macos	Sestavení přibaleného Opus nástroje pro oba typy Macu	2026-09-23T11:13:08.1024830Z file                    pipe
macos	Sestavení přibaleného Opus nástroje pro oba typy Macu	2026-09-23T11:13:08.1125480Z 
macos	Sestavení přibaleného Opus nástroje pro oba typy Macu	2026-09-23T11:13:08.1226250Z Enabled filters:
macos	Sestavení přibaleného Opus nástroje pro oba typy Macu	2026-09-23T11:13:08.2605910Z adelay                  asetpts                 pan
macos	Sestavení přibaleného Opus nástroje pro oba typy Macu	2026-09-23T11:13:08.2704050Z aformat                 atrim                   transpose
macos	Sestavení přibaleného Opus nástroje pro oba typy Macu	2026-09-23T11:13:08.2707210Z anull                   format                  trim
macos	Sestavení přibaleného Opus nástroje pro oba typy Macu	2026-09-23T11:13:08.2712190Z anullsrc                hflip                   vflip
macos	Sestavení přibaleného Opus nástroje pro oba typy Macu	2026-09-23T11:13:08.2721600Z apad                    join
macos	Sestavení přibaleného Opus nástroje pro oba typy Macu	2026-09-23T11:13:08.2725970Z aresample               null
macos	Sestavení přibaleného Opus nástroje pro oba typy Macu	2026-09-23T11:13:08.2733530Z 
macos	Sestavení přibaleného Opus nástroje pro oba typy Macu	2026-09-23T11:13:08.2738110Z Enabled bsfs:
macos	Sestavení přibaleného Opus nástroje pro oba typy Macu	2026-09-23T11:13:08.2745460Z 
macos	Sestavení přibaleného Opus nástroje pro oba typy Macu	2026-09-23T11:13:08.2745700Z Enabled indevs:
macos	Sestavení přibaleného Opus nástroje pro oba typy Macu	2026-09-23T11:13:08.2801930Z 
macos	Sestavení přibaleného Opus nástroje pro oba typy Macu	2026-09-23T11:13:08.2802330Z Enabled outdevs:
macos	Sestavení přibaleného Opus nástroje pro oba typy Macu	2026-09-23T11:13:08.2853020Z 
macos	Sestavení přibaleného Opus nástroje pro oba typy Macu	2026-09-23T11:13:08.2853430Z License: LGPL version 2.1 or later
macos	Sestavení přibaleného Opus nástroje pro oba typy Macu	2026-09-23T11:13:08.8125520Z GEN	libavutil/libavutil.version
macos	Sestavení přibaleného Opus nástroje pro oba typy Macu	2026-09-23T11:13:08.8145330Z GEN	libavcodec/libavcodec.version
macos	Sestavení přibaleného Opus nástroje pro oba typy Macu	2026-09-23T11:13:08.8145830Z GEN	libavformat/libavformat.version
macos	Sestavení přibaleného Opus nástroje pro oba typy Macu	2026-09-23T11:13:08.8280610Z GEN	libavfilter/libavfilter.version
macos	Sestavení přibaleného Opus nástroje pro oba typy Macu	2026-09-23T11:13:08.8582070Z GEN	libswresample/libswresample.version
macos	Sestavení přibaleného Opus nástroje pro oba typy Macu	2026-09-23T11:13:08.9799130Z CC	libavfilter/af_aformat.o
macos	Sestavení přibaleného Opus nástroje pro oba typy Macu	2026-09-23T11:13:08.9805650Z CC	libavfilter/af_adelay.o
macos	Sestavení přibaleného Opus nástroje pro oba typy Macu	2026-09-23T11:13:08.9813310Z CC	libavfilter/af_anull.o
macos	Sestavení přibaleného Opus nástroje pro oba typy Macu	2026-09-23T11:13:08.9814440Z CC	libavfilter/af_apad.o
macos	Sestavení přibaleného Opus nástroje pro oba typy Macu	2026-09-23T11:13:09.0851800Z CC	libavfilter/af_aresample.o
macos	Sestavení přibaleného Opus nástroje pro oba typy Macu	2026-09-23T11:13:09.0906750Z CC	libavfilter/af_join.o
macos	Sestavení přibaleného Opus nástroje pro oba typy Macu	2026-09-23T11:13:09.0966860Z CC	libavfilter/af_pan.o
macos	Sestavení přibaleného Opus nástroje pro oba typy Macu	2026-09-23T11:13:09.1507870Z CC	libavfilter/allfilters.o
macos	Sestavení přibaleného Opus nástroje pro oba typy Macu	2026-09-23T11:13:09.1725250Z CC	libavfilter/asrc_anullsrc.o
macos	Sestavení přibaleného Opus nástroje pro oba typy Macu	2026-09-23T11:13:09.2027210Z CC	libavfilter/audio.o
macos	Sestavení přibaleného Opus nástroje pro oba typy Macu	2026-09-23T11:13:09.2128470Z CC	libavfilter/avfilter.o
macos	Sestavení přibaleného Opus nástroje pro oba typy Macu	2026-09-23T11:13:09.2279950Z CC	libavfilter/avfiltergraph.o
macos	Sestavení přibaleného Opus nástroje pro oba typy Macu	2026-09-23T11:13:09.2286230Z CC	libavfilter/buffersink.o
macos	Sestavení přibaleného Opus nástroje pro oba typy Macu	2026-09-23T11:13:09.2513920Z CC	libavfilter/buffersrc.o
macos	Sestavení přibaleného Opus nástroje pro oba typy Macu	2026-09-23T11:13:09.3219270Z CC	libavfilter/ccfifo.o
macos	Sestavení přibaleného Opus nástroje pro oba typy Macu	2026-09-23T11:13:09.3320440Z CC	libavfilter/colorspace.o
macos	Sestavení přibaleného Opus nástroje pro oba typy Macu	2026-09-23T11:13:09.3721440Z CC	libavfilter/drawutils.o
macos	Sestavení přibaleného Opus nástroje pro oba typy Macu	2026-09-23T11:13:09.3921880Z CC	libavfilter/fifo.o
macos	Sestavení přibaleného Opus nástroje pro oba typy Macu	2026-09-23T11:13:09.4247620Z CC	libavfilter/formats.o
macos	Sestavení přibaleného Opus nástroje pro oba typy Macu	2026-09-23T11:13:09.4563200Z CC	libavfilter/framepool.o
macos	Sestavení přibaleného Opus nástroje pro oba typy Macu	2026-09-23T11:13:09.5029150Z CC	libavfilter/framequeue.o
macos	Sestavení přibaleného Opus nástroje pro oba typy Macu	2026-09-23T11:13:09.5133930Z CC	libavfilter/graphdump.o
macos	Sestavení přibaleného Opus nástroje pro oba typy Macu	2026-09-23T11:13:09.5448880Z CC	libavfilter/graphparser.o
macos	Sestavení přibaleného Opus nástroje pro oba typy Macu	2026-09-23T11:13:09.5650380Z CC	libavfilter/pthread.o
macos	Sestavení přibaleného Opus nástroje pro oba typy Macu	2026-09-23T11:13:09.5856470Z CC	libavfilter/setpts.o
macos	Sestavení přibaleného Opus nástroje pro oba typy Macu	2026-09-23T11:13:09.5957730Z CC	libavfilter/trim.o
macos	Sestavení přibaleného Opus nástroje pro oba typy Macu	2026-09-23T11:13:09.6177730Z CC	libavfilter/version.o
macos	Sestavení přibaleného Opus nástroje pro oba typy Macu	2026-09-23T11:13:09.6580290Z CC	libavfilter/vf_format.o
macos	Sestavení přibaleného Opus nástroje pro oba typy Macu	2026-09-23T11:13:09.6682110Z CC	libavfilter/vf_hflip.o
macos	Sestavení přibaleného Opus nástroje pro oba typy Macu	2026-09-23T11:13:09.6793680Z CC	libavfilter/vf_null.o
macos	Sestavení přibaleného Opus nástroje pro oba typy Macu	2026-09-23T11:13:09.7185130Z CC	libavfilter/vf_transpose.o
macos	Sestavení přibaleného Opus nástroje pro oba typy Macu	2026-09-23T11:13:09.7245750Z CC	libavfilter/vf_vflip.o
macos	Sestavení přibaleného Opus nástroje pro oba typy Macu	2026-09-23T11:13:09.7253650Z CC	libavfilter/video.o
macos	Sestavení přibaleného Opus nástroje pro oba typy Macu	2026-09-23T11:13:09.7883810Z CC	libavformat/allformats.o
macos	Sestavení přibaleného Opus nástroje pro oba typy Macu	2026-09-23T11:13:09.8014540Z CC	libavformat/av1.o
macos	Sestavení přibaleného Opus nástroje pro oba typy Macu	2026-09-23T11:13:09.8072390Z CC	libavformat/avformat.o
macos	Sestavení přibaleného Opus nástroje pro oba typy Macu	2026-09-23T11:13:09.8398230Z CC	libavformat/avio.o
macos	Sestavení přibaleného Opus nástroje pro oba typy Macu	2026-09-23T11:13:09.8731040Z CC	libavformat/aviobuf.o
macos	Sestavení přibaleného Opus nástroje pro oba typy Macu	2026-09-23T11:13:09.9536560Z CC	libavformat/avlanguage.o
macos	Sestavení přibaleného Opus nástroje pro oba typy Macu	2026-09-23T11:13:09.9738260Z CC	libavformat/demux.o
macos	Sestavení přibaleného Opus nástroje pro oba typy Macu	2026-09-23T11:13:09.9939410Z CC	libavformat/demux_utils.o
macos	Sestavení přibaleného Opus nástroje pro oba typy Macu	2026-09-23T11:13:10.0148540Z CC	libavformat/dovi_isom.o
macos	Sestavení přibaleného Opus nástroje pro oba typy Macu	2026-09-23T11:13:10.0832220Z CC	libavformat/dv.o
macos	Sestavení přibaleného Opus nástroje pro oba typy Macu	2026-09-23T11:13:10.0956750Z CC	libavformat/dump.o
macos	Sestavení přibaleného Opus nástroje pro oba typy Macu	2026-09-23T11:13:10.1262930Z CC	libavformat/file.o
macos	Sestavení přibaleného Opus nástroje pro oba typy Macu	2026-09-23T11:13:10.1604690Z CC	libavformat/flac_picture.o
macos	Sestavení přibaleného Opus nástroje pro oba typy Macu	2026-09-23T11:13:10.2008380Z CC	libavformat/format.o
macos	Sestavení přibaleného Opus nástroje pro oba typy Macu	2026-09-23T11:13:10.2109620Z CC	libavformat/id3v1.o
macos	Sestavení přibaleného Opus nástroje pro oba typy Macu	2026-09-23T11:13:10.2311140Z CC	libavformat/id3v2.o
macos	Sestavení přibaleného Opus nástroje pro oba typy Macu	2026-09-23T11:13:10.2618400Z CC	libavformat/isom_tags.o
macos	Sestavení přibaleného Opus nástroje pro oba typy Macu	2026-09-23T11:13:10.2719720Z CC	libavformat/matroska.o
macos	Sestavení přibaleného Opus nástroje pro oba typy Macu	2026-09-23T11:13:10.3133150Z CC	libavformat/matroskadec.o
macos	Sestavení přibaleného Opus nástroje pro oba typy Macu	2026-09-23T11:13:10.3234430Z CC	libavformat/matroskaenc.o
macos	Sestavení přibaleného Opus nástroje pro oba typy Macu	2026-09-23T11:13:10.4038080Z CC	libavformat/metadata.o
macos	Sestavení přibaleného Opus nástroje pro oba typy Macu	2026-09-23T11:13:10.4539700Z CC	libavformat/mux.o
macos	Sestavení přibaleného Opus nástroje pro oba typy Macu	2026-09-23T11:13:10.5041850Z CC	libavformat/mux_utils.o
macos	Sestavení přibaleného Opus nástroje pro oba typy Macu	2026-09-23T11:13:10.6289940Z CC	libavformat/oggparsevorbis.o
macos	Sestavení přibaleného Opus nástroje pro oba typy Macu	2026-09-23T11:13:10.7008460Z CC	libavformat/options.o
macos	Sestavení přibaleného Opus nástroje pro oba typy Macu	2026-09-23T11:13:10.7109630Z CC	libavformat/os_support.o
macos	Sestavení přibaleného Opus nástroje pro oba typy Macu	2026-09-23T11:13:10.7512130Z CC	libavformat/protocols.o
macos	Sestavení přibaleného Opus nástroje pro oba typy Macu	2026-09-23T11:13:10.7533810Z CC	libavformat/qtpalette.o
macos	Sestavení přibaleného Opus nástroje pro oba typy Macu	2026-09-23T11:13:10.7765030Z CC	libavformat/replaygain.o
macos	Sestavení přibaleného Opus nástroje pro oba typy Macu	2026-09-23T11:13:10.7918270Z CC	libavformat/riff.o
macos	Sestavení přibaleného Opus nástroje pro oba typy Macu	2026-09-23T11:13:10.8002520Z CC	libavformat/riffdec.o
macos	Sestavení přibaleného Opus nástroje pro oba typy Macu	2026-09-23T11:13:10.8339950Z CC	libavformat/rmsipr.o
macos	Sestavení přibaleného Opus nástroje pro oba typy Macu	2026-09-23T11:13:10.8469030Z CC	libavformat/sdp.o
macos	Sestavení přibaleného Opus nástroje pro oba typy Macu	2026-09-23T11:13:10.8680710Z CC	libavformat/seek.o
macos	Sestavení přibaleného Opus nástroje pro oba typy Macu	2026-09-23T11:13:10.8685300Z CC	libavformat/url.o
macos	Sestavení přibaleného Opus nástroje pro oba typy Macu	2026-09-23T11:13:10.9150490Z CC	libavformat/utils.o
macos	Sestavení přibaleného Opus nástroje pro oba typy Macu	2026-09-23T11:13:10.9399650Z CC	libavformat/version.o
macos	Sestavení přibaleného Opus nástroje pro oba typy Macu	2026-09-23T11:13:10.9736570Z CC	libavformat/vorbiscomment.o
macos	Sestavení přibaleného Opus nástroje pro oba typy Macu	2026-09-23T11:13:10.9778710Z CC	libavcodec/ac3_parser.o
macos	Sestavení přibaleného Opus nástroje pro oba typy Macu	2026-09-23T11:13:11.0398400Z CC	libavcodec/adts_parser.o
macos	Sestavení přibaleného Opus nástroje pro oba typy Macu	2026-09-23T11:13:11.0503460Z CC	libavcodec/allcodecs.o
macos	Sestavení přibaleného Opus nástroje pro oba typy Macu	2026-09-23T11:13:11.0545960Z CC	libavcodec/audio_frame_queue.o
macos	Sestavení přibaleného Opus nástroje pro oba typy Macu	2026-09-23T11:13:11.0647440Z CC	libavcodec/avcodec.o
macos	Sestavení přibaleného Opus nástroje pro oba typy Macu	2026-09-23T11:13:11.0971240Z CC	libavcodec/avdct.o
macos	Sestavení přibaleného Opus nástroje pro oba typy Macu	2026-09-23T11:13:11.1177870Z CC	libavcodec/avfft.o
macos	Sestavení přibaleného Opus nástroje pro oba typy Macu	2026-09-23T11:13:11.1190540Z CC	libavcodec/avpacket.o
macos	Sestavení přibaleného Opus nástroje pro oba typy Macu	2026-09-23T11:13:11.1607900Z CC	libavcodec/bitstream.o
macos	Sestavení přibaleného Opus nástroje pro oba typy Macu	2026-09-23T11:13:11.1721660Z CC	libavcodec/bitstream_filters.o
macos	Sestavení přibaleného Opus nástroje pro oba typy Macu	2026-09-23T11:13:11.1865390Z CC	libavcodec/bsf.o
macos	Sestavení přibaleného Opus nástroje pro oba typy Macu	2026-09-23T11:13:11.2138430Z CC	libavcodec/codec_desc.o
macos	Sestavení přibaleného Opus nástroje pro oba typy Macu	2026-09-23T11:13:11.2239470Z CC	libavcodec/codec_par.o
macos	Sestavení přibaleného Opus nástroje pro oba typy Macu	2026-09-23T11:13:11.2783730Z CC	libavcodec/d3d11va.o
macos	Sestavení přibaleného Opus nástroje pro oba typy Macu	2026-09-23T11:13:11.2885780Z CC	libavcodec/decode.o
macos	Sestavení přibaleného Opus nástroje pro oba typy Macu	2026-09-23T11:13:11.3042650Z CC	libavcodec/dirac.o
macos	Sestavení přibaleného Opus nástroje pro oba typy Macu	2026-09-23T11:13:11.3238150Z CC	libavcodec/dv_profile.o
macos	Sestavení přibaleného Opus nástroje pro oba typy Macu	2026-09-23T11:13:11.3343220Z CC	libavcodec/encode.o
macos	Sestavení přibaleného Opus nástroje pro oba typy Macu	2026-09-23T11:13:11.3874510Z CC	libavcodec/faandct.o
macos	Sestavení přibaleného Opus nástroje pro oba typy Macu	2026-09-23T11:13:11.4057620Z CC	libavcodec/faanidct.o
macos	Sestavení přibaleného Opus nástroje pro oba typy Macu	2026-09-23T11:13:11.4661040Z CC	libavcodec/fdctdsp.o
macos	Sestavení přibaleného Opus nástroje pro oba typy Macu	2026-09-23T11:13:11.4962170Z CC	libavcodec/frame_thread_encoder.o
macos	Sestavení přibaleného Opus nástroje pro oba typy Macu	2026-09-23T11:13:11.5208880Z CC	libavcodec/get_buffer.o
macos	Sestavení přibaleného Opus nástroje pro oba typy Macu	2026-09-23T11:13:11.5213170Z CC	libavcodec/idctdsp.o
macos	Sestavení přibaleného Opus nástroje pro oba typy Macu	2026-09-23T11:13:11.5698070Z CC	libavcodec/imgconvert.o
macos	Sestavení přibaleného Opus nástroje pro oba typy Macu	2026-09-23T11:13:11.5871930Z CC	libavcodec/jfdctfst.o
macos	Sestavení přibaleného Opus nástroje pro oba typy Macu	2026-09-23T11:13:11.5942840Z CC	libavcodec/jfdctint.o
macos	Sestavení přibaleného Opus nástroje pro oba typy Macu	2026-09-23T11:13:11.6181310Z CC	libavcodec/jni.o
macos	Sestavení přibaleného Opus nástroje pro oba typy Macu	2026-09-23T11:13:11.6411760Z CC	libavcodec/jrevdct.o
macos	Sestavení přibaleného Opus nástroje pro oba typy Macu	2026-09-23T11:13:11.6559070Z CC	libavcodec/libopus.o
macos	Sestavení přibaleného Opus nástroje pro oba typy Macu	2026-09-23T11:13:11.6677110Z CC	libavcodec/libopusenc.o
macos	Sestavení přibaleného Opus nástroje pro oba typy Macu	2026-09-23T11:13:11.6787830Z CC	libavcodec/mathtables.o
macos	Sestavení přibaleného Opus nástroje pro oba typy Macu	2026-09-23T11:13:11.7007270Z CC	libavcodec/mediacodec.o
macos	Sestavení přibaleného Opus nástroje pro oba typy Macu	2026-09-23T11:13:11.7108610Z CC	libavcodec/mpeg12framerate.o
macos	Sestavení přibaleného Opus nástroje pro oba typy Macu	2026-09-23T11:13:11.7270840Z CC	libavcodec/options.o
macos	Sestavení přibaleného Opus nástroje pro oba typy Macu	2026-09-23T11:13:11.7462610Z CC	libavcodec/opus_celt.o
macos	Sestavení přibaleného Opus nástroje pro oba typy Macu	2026-09-23T11:13:11.7563250Z CC	libavcodec/opus_parse.o
macos	Sestavení přibaleného Opus nástroje pro oba typy Macu	2026-09-23T11:13:11.7689280Z CC	libavcodec/opus_parser.o
macos	Sestavení přibaleného Opus nástroje pro oba typy Macu	2026-09-23T11:13:11.8326990Z CC	libavcodec/opus_pvq.o
macos	Sestavení přibaleného Opus nástroje pro oba typy Macu	2026-09-23T11:13:11.8404910Z CC	libavcodec/opus_rc.o
macos	Sestavení přibaleného Opus nástroje pro oba typy Macu	2026-09-23T11:13:11.8470820Z CC	libavcodec/opus_silk.o
macos	Sestavení přibaleného Opus nástroje pro oba typy Macu	2026-09-23T11:13:11.8702540Z CC	libavcodec/opusdec.o
macos	Sestavení přibaleného Opus nástroje pro oba typy Macu	2026-09-23T11:13:11.9781070Z CC	libavcodec/opusdec_celt.o
macos	Sestavení přibaleného Opus nástroje pro oba typy Macu	2026-09-23T11:13:12.0182180Z CC	libavcodec/opusdsp.o
macos	Sestavení přibaleného Opus nástroje pro oba typy Macu	2026-09-23T11:13:12.0684760Z CC	libavcodec/opustab.o
macos	Sestavení přibaleného Opus nástroje pro oba typy Macu	2026-09-23T11:13:12.1088780Z CC	libavcodec/parser.o
macos	Sestavení přibaleného Opus nástroje pro oba typy Macu	2026-09-23T11:13:12.1297070Z CC	libavcodec/profiles.o
macos	Sestavení přibaleného Opus nástroje pro oba typy Macu	2026-09-23T11:13:12.1399470Z CC	libavcodec/parsers.o
macos	Sestavení přibaleného Opus nástroje pro oba typy Macu	2026-09-23T11:13:12.1801560Z CC	libavcodec/pthread.o
macos	Sestavení přibaleného Opus nástroje pro oba typy Macu	2026-09-23T11:13:12.1960300Z CC	libavcodec/pthread_frame.o
macos	Sestavení přibaleného Opus nástroje pro oba typy Macu	2026-09-23T11:13:12.2061500Z CC	libavcodec/pthread_slice.o
macos	Sestavení přibaleného Opus nástroje pro oba typy Macu	2026-09-23T11:13:12.2362430Z CC	libavcodec/qsv_api.o
macos	Sestavení přibaleného Opus nástroje pro oba typy Macu	2026-09-23T11:13:12.2463720Z CC	libavcodec/raw.o
macos	Sestavení přibaleného Opus nástroje pro oba typy Macu	2026-09-23T11:13:12.2763900Z CC	libavcodec/refstruct.o
macos	Sestavení přibaleného Opus nástroje pro oba typy Macu	2026-09-23T11:13:12.2865890Z CC	libavcodec/simple_idct.o
macos	Sestavení přibaleného Opus nástroje pro oba typy Macu	2026-09-23T11:13:12.2979050Z CC	libavcodec/utils.o
macos	Sestavení přibaleného Opus nástroje pro oba typy Macu	2026-09-23T11:13:12.3225780Z CC	libavcodec/version.o
macos	Sestavení přibaleného Opus nástroje pro oba typy Macu	2026-09-23T11:13:12.3286620Z CC	libavcodec/vlc.o
macos	Sestavení přibaleného Opus nástroje pro oba typy Macu	2026-09-23T11:13:12.4131840Z CC	libavcodec/vorbis_data.o
macos	Sestavení přibaleného Opus nástroje pro oba typy Macu	2026-09-23T11:13:12.4341310Z CC	libavcodec/vorbis_parser.o
macos	Sestavení přibaleného Opus nástroje pro oba typy Macu	2026-09-23T11:13:12.4352040Z CC	libavcodec/xiph.o
macos	Sestavení přibaleného Opus nástroje pro oba typy Macu	2026-09-23T11:13:12.4453100Z CC	libavcodec/mpeg4audio_sample_rates.o
macos	Sestavení přibaleného Opus nástroje pro oba typy Macu	2026-09-23T11:13:12.4761510Z CC	libavcodec/to_upper4.o
macos	Sestavení přibaleného Opus nástroje pro oba typy Macu	2026-09-23T11:13:12.4773740Z CC	libswresample/audioconvert.o
macos	Sestavení přibaleného Opus nástroje pro oba typy Macu	2026-09-23T11:13:12.4801970Z CC	libswresample/dither.o
macos	Sestavení přibaleného Opus nástroje pro oba typy Macu	2026-09-23T11:13:12.5324190Z CC	libswresample/options.o
macos	Sestavení přibaleného Opus nástroje pro oba typy Macu	2026-09-23T11:13:12.5425540Z CC	libswresample/rematrix.o
macos	Sestavení přibaleného Opus nástroje pro oba typy Macu	2026-09-23T11:13:12.5728040Z CC	libswresample/resample.o
macos	Sestavení přibaleného Opus nástroje pro oba typy Macu	2026-09-23T11:13:12.5852710Z CC	libswresample/resample_dsp.o
macos	Sestavení přibaleného Opus nástroje pro oba typy Macu	2026-09-23T11:13:12.6555810Z CC	libswresample/swresample.o
macos	Sestavení přibaleného Opus nástroje pro oba typy Macu	2026-09-23T11:13:12.6731600Z CC	libswresample/swresample_frame.o
macos	Sestavení přibaleného Opus nástroje pro oba typy Macu	2026-09-23T11:13:12.6850840Z CC	libswresample/version.o
macos	Sestavení přibaleného Opus nástroje pro oba typy Macu	2026-09-23T11:13:12.7252690Z CC	libavutil/adler32.o
macos	Sestavení přibaleného Opus nástroje pro oba typy Macu	2026-09-23T11:13:12.7353800Z CC	libavutil/aes.o
macos	Sestavení přibaleného Opus nástroje pro oba typy Macu	2026-09-23T11:13:12.7559110Z CC	libavutil/aes_ctr.o
macos	Sestavení přibaleného Opus nástroje pro oba typy Macu	2026-09-23T11:13:12.7954400Z CC	libavutil/ambient_viewing_environment.o
macos	Sestavení přibaleného Opus nástroje pro oba typy Macu	2026-09-23T11:13:12.8015170Z CC	libavutil/audio_fifo.o
macos	Sestavení přibaleného Opus nástroje pro oba typy Macu	2026-09-23T11:13:12.8028950Z CC	libavutil/avsscanf.o
macos	Sestavení přibaleného Opus nástroje pro oba typy Macu	2026-09-23T11:13:12.8248820Z CC	libavutil/avstring.o
macos	Sestavení přibaleného Opus nástroje pro oba typy Macu	2026-09-23T11:13:12.8772910Z CC	libavutil/base64.o
macos	Sestavení přibaleného Opus nástroje pro oba typy Macu	2026-09-23T11:13:12.8874590Z CC	libavutil/blowfish.o
macos	Sestavení přibaleného Opus nástroje pro oba typy Macu	2026-09-23T11:13:12.9563190Z CC	libavutil/bprint.o
macos	Sestavení přibaleného Opus nástroje pro oba typy Macu	2026-09-23T11:13:12.9781140Z CC	libavutil/buffer.o
macos	Sestavení přibaleného Opus nástroje pro oba typy Macu	2026-09-23T11:13:13.0679840Z CC	libavutil/camellia.o
macos	Sestavení přibaleného Opus nástroje pro oba typy Macu	2026-09-23T11:13:13.0881790Z CC	libavutil/cast5.o
macos	Sestavení přibaleného Opus nástroje pro oba typy Macu	2026-09-23T11:13:13.1886730Z CC	libavutil/channel_layout.o
macos	Sestavení přibaleného Opus nástroje pro oba typy Macu	2026-09-23T11:13:13.1987690Z CC	libavutil/cpu.o
macos	Sestavení přibaleného Opus nástroje pro oba typy Macu	2026-09-23T11:13:13.2590160Z CC	libavutil/crc.o
macos	Sestavení přibaleného Opus nástroje pro oba typy Macu	2026-09-23T11:13:13.2692060Z CC	libavutil/csp.o
macos	Sestavení přibaleného Opus nástroje pro oba typy Macu	2026-09-23T11:13:13.3094000Z CC	libavutil/des.o
macos	Sestavení přibaleného Opus nástroje pro oba typy Macu	2026-09-23T11:13:13.3195190Z CC	libavutil/detection_bbox.o
macos	Sestavení přibaleného Opus nástroje pro oba typy Macu	2026-09-23T11:13:13.3597780Z CC	libavutil/dict.o
macos	Sestavení přibaleného Opus nástroje pro oba typy Macu	2026-09-23T11:13:13.3698320Z CC	libavutil/display.o
macos	Sestavení přibaleného Opus nástroje pro oba typy Macu	2026-09-23T11:13:13.4100260Z CC	libavutil/dovi_meta.o
macos	Sestavení přibaleného Opus nástroje pro oba typy Macu	2026-09-23T11:13:13.4201360Z CC	libavutil/downmix_info.o
macos	Sestavení přibaleného Opus nástroje pro oba typy Macu	2026-09-23T11:13:13.4405500Z CC	libavutil/encryption_info.o
macos	Sestavení přibaleného Opus nástroje pro oba typy Macu	2026-09-23T11:13:13.4707990Z CC	libavutil/error.o
macos	Sestavení přibaleného Opus nástroje pro oba typy Macu	2026-09-23T11:13:13.4809160Z CC	libavutil/eval.o
macos	Sestavení přibaleného Opus nástroje pro oba typy Macu	2026-09-23T11:13:13.5110620Z CC	libavutil/executor.o
macos	Sestavení přibaleného Opus nástroje pro oba typy Macu	2026-09-23T11:13:13.5130980Z src/libavutil/eval.c:522:13: warning: mixing declarations and code is incompatible with standards before C99 [-Wdeclaration-after-statement]
macos	Sestavení přibaleného Opus nástroje pro oba typy Macu	2026-09-23T11:13:13.5211800Z CC	libavutil/fifo.o
macos	Sestavení přibaleného Opus nástroje pro oba typy Macu	2026-09-23T11:13:13.5233320Z     AVExpr *e = av_mallocz(sizeof(AVExpr));
macos	Sestavení přibaleného Opus nástroje pro oba typy Macu	2026-09-23T11:13:13.5335220Z             ^
macos	Sestavení přibaleného Opus nástroje pro oba typy Macu	2026-09-23T11:13:13.5717280Z CC	libavutil/file.o
macos	Sestavení přibaleného Opus nástroje pro oba typy Macu	2026-09-23T11:13:13.6119020Z CC	libavutil/file_open.o
macos	Sestavení přibaleného Opus nástroje pro oba typy Macu	2026-09-23T11:13:13.6130420Z CC	libavutil/film_grain_params.o
macos	Sestavení přibaleného Opus nástroje pro oba typy Macu	2026-09-23T11:13:13.6466810Z 1 warning generated.
macos	Sestavení přibaleného Opus nástroje pro oba typy Macu	2026-09-23T11:13:13.6531900Z CC	libavutil/fixed_dsp.o
macos	Sestavení přibaleného Opus nástroje pro oba typy Macu	2026-09-23T11:13:13.6633110Z CC	libavutil/float_dsp.o
macos	Sestavení přibaleného Opus nástroje pro oba typy Macu	2026-09-23T11:13:13.6667500Z CC	libavutil/frame.o
macos	Sestavení přibaleného Opus nástroje pro oba typy Macu	2026-09-23T11:13:13.7106320Z CC	libavutil/hash.o
macos	Sestavení přibaleného Opus nástroje pro oba typy Macu	2026-09-23T11:13:13.7172720Z CC	libavutil/hdr_dynamic_metadata.o
macos	Sestavení přibaleného Opus nástroje pro oba typy Macu	2026-09-23T11:13:13.7271680Z CC	libavutil/hdr_dynamic_vivid_metadata.o
macos	Sestavení přibaleného Opus nástroje pro oba typy Macu	2026-09-23T11:13:13.8093270Z CC	libavutil/hmac.o
macos	Sestavení přibaleného Opus nástroje pro oba typy Macu	2026-09-23T11:13:13.8194700Z CC	libavutil/hwcontext.o
macos	Sestavení přibaleného Opus nástroje pro oba typy Macu	2026-09-23T11:13:13.8800200Z CC	libavutil/hwcontext_stub.o
macos	Sestavení přibaleného Opus nástroje pro oba typy Macu	2026-09-23T11:13:13.9002750Z CC	libavutil/imgutils.o
macos	Sestavení přibaleného Opus nástroje pro oba typy Macu	2026-09-23T11:13:13.9104150Z CC	libavutil/integer.o
macos	Sestavení přibaleného Opus nástroje pro oba typy Macu	2026-09-23T11:13:13.9276340Z CC	libavutil/intmath.o
macos	Sestavení přibaleného Opus nástroje pro oba typy Macu	2026-09-23T11:13:13.9335540Z CC	libavutil/lfg.o
macos	Sestavení přibaleného Opus nástroje pro oba typy Macu	2026-09-23T11:13:13.9881230Z CC	libavutil/lls.o
macos	Sestavení přibaleného Opus nástroje pro oba typy Macu	2026-09-23T11:13:13.9956890Z CC	libavutil/log.o
macos	Sestavení přibaleného Opus nástroje pro oba typy Macu	2026-09-23T11:13:14.0073820Z CC	libavutil/log2_tab.o
macos	Sestavení přibaleného Opus nástroje pro oba typy Macu	2026-09-23T11:13:14.0415030Z CC	libavutil/lzo.o
macos	Sestavení přibaleného Opus nástroje pro oba typy Macu	2026-09-23T11:13:14.0516510Z CC	libavutil/mastering_display_metadata.o
macos	Sestavení přibaleného Opus nástroje pro oba typy Macu	2026-09-23T11:13:14.0625380Z CC	libavutil/mathematics.o
macos	Sestavení přibaleného Opus nástroje pro oba typy Macu	2026-09-23T11:13:14.0876180Z CC	libavutil/md5.o
macos	Sestavení přibaleného Opus nástroje pro oba typy Macu	2026-09-23T11:13:14.0930770Z CC	libavutil/mem.o
macos	Sestavení přibaleného Opus nástroje pro oba typy Macu	2026-09-23T11:13:14.1047480Z CC	libavutil/murmur3.o
macos	Sestavení přibaleného Opus nástroje pro oba typy Macu	2026-09-23T11:13:14.1364170Z CC	libavutil/opt.o
macos	Sestavení přibaleného Opus nástroje pro oba typy Macu	2026-09-23T11:13:14.1466820Z CC	libavutil/parseutils.o
macos	Sestavení přibaleného Opus nástroje pro oba typy Macu	2026-09-23T11:13:14.1576590Z CC	libavutil/pixdesc.o
macos	Sestavení přibaleného Opus nástroje pro oba typy Macu	2026-09-23T11:13:14.1816040Z CC	libavutil/pixelutils.o
macos	Sestavení přibaleného Opus nástroje pro oba typy Macu	2026-09-23T11:13:14.2438360Z CC	libavutil/random_seed.o
macos	Sestavení přibaleného Opus nástroje pro oba typy Macu	2026-09-23T11:13:14.2544530Z CC	libavutil/rational.o
macos	Sestavení přibaleného Opus nástroje pro oba typy Macu	2026-09-23T11:13:14.2766210Z CC	libavutil/rc4.o
macos	Sestavení přibaleného Opus nástroje pro oba typy Macu	2026-09-23T11:13:14.3071040Z CC	libavutil/reverse.o
macos	Sestavení přibaleného Opus nástroje pro oba typy Macu	2026-09-23T11:13:14.3272730Z CC	libavutil/ripemd.o
macos	Sestavení přibaleného Opus nástroje pro oba typy Macu	2026-09-23T11:13:14.3374000Z CC	libavutil/samplefmt.o
macos	Sestavení přibaleného Opus nástroje pro oba typy Macu	2026-09-23T11:13:14.3505850Z CC	libavutil/sha.o
macos	Sestavení přibaleného Opus nástroje pro oba typy Macu	2026-09-23T11:13:14.3715300Z CC	libavutil/sha512.o
macos	Sestavení přibaleného Opus nástroje pro oba typy Macu	2026-09-23T11:13:14.3915960Z CC	libavutil/slicethread.o
macos	Sestavení přibaleného Opus nástroje pro oba typy Macu	2026-09-23T11:13:14.4017850Z CC	libavutil/spherical.o
macos	Sestavení přibaleného Opus nástroje pro oba typy Macu	2026-09-23T11:13:14.4320700Z CC	libavutil/stereo3d.o
macos	Sestavení přibaleného Opus nástroje pro oba typy Macu	2026-09-23T11:13:14.4522540Z CC	libavutil/tea.o
macos	Sestavení přibaleného Opus nástroje pro oba typy Macu	2026-09-23T11:13:14.4724530Z CC	libavutil/threadmessage.o
macos	Sestavení přibaleného Opus nástroje pro oba typy Macu	2026-09-23T11:13:14.5026150Z CC	libavutil/time.o
macos	Sestavení přibaleného Opus nástroje pro oba typy Macu	2026-09-23T11:13:14.5127740Z CC	libavutil/timecode.o
macos	Sestavení přibaleného Opus nástroje pro oba typy Macu	2026-09-23T11:13:14.5341380Z CC	libavutil/tree.o
macos	Sestavení přibaleného Opus nástroje pro oba typy Macu	2026-09-23T11:13:14.5686530Z CC	libavutil/twofish.o
macos	Sestavení přibaleného Opus nástroje pro oba typy Macu	2026-09-23T11:13:14.5814890Z CC	libavutil/tx.o
macos	Sestavení přibaleného Opus nástroje pro oba typy Macu	2026-09-23T11:13:14.6030500Z CC	libavutil/tx_double.o
macos	Sestavení přibaleného Opus nástroje pro oba typy Macu	2026-09-23T11:13:14.6132090Z CC	libavutil/tx_float.o
macos	Sestavení přibaleného Opus nástroje pro oba typy Macu	2026-09-23T11:13:14.6832920Z CC	libavutil/tx_int32.o
macos	Sestavení přibaleného Opus nástroje pro oba typy Macu	2026-09-23T11:13:14.7335270Z CC	libavutil/utils.o
macos	Sestavení přibaleného Opus nástroje pro oba typy Macu	2026-09-23T11:13:14.7937090Z CC	libavutil/uuid.o
macos	Sestavení přibaleného Opus nástroje pro oba typy Macu	2026-09-23T11:13:14.8441150Z CC	libavutil/version.o
macos	Sestavení přibaleného Opus nástroje pro oba typy Macu	2026-09-23T11:13:14.9264070Z CC	libavutil/video_enc_params.o
macos	Sestavení přibaleného Opus nástroje pro oba typy Macu	2026-09-23T11:13:15.0459810Z CC	libavutil/video_hint.o
macos	Sestavení přibaleného Opus nástroje pro oba typy Macu	2026-09-23T11:13:15.0862060Z CC	libavutil/xga_font_data.o
macos	Sestavení přibaleného Opus nástroje pro oba typy Macu	2026-09-23T11:13:15.1171490Z CC	libavutil/xtea.o
macos	Sestavení přibaleného Opus nástroje pro oba typy Macu	2026-09-23T11:13:15.1282050Z AR	libavfilter/libavfilter.a
macos	Sestavení přibaleného Opus nástroje pro oba typy Macu	2026-09-23T11:13:15.1585160Z AR	libavformat/libavformat.a
macos	Sestavení přibaleného Opus nástroje pro oba typy Macu	2026-09-23T11:13:15.1888320Z /Applications/Xcode_15.4.app/Contents/Developer/Toolchains/XcodeDefault.xctoolchain/usr/bin/ranlib: file: libavformat/libavformat.a(os_support.o) has no symbols
macos	Sestavení přibaleného Opus nástroje pro oba typy Macu	2026-09-23T11:13:15.1988800Z AR	libavcodec/libavcodec.a
macos	Sestavení přibaleného Opus nástroje pro oba typy Macu	2026-09-23T11:13:15.2191520Z /Applications/Xcode_15.4.app/Contents/Developer/Toolchains/XcodeDefault.xctoolchain/usr/bin/ranlib: file: libavformat/libavformat.a(os_support.o) has no symbols
macos	Sestavení přibaleného Opus nástroje pro oba typy Macu	2026-09-23T11:13:15.2218280Z /Applications/Xcode_15.4.app/Contents/Developer/Toolchains/XcodeDefault.xctoolchain/usr/bin/ranlib: file: libavcodec/libavcodec.a(profiles.o) has no symbols
macos	Sestavení přibaleného Opus nástroje pro oba typy Macu	2026-09-23T11:13:15.2279750Z AR	libswresample/libswresample.a
macos	Sestavení přibaleného Opus nástroje pro oba typy Macu	2026-09-23T11:13:15.2288300Z CC	fftools/ffmpeg_dec.o
macos	Sestavení přibaleného Opus nástroje pro oba typy Macu	2026-09-23T11:13:15.2577760Z /Applications/Xcode_15.4.app/Contents/Developer/Toolchains/XcodeDefault.xctoolchain/usr/bin/ranlib: file: libavcodec/libavcodec.a(profiles.o) has no symbols
macos	Sestavení přibaleného Opus nástroje pro oba typy Macu	2026-09-23T11:13:15.2721830Z CC	fftools/ffmpeg_demux.o
macos	Sestavení přibaleného Opus nástroje pro oba typy Macu	2026-09-23T11:13:15.2989570Z CC	fftools/ffmpeg_enc.o
macos	Sestavení přibaleného Opus nástroje pro oba typy Macu	2026-09-23T11:13:15.4474770Z CC	fftools/ffmpeg_filter.o
macos	Sestavení přibaleného Opus nástroje pro oba typy Macu	2026-09-23T11:13:15.4674740Z CC	fftools/ffmpeg_hw.o
macos	Sestavení přibaleného Opus nástroje pro oba typy Macu	2026-09-23T11:13:15.5077540Z src/fftools/ffmpeg_filter.c:1867:9: warning: variable 'fr' is used uninitialized whenever 'if' condition is true [-Wsometimes-uninitialized]
macos	Sestavení přibaleného Opus nástroje pro oba typy Macu	2026-09-23T11:13:15.5179050Z     if (ofilter->type == AVMEDIA_TYPE_AUDIO) {
macos	Sestavení přibaleného Opus nástroje pro oba typy Macu	2026-09-23T11:13:15.5280660Z         ^~~~~~~~~~~~~~~~~~~~~~~~~~~~~~~~~~~
macos	Sestavení přibaleného Opus nástroje pro oba typy Macu	2026-09-23T11:13:15.5281070Z CC	fftools/ffmpeg_mux.o
macos	Sestavení přibaleného Opus nástroje pro oba typy Macu	2026-09-23T11:13:15.5307980Z src/fftools/ffmpeg_filter.c:1913:26: note: uninitialized use occurs here
macos	Sestavení přibaleného Opus nástroje pro oba typy Macu	2026-09-23T11:13:15.5409200Z     fps->framerate     = fr;
macos	Sestavení přibaleného Opus nástroje pro oba typy Macu	2026-09-23T11:13:15.5409590Z CC	fftools/ffmpeg_mux_init.o
macos	Sestavení přibaleného Opus nástroje pro oba typy Macu	2026-09-23T11:13:15.5510530Z                          ^~
macos	Sestavení přibaleného Opus nástroje pro oba typy Macu	2026-09-23T11:13:15.5612080Z src/fftools/ffmpeg_filter.c:1867:5: note: remove the 'if' if its condition is always false
macos	Sestavení přibaleného Opus nástroje pro oba typy Macu	2026-09-23T11:13:15.5713390Z     if (ofilter->type == AVMEDIA_TYPE_AUDIO) {
macos	Sestavení přibaleného Opus nástroje pro oba typy Macu	2026-09-23T11:13:15.5814450Z     ^~~~~~~~~~~~~~~~~~~~~~~~~~~~~~~~~~~~~~~~~~
macos	Sestavení přibaleného Opus nástroje pro oba typy Macu	2026-09-23T11:13:15.5915660Z src/fftools/ffmpeg_filter.c:1847:5: note: variable 'fr' is declared here
macos	Sestavení přibaleného Opus nástroje pro oba typy Macu	2026-09-23T11:13:15.6016770Z     AVRational fr;
macos	Sestavení přibaleného Opus nástroje pro oba typy Macu	2026-09-23T11:13:15.6117670Z     ^
macos	Sestavení přibaleného Opus nástroje pro oba typy Macu	2026-09-23T11:13:15.6221560Z src/fftools/ffmpeg_mux_init.c:297:55: warning: implicit truncation from 'int' to a one-bit wide bit-field changes value from 1 to -1 [-Wsingle-bit-bitfield-constant-conversion]
macos	Sestavení přibaleného Opus nástroje pro oba typy Macu	2026-09-23T11:13:15.6323130Z         { ENC_STATS_FRAME_NUM_IN,   "ni",       0, 0, 1         },
macos	Sestavení přibaleného Opus nástroje pro oba typy Macu	2026-09-23T11:13:15.6332660Z                                                       ^
macos	Sestavení přibaleného Opus nástroje pro oba typy Macu	2026-09-23T11:13:15.6333690Z src/fftools/ffmpeg_mux_init.c:299:55: warning: implicit truncation from 'int' to a one-bit wide bit-field changes value from 1 to -1 [-Wsingle-bit-bitfield-constant-conversion]
macos	Sestavení přibaleného Opus nástroje pro oba typy Macu	2026-09-23T11:13:15.6435210Z         { ENC_STATS_TIMEBASE_IN,    "tbi",      0, 0, 1         },
macos	Sestavení přibaleného Opus nástroje pro oba typy Macu	2026-09-23T11:13:15.6536240Z                                                       ^
macos	Sestavení přibaleného Opus nástroje pro oba typy Macu	2026-09-23T11:13:15.6536650Z CC	fftools/ffmpeg_opt.o
macos	Sestavení přibaleného Opus nástroje pro oba typy Macu	2026-09-23T11:13:15.6638260Z src/fftools/ffmpeg_mux_init.c:302:55: warning: implicit truncation from 'int' to a one-bit wide bit-field changes value from 1 to -1 [-Wsingle-bit-bitfield-constant-conversion]
macos	Sestavení přibaleného Opus nástroje pro oba typy Macu	2026-09-23T11:13:15.6739720Z         { ENC_STATS_PTS_IN,         "ptsi",     0, 0, 1         },
macos	Sestavení přibaleného Opus nástroje pro oba typy Macu	2026-09-23T11:13:15.6840930Z                                                       ^
macos	Sestavení přibaleného Opus nástroje pro oba typy Macu	2026-09-23T11:13:15.6942880Z src/fftools/ffmpeg_mux_init.c:303:55: warning: implicit truncation from 'int' to a one-bit wide bit-field changes value from 1 to -1 [-Wsingle-bit-bitfield-constant-conversion]
macos	Sestavení přibaleného Opus nástroje pro oba typy Macu	2026-09-23T11:13:15.7044430Z         { ENC_STATS_PTS_TIME_IN,    "ti",       0, 0, 1         },
macos	Sestavení přibaleného Opus nástroje pro oba typy Macu	2026-09-23T11:13:15.7145570Z                                                       ^
macos	Sestavení přibaleného Opus nástroje pro oba typy Macu	2026-09-23T11:13:15.7146000Z CC	fftools/objpool.o
macos	Sestavení přibaleného Opus nástroje pro oba typy Macu	2026-09-23T11:13:15.7247540Z src/fftools/ffmpeg_mux_init.c:304:52: warning: implicit truncation from 'int' to a one-bit wide bit-field changes value from 1 to -1 [-Wsingle-bit-bitfield-constant-conversion]
macos	Sestavení přibaleného Opus nástroje pro oba typy Macu	2026-09-23T11:13:15.7349240Z         { ENC_STATS_DTS,            "dts",      0, 1            },
macos	Sestavení přibaleného Opus nástroje pro oba typy Macu	2026-09-23T11:13:15.7393330Z                                                    ^
macos	Sestavení přibaleného Opus nástroje pro oba typy Macu	2026-09-23T11:13:15.7394370Z src/fftools/ffmpeg_mux_init.c:305:52: warning: implicit truncation from 'int' to a one-bit wide bit-field changes value from 1 to -1 [-Wsingle-bit-bitfield-constant-conversion]
macos	Sestavení přibaleného Opus nástroje pro oba typy Macu	2026-09-23T11:13:15.7395160Z         { ENC_STATS_DTS_TIME,       "dt",       0, 1            },
macos	Sestavení přibaleného Opus nástroje pro oba typy Macu	2026-09-23T11:13:15.7395550Z                                                    ^
macos	Sestavení přibaleného Opus nástroje pro oba typy Macu	2026-09-23T11:13:15.7396470Z src/fftools/ffmpeg_mux_init.c:306:49: warning: implicit truncation from 'int' to a one-bit wide bit-field changes value from 1 to -1 [-Wsingle-bit-bitfield-constant-conversion]
macos	Sestavení přibaleného Opus nástroje pro oba typy Macu	2026-09-23T11:13:15.7397220Z         { ENC_STATS_SAMPLE_NUM,     "sn",       1               },
macos	Sestavení přibaleného Opus nástroje pro oba typy Macu	2026-09-23T11:13:15.7397600Z                                                 ^
macos	Sestavení přibaleného Opus nástroje pro oba typy Macu	2026-09-23T11:13:15.7398500Z src/fftools/ffmpeg_mux_init.c:307:49: warning: implicit truncation from 'int' to a one-bit wide bit-field changes value from 1 to -1 [-Wsingle-bit-bitfield-constant-conversion]
macos	Sestavení přibaleného Opus nástroje pro oba typy Macu	2026-09-23T11:13:15.7399520Z         { ENC_STATS_NB_SAMPLES,     "samp",     1               },
macos	Sestavení přibaleného Opus nástroje pro oba typy Macu	2026-09-23T11:13:15.7399900Z                                                 ^
macos	Sestavení přibaleného Opus nástroje pro oba typy Macu	2026-09-23T11:13:15.7400800Z src/fftools/ffmpeg_mux_init.c:308:52: warning: implicit truncation from 'int' to a one-bit wide bit-field changes value from 1 to -1 [-Wsingle-bit-bitfield-constant-conversion]
macos	Sestavení přibaleného Opus nástroje pro oba typy Macu	2026-09-23T11:13:15.7401730Z         { ENC_STATS_PKT_SIZE,       "size",     0, 1            },
macos	Sestavení přibaleného Opus nástroje pro oba typy Macu	2026-09-23T11:13:15.7402110Z                                                    ^
macos	Sestavení přibaleného Opus nástroje pro oba typy Macu	2026-09-23T11:13:15.7403010Z src/fftools/ffmpeg_mux_init.c:309:52: warning: implicit truncation from 'int' to a one-bit wide bit-field changes value from 1 to -1 [-Wsingle-bit-bitfield-constant-conversion]
macos	Sestavení přibaleného Opus nástroje pro oba typy Macu	2026-09-23T11:13:15.7403750Z         { ENC_STATS_BITRATE,        "br",       0, 1            },
macos	Sestavení přibaleného Opus nástroje pro oba typy Macu	2026-09-23T11:13:15.7404140Z                                                    ^
macos	Sestavení přibaleného Opus nástroje pro oba typy Macu	2026-09-23T11:13:15.7405030Z src/fftools/ffmpeg_mux_init.c:310:52: warning: implicit truncation from 'int' to a one-bit wide bit-field changes value from 1 to -1 [-Wsingle-bit-bitfield-constant-conversion]
macos	Sestavení přibaleného Opus nástroje pro oba typy Macu	2026-09-23T11:13:15.7405780Z         { ENC_STATS_AVG_BITRATE,    "abr",      0, 1            },
macos	Sestavení přibaleného Opus nástroje pro oba typy Macu	2026-09-23T11:13:15.7406160Z                                                    ^
macos	Sestavení přibaleného Opus nástroje pro oba typy Macu	2026-09-23T11:13:15.7507370Z 1 warning generated.
macos	Sestavení přibaleného Opus nástroje pro oba typy Macu	2026-09-23T11:13:15.7507730Z CC	fftools/sync_queue.o
macos	Sestavení přibaleného Opus nástroje pro oba typy Macu	2026-09-23T11:13:15.7734440Z CC	fftools/thread_queue.o
macos	Sestavení přibaleného Opus nástroje pro oba typy Macu	2026-09-23T11:13:15.8136450Z CC	fftools/cmdutils.o
macos	Sestavení přibaleného Opus nástroje pro oba typy Macu	2026-09-23T11:13:15.8228160Z CC	fftools/opt_common.o
macos	Sestavení přibaleného Opus nástroje pro oba typy Macu	2026-09-23T11:13:15.8734250Z CC	fftools/ffmpeg.o
macos	Sestavení přibaleného Opus nástroje pro oba typy Macu	2026-09-23T11:13:16.0242910Z AR	libavutil/libavutil.a
macos	Sestavení přibaleného Opus nástroje pro oba typy Macu	2026-09-23T11:13:16.2133450Z 11 warnings generated.
macos	Sestavení přibaleného Opus nástroje pro oba typy Macu	2026-09-23T11:13:16.2234580Z LD	ffmpeg_g
macos	Sestavení přibaleného Opus nástroje pro oba typy Macu	2026-09-23T11:13:16.2431540Z ld: warning: ignoring duplicate libraries: '-lm'
macos	Sestavení přibaleného Opus nástroje pro oba typy Macu	2026-09-23T11:13:16.2432100Z ld: warning: search path 'libpostproc' not found
macos	Sestavení přibaleného Opus nástroje pro oba typy Macu	2026-09-23T11:13:16.2432510Z ld: warning: search path 'libswscale' not found
macos	Sestavení přibaleného Opus nástroje pro oba typy Macu	2026-09-23T11:13:16.2834690Z STRIP	ffmpeg
macos	Sestavení přibaleného Opus nástroje pro oba typy Macu	2026-09-23T11:13:16.3309940Z [encoder] Hotovo: /Users/runner/work/ludone-desktop/ludone-desktop/.runtime/media-encoder/ffmpeg-6.1.6
macos	Příprava notářského klíče mimo repozitář	﻿2026-09-23T11:13:16.3607330Z ##[group]Run umask 077
macos	Příprava notářského klíče mimo repozitář	2026-09-23T11:13:16.3607680Z ^[[36;1mumask 077^[[0m
macos	Příprava notářského klíče mimo repozitář	2026-09-23T11:13:16.3608050Z ^[[36;1mkey_path="$RUNNER_TEMP/AuthKey_${APPLE_API_KEY_ID}.p8"^[[0m
macos	Příprava notářského klíče mimo repozitář	2026-09-23T11:13:16.3608690Z ^[[36;1mprintf '%s' "$APPLE_API_KEY_P8" > "$key_path"^[[0m
macos	Příprava notářského klíče mimo repozitář	2026-09-23T11:13:16.3609170Z ^[[36;1mecho "APPLE_API_KEY=$key_path" >> "$GITHUB_ENV"^[[0m
macos	Příprava notářského klíče mimo repozitář	2026-09-23T11:13:16.3869680Z shell: /bin/bash -e {0}
macos	Příprava notářského klíče mimo repozitář	2026-09-23T11:13:16.3870100Z env:
macos	Příprava notářského klíče mimo repozitář	2026-09-23T11:13:16.3872050Z   APPLE_API_KEY_P8: ***
macos	Příprava notářského klíče mimo repozitář	2026-09-23T11:13:16.3872510Z   APPLE_API_KEY_ID: ***
macos	Příprava notářského klíče mimo repozitář	2026-09-23T11:13:16.3872860Z ##[endgroup]
macos	Podepsání, notarizace a ověření DMG + ZIP	﻿2026-09-23T11:13:16.4317490Z ##[group]Run npm run release:mac
macos	Podepsání, notarizace a ověření DMG + ZIP	2026-09-23T11:13:16.4317840Z ^[[36;1mnpm run release:mac^[[0m
macos	Podepsání, notarizace a ověření DMG + ZIP	2026-09-23T11:13:16.4365350Z shell: /bin/bash -e {0}
macos	Podepsání, notarizace a ověření DMG + ZIP	2026-09-23T11:13:16.4365600Z env:
macos	Podepsání, notarizace a ověření DMG + ZIP	2026-09-23T11:13:16.4366200Z   APPLE_API_KEY: /Users/runner/work/_temp/AuthKey_***.p8
macos	Podepsání, notarizace a ověření DMG + ZIP	2026-09-23T11:13:16.4389490Z   CSC_LINK: ***
macos	Podepsání, notarizace a ověření DMG + ZIP	2026-09-23T11:13:16.4389870Z   CSC_KEY_PASSWORD: ***
macos	Podepsání, notarizace a ověření DMG + ZIP	2026-09-23T11:13:16.4390180Z   APPLE_API_KEY_ID: ***
macos	Podepsání, notarizace a ověření DMG + ZIP	2026-09-23T11:13:16.4390490Z   APPLE_API_ISSUER: ***
macos	Podepsání, notarizace a ověření DMG + ZIP	2026-09-23T11:13:16.4390740Z ##[endgroup]
macos	Podepsání, notarizace a ověření DMG + ZIP	2026-09-23T11:13:16.6949760Z 
macos	Podepsání, notarizace a ověření DMG + ZIP	2026-09-23T11:13:16.6950590Z > ludone-desktop-prototype@0.1.4 release:mac
macos	Podepsání, notarizace a ověření DMG + ZIP	2026-09-23T11:13:16.6952010Z > node scripts/prepare-media-encoder.mjs --check --arch all && npm run build && node scripts/package-mac.mjs --release && node scripts/release-artifacts.mjs --write-review-files && node scripts/verify-macos-release.mjs
macos	Podepsání, notarizace a ověření DMG + ZIP	2026-09-23T11:13:16.6952740Z 
macos	Podepsání, notarizace a ověření DMG + ZIP	2026-09-23T11:13:16.8163530Z /var/folders/s6/5hzmn6lx4dz5nxs7k_0slzph0000gn/T/ludone-encoder-signature-uQhjc7/ffmpeg: replacing existing signature
macos	Podepsání, notarizace a ověření DMG + ZIP	2026-09-23T11:13:16.8598620Z /var/folders/s6/5hzmn6lx4dz5nxs7k_0slzph0000gn/T/ludone-encoder-signature-tQ4wnO/ffmpeg: replacing existing signature
macos	Podepsání, notarizace a ověření DMG + ZIP	2026-09-23T11:13:16.8765100Z [encoder] PASS: zdroje a binárky arm64, x64 odpovídají locku, hashi a architektuře.
macos	Podepsání, notarizace a ověření DMG + ZIP	2026-09-23T11:13:16.9818010Z 
macos	Podepsání, notarizace a ověření DMG + ZIP	2026-09-23T11:13:16.9819500Z > ludone-desktop-prototype@0.1.4 build
macos	Podepsání, notarizace a ověření DMG + ZIP	2026-09-23T11:13:16.9820460Z > vite build
macos	Podepsání, notarizace a ověření DMG + ZIP	2026-09-23T11:13:16.9820820Z 
macos	Podepsání, notarizace a ověření DMG + ZIP	2026-09-23T11:13:17.2232870Z ^[[36mvite v7.3.6 ^[[32mbuilding client environment for production...^[[36m^[[39m
macos	Podepsání, notarizace a ověření DMG + ZIP	2026-09-23T11:13:17.2699680Z transforming...
macos	Podepsání, notarizace a ověření DMG + ZIP	2026-09-23T11:13:17.9968650Z ^[[32m✓^[[39m 54 modules transformed.
macos	Podepsání, notarizace a ověření DMG + ZIP	2026-09-23T11:13:18.1021090Z rendering chunks...
macos	Podepsání, notarizace a ověření DMG + ZIP	2026-09-23T11:13:18.1070340Z computing gzip size...
macos	Podepsání, notarizace a ověření DMG + ZIP	2026-09-23T11:13:18.1146140Z ^[[2mdist/^[[22m^[[32mindex.html                                       ^[[39m^[[1m^[[2m  0.62 kB^[[22m^[[1m^[[22m^[[2m │ gzip:  0.37 kB^[[22m
macos	Podepsání, notarizace a ověření DMG + ZIP	2026-09-23T11:13:18.1147090Z ^[[2mdist/^[[22m^[[2massets/^[[22m^[[32minstrument-sans-latin-ext-oUstOPQL.woff2  ^[[39m^[[1m^[[2m 11.09 kB^[[22m^[[1m^[[22m
macos	Podepsání, notarizace a ověření DMG + ZIP	2026-09-23T11:13:18.1148090Z ^[[2mdist/^[[22m^[[2massets/^[[22m^[[32mpublic-sans-latin-ext-NN8edoJ2.woff2      ^[[39m^[[1m^[[2m 18.37 kB^[[22m^[[1m^[[22m
macos	Podepsání, notarizace a ověření DMG + ZIP	2026-09-23T11:13:18.1149010Z ^[[2mdist/^[[22m^[[2massets/^[[22m^[[32mpublic-sans-latin-CcEC6YbM.woff2          ^[[39m^[[1m^[[2m 26.64 kB^[[22m^[[1m^[[22m
macos	Podepsání, notarizace a ověření DMG + ZIP	2026-09-23T11:13:18.1150260Z ^[[2mdist/^[[22m^[[2massets/^[[22m^[[32minstrument-sans-latin-CclBWeUS.woff2      ^[[39m^[[1m^[[2m 29.90 kB^[[22m^[[1m^[[22m
macos	Podepsání, notarizace a ověření DMG + ZIP	2026-09-23T11:13:18.1151480Z ^[[2mdist/^[[22m^[[2massets/^[[22m^[[35mindex-M1CDdI_Q.css                        ^[[39m^[[1m^[[2m 45.28 kB^[[22m^[[1m^[[22m^[[2m │ gzip:  8.20 kB^[[22m
macos	Podepsání, notarizace a ověření DMG + ZIP	2026-09-23T11:13:18.1152510Z ^[[2mdist/^[[22m^[[2massets/^[[22m^[[36mindex-U2l0LkRT.js                         ^[[39m^[[1m^[[2m309.85 kB^[[22m^[[1m^[[22m^[[2m │ gzip: 93.61 kB^[[22m
macos	Podepsání, notarizace a ověření DMG + ZIP	2026-09-23T11:13:18.1153110Z ^[[32m✓ built in 869ms^[[39m
macos	Podepsání, notarizace a ověření DMG + ZIP	2026-09-23T11:13:18.5769190Z Vygenerována ikona aplikace (8 bloků ICNS) do /Users/runner/work/ludone-desktop/ludone-desktop/build/ikona-aplikace/LuDone.icns
macos	Podepsání, notarizace a ověření DMG + ZIP	2026-09-23T11:13:19.2983710Z   • electron-builder  version=26.15.3 os=23.6.0
macos	Podepsání, notarizace a ověření DMG + ZIP	2026-09-23T11:13:19.3009650Z   • loaded configuration  file=package.json ("build" field)
macos	Podepsání, notarizace a ověření DMG + ZIP	2026-09-23T11:13:19.8831480Z   • executing @electron/rebuild  electronVersion=39.8.10 arch=arm64 buildFromSource=false workspaceRoot=/Users/runner/work/ludone-desktop/ludone-desktop projectDir=./ appDir=./
macos	Podepsání, notarizace a ověření DMG + ZIP	2026-09-23T11:13:19.8833800Z   • installing native dependencies  arch=arm64
macos	Podepsání, notarizace a ověření DMG + ZIP	2026-09-23T11:13:20.0481910Z   • completed installing native dependencies
macos	Podepsání, notarizace a ověření DMG + ZIP	2026-09-23T11:13:20.0513490Z   • packaging       platform=darwin arch=arm64 electron=39.8.10 appOutDir=release/mac-arm64
macos	Podepsání, notarizace a ověření DMG + ZIP	2026-09-23T11:13:20.3070610Z   • downloaded      label=electron progress=100%
macos	Podepsání, notarizace a ověření DMG + ZIP	2026-09-23T11:13:22.2680230Z   • downloaded electron zip extracted successfully  output=/Users/runner/work/ludone-desktop/ludone-desktop/release/mac-arm64
macos	Podepsání, notarizace a ověření DMG + ZIP	2026-09-23T11:13:22.2709540Z   • asar usage is disabled — this is strongly not recommended  solution=enable asar and use asarUnpack to unpack files that must be externally available
macos	Podepsání, notarizace a ověření DMG + ZIP	2026-09-23T11:13:22.2832690Z   • searching for node modules  pm=npm searchDir=/Users/runner/work/ludone-desktop/ludone-desktop
macos	Podepsání, notarizace a ověření DMG + ZIP	2026-09-23T11:13:23.0678620Z   • asar usage is disabled — this is strongly not recommended  solution=enable asar and use asarUnpack to unpack files that must be externally available
macos	Podepsání, notarizace a ověření DMG + ZIP	2026-09-23T11:13:23.5810410Z   • signing additional user-defined binaries for arch  binaries=["/Users/runner/work/ludone-desktop/ludone-desktop/release/mac-arm64/LuDone Desktop.app/Contents/Resources/media-encoder/ffmpeg"] arch=arm64
macos	Podepsání, notarizace a ověření DMG + ZIP	2026-09-23T11:13:23.5814260Z   • signing         file=release/mac-arm64/LuDone Desktop.app platform=darwin type=distribution identityName=Developer ID Application: Make more s.r.o (UF7G4Y6FS6) identityHash=4508772EE4C7AB033AC32E9DC98F5BA7EC840760 provisioningProfile=none
macos	Podepsání, notarizace a ověření DMG + ZIP	2026-09-23T11:15:25.4484720Z   • notarization successful
macos	Podepsání, notarizace a ověření DMG + ZIP	2026-09-23T11:15:25.4505860Z   • building        target=macOS zip arch=arm64 file=release/LuDone-Desktop-0.1.4-arm64.zip
macos	Podepsání, notarizace a ověření DMG + ZIP	2026-09-23T11:15:25.4520840Z   • building        target=DMG arch=arm64 file=release/LuDone-Desktop-0.1.4-arm64.dmg
macos	Podepsání, notarizace a ověření DMG + ZIP	2026-09-23T11:15:25.4542920Z   • executing @electron/rebuild  electronVersion=39.8.10 arch=x64 buildFromSource=false workspaceRoot=/Users/runner/work/ludone-desktop/ludone-desktop projectDir=./ appDir=./
macos	Podepsání, notarizace a ověření DMG + ZIP	2026-09-23T11:15:25.4611090Z   • installing native dependencies  arch=x64
macos	Podepsání, notarizace a ověření DMG + ZIP	2026-09-23T11:15:25.7282880Z   • completed installing native dependencies
macos	Podepsání, notarizace a ověření DMG + ZIP	2026-09-23T11:15:25.7317510Z   • packaging       platform=darwin arch=x64 electron=39.8.10 appOutDir=release/mac
macos	Podepsání, notarizace a ověření DMG + ZIP	2026-09-23T11:15:26.1785960Z   • downloaded      label=dmgbuild-bundle-arm64-75c8a6c.tar.gz progress=100%
macos	Podepsání, notarizace a ověření DMG + ZIP	2026-09-23T11:15:26.2692140Z   • downloaded      label=electron progress=100%
macos	Podepsání, notarizace a ověření DMG + ZIP	2026-09-23T11:15:30.8419730Z   • downloaded electron zip extracted successfully  output=/Users/runner/work/ludone-desktop/ludone-desktop/release/mac
macos	Podepsání, notarizace a ověření DMG + ZIP	2026-09-23T11:15:30.8452410Z   • asar usage is disabled — this is strongly not recommended  solution=enable asar and use asarUnpack to unpack files that must be externally available
macos	Podepsání, notarizace a ověření DMG + ZIP	2026-09-23T11:15:30.8734530Z   • searching for node modules  pm=npm searchDir=/Users/runner/work/ludone-desktop/ludone-desktop
macos	Podepsání, notarizace a ověření DMG + ZIP	2026-09-23T11:15:32.7711350Z   • asar usage is disabled — this is strongly not recommended  solution=enable asar and use asarUnpack to unpack files that must be externally available
macos	Podepsání, notarizace a ověření DMG + ZIP	2026-09-23T11:15:32.8478330Z   • signing additional user-defined binaries for arch  binaries=["/Users/runner/work/ludone-desktop/ludone-desktop/release/mac/LuDone Desktop.app/Contents/Resources/media-encoder/ffmpeg"] arch=x64
macos	Podepsání, notarizace a ověření DMG + ZIP	2026-09-23T11:15:32.8582830Z   • signing         file=release/mac/LuDone Desktop.app platform=darwin type=distribution identityName=Developer ID Application: Make more s.r.o (UF7G4Y6FS6) identityHash=4508772EE4C7AB033AC32E9DC98F5BA7EC840760 provisioningProfile=none
macos	Podepsání, notarizace a ověření DMG + ZIP	2026-09-23T11:15:46.3114800Z   • building block map  blockMapFile=release/LuDone-Desktop-0.1.4-arm64.zip.blockmap
macos	Podepsání, notarizace a ověření DMG + ZIP	2026-09-23T11:15:50.1432200Z   • building block map  blockMapFile=release/LuDone-Desktop-0.1.4-arm64.dmg.blockmap
macos	Podepsání, notarizace a ověření DMG + ZIP	2026-09-23T11:17:50.3133590Z   • notarization successful
macos	Podepsání, notarizace a ověření DMG + ZIP	2026-09-23T11:17:50.3527520Z   • building        target=macOS zip arch=x64 file=release/LuDone-Desktop-0.1.4-x64.zip
macos	Podepsání, notarizace a ověření DMG + ZIP	2026-09-23T11:17:50.3659350Z   • building        target=DMG arch=x64 file=release/LuDone-Desktop-0.1.4-x64.dmg
macos	Podepsání, notarizace a ověření DMG + ZIP	2026-09-23T11:18:10.1814630Z   • building block map  blockMapFile=release/LuDone-Desktop-0.1.4-x64.dmg.blockmap
macos	Podepsání, notarizace a ověření DMG + ZIP	2026-09-23T11:18:12.6283950Z   • building block map  blockMapFile=release/LuDone-Desktop-0.1.4-x64.zip.blockmap
macos	Podepsání, notarizace a ověření DMG + ZIP	2026-09-23T11:18:24.9517170Z [balení] Audio-smoke cesta: /Users/runner/work/ludone-desktop/ludone-desktop/release/LuDone Desktop.app -> /Users/runner/work/ludone-desktop/ludone-desktop/release/mac-arm64/LuDone Desktop.app
macos	Podepsání, notarizace a ověření DMG + ZIP	2026-09-23T11:18:24.9521750Z [balení] Hotovo: podepsané release artefakty a update metadata jsou připravené; nic nebylo přeneseno.
macos	Podepsání, notarizace a ověření DMG + ZIP	2026-09-23T11:18:26.5102380Z PASS latest-mac.yml: verze 0.1.4, čtyři balíčky a jejich SHA-512
macos	Podepsání, notarizace a ověření DMG + ZIP	2026-09-23T11:18:26.5207400Z PASS release artefakty: DMG + ZIP + blockmap pro arm64 a x64
macos	Podepsání, notarizace a ověření DMG + ZIP	2026-09-23T11:18:26.5310080Z PASS review soubory: release-manifest.json + SHA256SUMS
macos	Podepsání, notarizace a ověření DMG + ZIP	2026-09-23T11:18:37.6206140Z PASS DMG obraz a vložená aplikace: LuDone-Desktop-0.1.4-arm64.dmg
macos	Podepsání, notarizace a ověření DMG + ZIP	2026-09-23T11:18:47.6177420Z PASS DMG obraz a vložená aplikace: LuDone-Desktop-0.1.4-x64.dmg
macos	Podepsání, notarizace a ověření DMG + ZIP	2026-09-23T11:18:50.5261670Z PASS ZIP aplikace, architektura, podpis a notarizace: LuDone-Desktop-0.1.4-arm64.zip
macos	Podepsání, notarizace a ověření DMG + ZIP	2026-09-23T11:18:52.9939100Z PASS ZIP aplikace, architektura, podpis a notarizace: LuDone-Desktop-0.1.4-x64.zip
macos	Archiv podepsaných artefaktů před publikací	﻿2026-09-23T11:18:53.0456190Z Node 20 is being deprecated. This workflow is running with Node 24 by default. If you need to temporarily use Node 20, you can set the ACTIONS_ALLOW_USE_UNSECURE_NODE_VERSION=true environment variable. For more information see: https://github.blog/changelog/2025-09-19-deprecation-of-node-20-on-github-actions-runners/
macos	Archiv podepsaných artefaktů před publikací	2026-09-23T11:18:53.0459250Z ##[group]Run actions/upload-artifact@v4
macos	Archiv podepsaných artefaktů před publikací	2026-09-23T11:18:53.0459650Z with:
macos	Archiv podepsaných artefaktů před publikací	2026-09-23T11:18:53.0459970Z   name: ludone-desktop-v0.1.4
macos	Archiv podepsaných artefaktů před publikací	2026-09-23T11:18:53.0460420Z   compression-level: 0
macos	Archiv podepsaných artefaktů před publikací	2026-09-23T11:18:53.0460910Z   if-no-files-found: error
macos	Archiv podepsaných artefaktů před publikací	2026-09-23T11:18:53.0474780Z   retention-days: 30
macos	Archiv podepsaných artefaktů před publikací	2026-09-23T11:18:53.0475730Z   path: release/LuDone-Desktop-*.dmg
macos	Archiv podepsaných artefaktů před publikací	release/LuDone-Desktop-*.dmg.blockmap
macos	Archiv podepsaných artefaktů před publikací	release/LuDone-Desktop-*.zip
macos	Archiv podepsaných artefaktů před publikací	release/LuDone-Desktop-*.zip.blockmap
macos	Archiv podepsaných artefaktů před publikací	release/latest-mac.yml
macos	Archiv podepsaných artefaktů před publikací	release/release-manifest.json
macos	Archiv podepsaných artefaktů před publikací	release/SHA256SUMS
macos	Archiv podepsaných artefaktů před publikací	
macos	Archiv podepsaných artefaktů před publikací	2026-09-23T11:18:53.0476800Z   overwrite: false
macos	Archiv podepsaných artefaktů před publikací	2026-09-23T11:18:53.0477180Z   include-hidden-files: false
macos	Archiv podepsaných artefaktů před publikací	2026-09-23T11:18:53.0477670Z env:
macos	Archiv podepsaných artefaktů před publikací	2026-09-23T11:18:53.0479500Z   APPLE_API_KEY: /Users/runner/work/_temp/AuthKey_***.p8
macos	Archiv podepsaných artefaktů před publikací	2026-09-23T11:18:53.0479990Z ##[endgroup]
macos	Archiv podepsaných artefaktů před publikací	2026-09-23T11:18:53.7649290Z (node:80427) [DEP0040] DeprecationWarning: The `punycode` module is deprecated. Please use a userland alternative instead.
macos	Archiv podepsaných artefaktů před publikací	2026-09-23T11:18:53.7650440Z (Use `node --trace-deprecation ...` to show where the warning was created)
macos	Archiv podepsaných artefaktů před publikací	2026-09-23T11:18:53.7769580Z With the provided path, there will be 11 files uploaded
macos	Archiv podepsaných artefaktů před publikací	2026-09-23T11:18:53.7772700Z Artifact name is valid!
macos	Archiv podepsaných artefaktů před publikací	2026-09-23T11:18:53.7773380Z Root directory input is valid!
macos	Archiv podepsaných artefaktů před publikací	2026-09-23T11:18:54.2088760Z Beginning upload of artifact content to blob storage
macos	Archiv podepsaných artefaktů před publikací	2026-09-23T11:18:54.3040570Z (node:80427) [DEP0169] DeprecationWarning: `url.parse()` behavior is not standardized and prone to errors that have security implications. Use the WHATWG URL API instead. CVEs are not issued for `url.parse()` vulnerabilities.
macos	Archiv podepsaných artefaktů před publikací	2026-09-23T11:18:55.3434150Z Uploaded bytes 8388608
macos	Archiv podepsaných artefaktů před publikací	2026-09-23T11:18:55.3627780Z Uploaded bytes 16777216
macos	Archiv podepsaných artefaktů před publikací	2026-09-23T11:18:55.3730100Z Uploaded bytes 25165824
macos	Archiv podepsaných artefaktů před publikací	2026-09-23T11:18:55.4363830Z Uploaded bytes 33554432
macos	Archiv podepsaných artefaktů před publikací	2026-09-23T11:18:55.7511450Z Uploaded bytes 41943040
macos	Archiv podepsaných artefaktů před publikací	2026-09-23T11:18:56.0394900Z Uploaded bytes 50331648
macos	Archiv podepsaných artefaktů před publikací	2026-09-23T11:18:56.3002940Z Uploaded bytes 58720256
macos	Archiv podepsaných artefaktů před publikací	2026-09-23T11:18:56.3133580Z Uploaded bytes 67108864
macos	Archiv podepsaných artefaktů před publikací	2026-09-23T11:18:56.3881770Z Uploaded bytes 75497472
macos	Archiv podepsaných artefaktů před publikací	2026-09-23T11:18:56.3954950Z Uploaded bytes 83886080
macos	Archiv podepsaných artefaktů před publikací	2026-09-23T11:18:56.6754130Z Uploaded bytes 92274688
macos	Archiv podepsaných artefaktů před publikací	2026-09-23T11:18:56.6911760Z Uploaded bytes 100663296
macos	Archiv podepsaných artefaktů před publikací	2026-09-23T11:18:56.7709310Z Uploaded bytes 109051904
macos	Archiv podepsaných artefaktů před publikací	2026-09-23T11:18:56.8764930Z Uploaded bytes 117440512
macos	Archiv podepsaných artefaktů před publikací	2026-09-23T11:18:56.9586690Z Uploaded bytes 125829120
macos	Archiv podepsaných artefaktů před publikací	2026-09-23T11:18:57.0294560Z Uploaded bytes 134217728
macos	Archiv podepsaných artefaktů před publikací	2026-09-23T11:18:57.2002840Z Uploaded bytes 142606336
macos	Archiv podepsaných artefaktů před publikací	2026-09-23T11:18:57.3419970Z Uploaded bytes 150994944
macos	Archiv podepsaných artefaktů před publikací	2026-09-23T11:18:57.3568490Z Uploaded bytes 159383552
macos	Archiv podepsaných artefaktů před publikací	2026-09-23T11:18:57.4687960Z Uploaded bytes 167772160
macos	Archiv podepsaných artefaktů před publikací	2026-09-23T11:18:57.6276170Z Uploaded bytes 176160768
macos	Archiv podepsaných artefaktů před publikací	2026-09-23T11:18:57.8042890Z Uploaded bytes 184549376
macos	Archiv podepsaných artefaktů před publikací	2026-09-23T11:18:57.9559890Z Uploaded bytes 192937984
macos	Archiv podepsaných artefaktů před publikací	2026-09-23T11:18:58.0417870Z Uploaded bytes 201326592
macos	Archiv podepsaných artefaktů před publikací	2026-09-23T11:18:58.2533280Z Uploaded bytes 209715200
macos	Archiv podepsaných artefaktů před publikací	2026-09-23T11:18:58.2764730Z Uploaded bytes 218103808
macos	Archiv podepsaných artefaktů před publikací	2026-09-23T11:18:58.4000480Z Uploaded bytes 226492416
macos	Archiv podepsaných artefaktů před publikací	2026-09-23T11:18:58.4512380Z Uploaded bytes 234881024
macos	Archiv podepsaných artefaktů před publikací	2026-09-23T11:18:58.6335140Z Uploaded bytes 243269632
macos	Archiv podepsaných artefaktů před publikací	2026-09-23T11:18:58.7260000Z Uploaded bytes 251658240
macos	Archiv podepsaných artefaktů před publikací	2026-09-23T11:18:58.9057440Z Uploaded bytes 260046848
macos	Archiv podepsaných artefaktů před publikací	2026-09-23T11:18:58.9160200Z Uploaded bytes 268435456
macos	Archiv podepsaných artefaktů před publikací	2026-09-23T11:18:58.9824420Z Uploaded bytes 276824064
macos	Archiv podepsaných artefaktů před publikací	2026-09-23T11:18:59.2158320Z Uploaded bytes 285212672
macos	Archiv podepsaných artefaktů před publikací	2026-09-23T11:18:59.2937070Z Uploaded bytes 293601280
macos	Archiv podepsaných artefaktů před publikací	2026-09-23T11:18:59.5222340Z Uploaded bytes 301989888
macos	Archiv podepsaných artefaktů před publikací	2026-09-23T11:18:59.6788030Z Uploaded bytes 310378496
macos	Archiv podepsaných artefaktů před publikací	2026-09-23T11:18:59.6896890Z Uploaded bytes 318767104
macos	Archiv podepsaných artefaktů před publikací	2026-09-23T11:18:59.9457670Z Uploaded bytes 327155712
macos	Archiv podepsaných artefaktů před publikací	2026-09-23T11:19:00.0154800Z Uploaded bytes 335544320
macos	Archiv podepsaných artefaktů před publikací	2026-09-23T11:19:00.0703240Z Uploaded bytes 343932928
macos	Archiv podepsaných artefaktů před publikací	2026-09-23T11:19:00.1686670Z Uploaded bytes 352321536
macos	Archiv podepsaných artefaktů před publikací	2026-09-23T11:19:00.4039910Z Uploaded bytes 360710144
macos	Archiv podepsaných artefaktů před publikací	2026-09-23T11:19:00.5054250Z Uploaded bytes 369098752
macos	Archiv podepsaných artefaktů před publikací	2026-09-23T11:19:00.5793780Z Uploaded bytes 377487360
macos	Archiv podepsaných artefaktů před publikací	2026-09-23T11:19:00.6536340Z Uploaded bytes 385875968
macos	Archiv podepsaných artefaktů před publikací	2026-09-23T11:19:00.8921200Z Uploaded bytes 394264576
macos	Archiv podepsaných artefaktů před publikací	2026-09-23T11:19:01.0901250Z Uploaded bytes 402653184
macos	Archiv podepsaných artefaktů před publikací	2026-09-23T11:19:01.1534300Z Uploaded bytes 411041792
macos	Archiv podepsaných artefaktů před publikací	2026-09-23T11:19:01.2189650Z Uploaded bytes 419430400
macos	Archiv podepsaných artefaktů před publikací	2026-09-23T11:19:01.3726470Z Uploaded bytes 427819008
macos	Archiv podepsaných artefaktů před publikací	2026-09-23T11:19:01.6108100Z Uploaded bytes 436207616
macos	Archiv podepsaných artefaktů před publikací	2026-09-23T11:19:01.6315820Z Uploaded bytes 444596224
macos	Archiv podepsaných artefaktů před publikací	2026-09-23T11:19:01.7386290Z Uploaded bytes 452984832
macos	Archiv podepsaných artefaktů před publikací	2026-09-23T11:19:01.8705910Z Uploaded bytes 461373440
macos	Archiv podepsaných artefaktů před publikací	2026-09-23T11:19:02.2090010Z Uploaded bytes 469762048
macos	Archiv podepsaných artefaktů před publikací	2026-09-23T11:19:02.2317050Z Uploaded bytes 478150656
macos	Archiv podepsaných artefaktů před publikací	2026-09-23T11:19:02.2521290Z Uploaded bytes 486539264
macos	Archiv podepsaných artefaktů před publikací	2026-09-23T11:19:02.4434800Z Uploaded bytes 494927872
macos	Archiv podepsaných artefaktů před publikací	2026-09-23T11:19:02.6481330Z Uploaded bytes 503316480
macos	Archiv podepsaných artefaktů před publikací	2026-09-23T11:19:02.7058100Z Uploaded bytes 511705088
macos	Archiv podepsaných artefaktů před publikací	2026-09-23T11:19:02.7717620Z Uploaded bytes 520093696
macos	Archiv podepsaných artefaktů před publikací	2026-09-23T11:19:03.0533170Z Uploaded bytes 528482304
macos	Archiv podepsaných artefaktů před publikací	2026-09-23T11:19:03.0736240Z Uploaded bytes 536870912
macos	Archiv podepsaných artefaktů před publikací	2026-09-23T11:19:03.2504900Z Uploaded bytes 545259520
macos	Archiv podepsaných artefaktů před publikací	2026-09-23T11:19:03.6471440Z Uploaded bytes 551538606
macos	Archiv podepsaných artefaktů před publikací	2026-09-23T11:19:03.7355140Z Finished uploading artifact content to blob storage!
macos	Archiv podepsaných artefaktů před publikací	2026-09-23T11:19:03.7373500Z SHA256 digest of uploaded artifact zip is ee6b2635c7d141c8e4a42bffef3f2224e3cf40420f93ff09dd78b64fc0b5e7f1
macos	Archiv podepsaných artefaktů před publikací	2026-09-23T11:19:03.7376060Z Finalizing artifact upload
macos	Archiv podepsaných artefaktů před publikací	2026-09-23T11:19:04.1608190Z Artifact ludone-desktop-v0.1.4.zip successfully finalized. Artifact ID 10746327769
macos	Archiv podepsaných artefaktů před publikací	2026-09-23T11:19:04.1609470Z Artifact ludone-desktop-v0.1.4 has been successfully uploaded! Final size is 551538606 bytes. Artifact ID is 10746327769
macos	Archiv podepsaných artefaktů před publikací	2026-09-23T11:19:04.1610820Z Artifact download URL: https://github.com/Make-more-s-r-o/ludone-desktop/actions/runs/35852937848/artifacts/10746327769
macos	Publikace na stahnout.ludone.cz	﻿2026-09-23T11:19:04.1802980Z ##[group]Run set -euo pipefail
macos	Publikace na stahnout.ludone.cz	2026-09-23T11:19:04.1803590Z ^[[36;1mset -euo pipefail^[[0m
macos	Publikace na stahnout.ludone.cz	2026-09-23T11:19:04.1803910Z ^[[36;1mumask 077^[[0m
macos	Publikace na stahnout.ludone.cz	2026-09-23T11:19:04.1804330Z ^[[36;1mssh_dir="$RUNNER_TEMP/ludone-release-ssh"^[[0m
macos	Publikace na stahnout.ludone.cz	2026-09-23T11:19:04.1804790Z ^[[36;1minstall -d -m 700 "$ssh_dir"^[[0m
macos	Publikace na stahnout.ludone.cz	2026-09-23T11:19:04.1805190Z ^[[36;1mprivate_key="$ssh_dir/id_release"^[[0m
macos	Publikace na stahnout.ludone.cz	2026-09-23T11:19:04.1805570Z ^[[36;1mknown_hosts="$ssh_dir/known_hosts"^[[0m
macos	Publikace na stahnout.ludone.cz	2026-09-23T11:19:04.1806070Z ^[[36;1mprintf '%s\n' "$DOWNLOAD_SSH_PRIVATE_KEY" > "$private_key"^[[0m
macos	Publikace na stahnout.ludone.cz	2026-09-23T11:19:04.1806730Z ^[[36;1mprintf '%s\n' "$DOWNLOAD_SSH_KNOWN_HOSTS" > "$known_hosts"^[[0m
macos	Publikace na stahnout.ludone.cz	2026-09-23T11:19:04.1807280Z ^[[36;1mchmod 600 "$private_key" "$known_hosts"^[[0m
macos	Publikace na stahnout.ludone.cz	2026-09-23T11:19:04.1807830Z ^[[36;1mport="${DOWNLOAD_SSH_PORT:-22}"^[[0m
macos	Publikace na stahnout.ludone.cz	2026-09-23T11:19:04.1808330Z ^[[36;1mtarget="${DOWNLOAD_SSH_USER}@${DOWNLOAD_SSH_HOST}"^[[0m
macos	Publikace na stahnout.ludone.cz	2026-09-23T11:19:04.1808820Z ^[[36;1mssh_options=(^[[0m
macos	Publikace na stahnout.ludone.cz	2026-09-23T11:19:04.1809180Z ^[[36;1m  -i "$private_key"^[[0m
macos	Publikace na stahnout.ludone.cz	2026-09-23T11:19:04.1809550Z ^[[36;1m  -p "$port"^[[0m
macos	Publikace na stahnout.ludone.cz	2026-09-23T11:19:04.1810090Z ^[[36;1m  -o BatchMode=yes^[[0m
macos	Publikace na stahnout.ludone.cz	2026-09-23T11:19:04.1810470Z ^[[36;1m  -o IdentitiesOnly=yes^[[0m
macos	Publikace na stahnout.ludone.cz	2026-09-23T11:19:04.1810910Z ^[[36;1m  -o StrictHostKeyChecking=yes^[[0m
macos	Publikace na stahnout.ludone.cz	2026-09-23T11:19:04.1811330Z ^[[36;1m  -o "UserKnownHostsFile=$known_hosts"^[[0m
macos	Publikace na stahnout.ludone.cz	2026-09-23T11:19:04.1811830Z ^[[36;1m  -o LogLevel=ERROR^[[0m
macos	Publikace na stahnout.ludone.cz	2026-09-23T11:19:04.1812300Z ^[[36;1m)^[[0m
macos	Publikace na stahnout.ludone.cz	2026-09-23T11:19:04.1812710Z ^[[36;1mscp_options=(^[[0m
macos	Publikace na stahnout.ludone.cz	2026-09-23T11:19:04.1813080Z ^[[36;1m  -i "$private_key"^[[0m
macos	Publikace na stahnout.ludone.cz	2026-09-23T11:19:04.1813460Z ^[[36;1m  -P "$port"^[[0m
macos	Publikace na stahnout.ludone.cz	2026-09-23T11:19:04.1813820Z ^[[36;1m  -o BatchMode=yes^[[0m
macos	Publikace na stahnout.ludone.cz	2026-09-23T11:19:04.1814220Z ^[[36;1m  -o IdentitiesOnly=yes^[[0m
macos	Publikace na stahnout.ludone.cz	2026-09-23T11:19:04.1814710Z ^[[36;1m  -o StrictHostKeyChecking=yes^[[0m
macos	Publikace na stahnout.ludone.cz	2026-09-23T11:19:04.1815200Z ^[[36;1m  -o "UserKnownHostsFile=$known_hosts"^[[0m
macos	Publikace na stahnout.ludone.cz	2026-09-23T11:19:04.1815650Z ^[[36;1m  -o LogLevel=ERROR^[[0m
macos	Publikace na stahnout.ludone.cz	2026-09-23T11:19:04.1816030Z ^[[36;1m)^[[0m
macos	Publikace na stahnout.ludone.cz	2026-09-23T11:19:04.1816440Z ^[[36;1mversion="$(node -p 'require("./package.json").version')"^[[0m
macos	Publikace na stahnout.ludone.cz	2026-09-23T11:19:04.1817000Z ^[[36;1mfiles=(^[[0m
macos	Publikace na stahnout.ludone.cz	2026-09-23T11:19:04.1818850Z ^[[36;1m  "LuDone-Desktop-${version}-arm64.dmg"^[[0m
macos	Publikace na stahnout.ludone.cz	2026-09-23T11:19:04.1821200Z ^[[36;1m  "LuDone-Desktop-${version}-arm64.dmg.blockmap"^[[0m
macos	Publikace na stahnout.ludone.cz	2026-09-23T11:19:04.1822480Z ^[[36;1m  "LuDone-Desktop-${version}-arm64.zip"^[[0m
macos	Publikace na stahnout.ludone.cz	2026-09-23T11:19:04.1823850Z ^[[36;1m  "LuDone-Desktop-${version}-arm64.zip.blockmap"^[[0m
macos	Publikace na stahnout.ludone.cz	2026-09-23T11:19:04.1825130Z ^[[36;1m  "LuDone-Desktop-${version}-x64.dmg"^[[0m
macos	Publikace na stahnout.ludone.cz	2026-09-23T11:19:04.1826420Z ^[[36;1m  "LuDone-Desktop-${version}-x64.dmg.blockmap"^[[0m
macos	Publikace na stahnout.ludone.cz	2026-09-23T11:19:04.1829050Z ^[[36;1m  "LuDone-Desktop-${version}-x64.zip"^[[0m
macos	Publikace na stahnout.ludone.cz	2026-09-23T11:19:04.1830500Z ^[[36;1m  "LuDone-Desktop-${version}-x64.zip.blockmap"^[[0m
macos	Publikace na stahnout.ludone.cz	2026-09-23T11:19:04.1831830Z ^[[36;1m  "latest-mac.yml"^[[0m
macos	Publikace na stahnout.ludone.cz	2026-09-23T11:19:04.1832940Z ^[[36;1m)^[[0m
macos	Publikace na stahnout.ludone.cz	2026-09-23T11:19:04.1834030Z ^[[36;1mstaging_name=".incoming-${GITHUB_RUN_ID}-${GITHUB_RUN_ATTEMPT}"^[[0m
macos	Publikace na stahnout.ludone.cz	2026-09-23T11:19:04.1835540Z ^[[36;1mstaging_path="${DOWNLOAD_SSH_PATH%/}/$staging_name"^[[0m
macos	Publikace na stahnout.ludone.cz	2026-09-23T11:19:04.1836920Z ^[[36;1mssh "${ssh_options[@]}" "$target" "mkdir -p -- '$staging_path'"^[[0m
macos	Publikace na stahnout.ludone.cz	2026-09-23T11:19:04.1837540Z ^[[36;1mupload_paths=()^[[0m
macos	Publikace na stahnout.ludone.cz	2026-09-23T11:19:04.1838080Z ^[[36;1mfor file in "${files[@]}"; do upload_paths+=("release/$file"); done^[[0m
macos	Publikace na stahnout.ludone.cz	2026-09-23T11:19:04.1838650Z ^[[36;1mupload_paths+=("release/SHA256SUMS")^[[0m
macos	Publikace na stahnout.ludone.cz	2026-09-23T11:19:04.1839230Z ^[[36;1mscp "${scp_options[@]}" -- "${upload_paths[@]}" "$target:$staging_path/"^[[0m
macos	Publikace na stahnout.ludone.cz	2026-09-23T11:19:04.1840120Z ^[[36;1m# Verze a blockmapy se zpřístupní první. latest-mac.yml se přesune až^[[0m
macos	Publikace na stahnout.ludone.cz	2026-09-23T11:19:04.1840810Z ^[[36;1m# nakonec jedním rename, takže klient nikdy neuvidí metadata k neúplné sadě.^[[0m
macos	Publikace na stahnout.ludone.cz	2026-09-23T11:19:04.1841400Z ^[[36;1mssh "${ssh_options[@]}" "$target" \^[[0m
macos	Publikace na stahnout.ludone.cz	2026-09-23T11:19:04.1841780Z ^[[36;1m  "sh -s -- ${DOWNLOAD_SSH_PATH%/} $staging_name ${files[*]}" \^[[0m
macos	Publikace na stahnout.ludone.cz	2026-09-23T11:19:04.1842270Z ^[[36;1m  < scripts/publish-release-remote.sh^[[0m
macos	Publikace na stahnout.ludone.cz	2026-09-23T11:19:04.1842830Z ^[[36;1mecho "Publikace verze $version proběhla; latest-mac.yml byl zveřejněn jako poslední."^[[0m
macos	Publikace na stahnout.ludone.cz	2026-09-23T11:19:04.2228930Z shell: /bin/bash -e {0}
macos	Publikace na stahnout.ludone.cz	2026-09-23T11:19:04.2229300Z env:
macos	Publikace na stahnout.ludone.cz	2026-09-23T11:19:04.2230140Z   APPLE_API_KEY: /Users/runner/work/_temp/AuthKey_***.p8
macos	Publikace na stahnout.ludone.cz	2026-09-23T11:19:04.2230500Z   DOWNLOAD_SSH_HOST: [REDACTED: publishing configuration]
macos	Publikace na stahnout.ludone.cz	2026-09-23T11:19:04.2230770Z   DOWNLOAD_SSH_PORT: [REDACTED: publishing configuration]
macos	Publikace na stahnout.ludone.cz	2026-09-23T11:19:04.2231040Z   DOWNLOAD_SSH_USER: [REDACTED: publishing configuration]
macos	Publikace na stahnout.ludone.cz	2026-09-23T11:19:04.2231430Z   DOWNLOAD_SSH_PATH: [REDACTED: publishing configuration]
macos	Publikace na stahnout.ludone.cz	2026-09-23T11:19:04.2233310Z   DOWNLOAD_SSH_PRIVATE_KEY: ***
macos	Publikace na stahnout.ludone.cz	2026-09-23T11:19:04.2237850Z   DOWNLOAD_SSH_KNOWN_HOSTS: ***
macos	Publikace na stahnout.ludone.cz	2026-09-23T11:19:04.2238170Z ##[endgroup]
macos	Publikace na stahnout.ludone.cz	2026-09-23T11:20:05.6912640Z latest-mac.yml: OK
macos	Publikace na stahnout.ludone.cz	2026-09-23T11:20:05.7830170Z LuDone-Desktop-0.1.4-arm64.dmg: OK
macos	Publikace na stahnout.ludone.cz	2026-09-23T11:20:05.7831540Z LuDone-Desktop-0.1.4-arm64.dmg.blockmap: OK
macos	Publikace na stahnout.ludone.cz	2026-09-23T11:20:05.8749790Z LuDone-Desktop-0.1.4-arm64.zip: OK
macos	Publikace na stahnout.ludone.cz	2026-09-23T11:20:05.8750460Z LuDone-Desktop-0.1.4-arm64.zip.blockmap: OK
macos	Publikace na stahnout.ludone.cz	2026-09-23T11:20:05.9715230Z LuDone-Desktop-0.1.4-x64.dmg: OK
macos	Publikace na stahnout.ludone.cz	2026-09-23T11:20:05.9816110Z LuDone-Desktop-0.1.4-x64.dmg.blockmap: OK
macos	Publikace na stahnout.ludone.cz	2026-09-23T11:20:06.0696520Z LuDone-Desktop-0.1.4-x64.zip: OK
macos	Publikace na stahnout.ludone.cz	2026-09-23T11:20:06.0698140Z LuDone-Desktop-0.1.4-x64.zip.blockmap: OK
macos	Publikace na stahnout.ludone.cz	2026-09-23T11:20:06.0854440Z Publikace verze 0.1.4 proběhla; latest-mac.yml byl zveřejněn jako poslední.
macos	Ověření veřejného feedu a souborů	﻿2026-09-23T11:20:06.0967930Z ##[group]Run node scripts/verify-published-release.mjs
macos	Ověření veřejného feedu a souborů	2026-09-23T11:20:06.0969320Z ^[[36;1mnode scripts/verify-published-release.mjs^[[0m
macos	Ověření veřejného feedu a souborů	2026-09-23T11:20:06.1079880Z shell: /bin/bash -e {0}
macos	Ověření veřejného feedu a souborů	2026-09-23T11:20:06.1080370Z env:
macos	Ověření veřejného feedu a souborů	2026-09-23T11:20:06.1081480Z   APPLE_API_KEY: /Users/runner/work/_temp/AuthKey_***.p8
macos	Ověření veřejného feedu a souborů	2026-09-23T11:20:06.1082080Z ##[endgroup]
macos	Ověření veřejného feedu a souborů	2026-09-23T11:20:12.3046910Z PASS veřejný feed: metadata verze 0.1.4 a všech osm balíčků/blockmap jsou dostupné
macos	Post Run actions/setup-node@v4	﻿2026-09-23T11:20:12.3285510Z Node 20 is being deprecated. This workflow is running with Node 24 by default. If you need to temporarily use Node 20, you can set the ACTIONS_ALLOW_USE_UNSECURE_NODE_VERSION=true environment variable. For more information see: https://github.blog/changelog/2025-09-19-deprecation-of-node-20-on-github-actions-runners/
macos	Post Run actions/setup-node@v4	2026-09-23T11:20:12.3286870Z Post job cleanup.
macos	Post Run actions/setup-node@v4	2026-09-23T11:20:12.6493780Z (node:82203) [DEP0040] DeprecationWarning: The `punycode` module is deprecated. Please use a userland alternative instead.
macos	Post Run actions/setup-node@v4	2026-09-23T11:20:12.6572500Z (Use `node --trace-deprecation ...` to show where the warning was created)
macos	Post Run actions/setup-node@v4	2026-09-23T11:20:12.6822800Z [command]/opt/homebrew/bin/gtar --posix -cf cache.tzst --exclude cache.tzst -P -C /Users/runner/work/ludone-desktop/ludone-desktop --files-from manifest.txt --delay-directory-restore --use-compress-program zstdmt
macos	Post Run actions/setup-node@v4	2026-09-23T11:20:13.5648220Z (node:82203) [DEP0169] DeprecationWarning: `url.parse()` behavior is not standardized and prone to errors that have security implications. Use the WHATWG URL API instead. CVEs are not issued for `url.parse()` vulnerabilities.
macos	Post Run actions/setup-node@v4	2026-09-23T11:20:14.5609760Z Sent 17891328 of 46938366 (38.1%), 17.0 MBs/sec
macos	Post Run actions/setup-node@v4	2026-09-23T11:20:15.2123420Z Sent 46938366 of 46938366 (100.0%), 27.1 MBs/sec
macos	Post Run actions/setup-node@v4	2026-09-23T11:20:15.5357450Z Cache saved with the key: node-cache-macOS-arm64-npm-7164946e0531f3f3b0379c8c6f4b0bba660a68cf5a9cbdf07cd0eb421061b6f5
macos	Post Run actions/checkout@v4	﻿2026-09-23T11:20:15.5516780Z Node 20 is being deprecated. This workflow is running with Node 24 by default. If you need to temporarily use Node 20, you can set the ACTIONS_ALLOW_USE_UNSECURE_NODE_VERSION=true environment variable. For more information see: https://github.blog/changelog/2025-09-19-deprecation-of-node-20-on-github-actions-runners/
macos	Post Run actions/checkout@v4	2026-09-23T11:20:15.5518140Z Post job cleanup.
macos	Post Run actions/checkout@v4	2026-09-23T11:20:15.6484540Z [command]/opt/homebrew/bin/git version
macos	Post Run actions/checkout@v4	2026-09-23T11:20:15.6694060Z git version 2.55.0
macos	Post Run actions/checkout@v4	2026-09-23T11:20:15.6712980Z Copying '/Users/runner/.gitconfig' to '/Users/runner/work/_temp/8e541e25-c273-4427-8156-768e2376de24/.gitconfig'
macos	Post Run actions/checkout@v4	2026-09-23T11:20:15.6720980Z Temporarily overriding HOME='/Users/runner/work/_temp/8e541e25-c273-4427-8156-768e2376de24' before making global git config changes
macos	Post Run actions/checkout@v4	2026-09-23T11:20:15.6722120Z Adding repository directory to the temporary git global config as a safe directory
macos	Post Run actions/checkout@v4	2026-09-23T11:20:15.6723950Z [command]/opt/homebrew/bin/git config --global --add safe.directory /Users/runner/work/ludone-desktop/ludone-desktop
macos	Post Run actions/checkout@v4	2026-09-23T11:20:15.6834970Z [command]/opt/homebrew/bin/git config --local --name-only --get-regexp core\.sshCommand
macos	Post Run actions/checkout@v4	2026-09-23T11:20:15.6882730Z [command]/opt/homebrew/bin/git submodule foreach --recursive sh -c "git config --local --name-only --get-regexp 'core\.sshCommand' && git config --local --unset-all 'core.sshCommand' || :"
macos	Post Run actions/checkout@v4	2026-09-23T11:20:15.7761150Z [command]/opt/homebrew/bin/git config --local --name-only --get-regexp http\.https\:\/\/github\.com\/\.extraheader
macos	Post Run actions/checkout@v4	2026-09-23T11:20:15.7807360Z [command]/opt/homebrew/bin/git submodule foreach --recursive sh -c "git config --local --name-only --get-regexp 'http\.https\:\/\/github\.com\/\.extraheader' && git config --local --unset-all 'http.https://github.com/.extraheader' || :"
macos	Post Run actions/checkout@v4	2026-09-23T11:20:15.8772300Z [command]/opt/homebrew/bin/git config --local --name-only --get-regexp ^includeIf\.gitdir:
macos	Post Run actions/checkout@v4	2026-09-23T11:20:15.8804470Z [command]/opt/homebrew/bin/git submodule foreach --recursive git config --local --show-origin --name-only --get-regexp remote.origin.url
macos	Complete job	﻿2026-09-23T11:20:16.0408540Z Cleaning up orphan processes
macos	Complete job	2026-09-23T11:20:18.2823740Z ##[warning]Node.js 20 is deprecated. The following actions target Node.js 20 but are being forced to run on Node.js 24: actions/checkout@v4, actions/setup-node@v4, actions/upload-artifact@v4. For more information see: https://github.blog/changelog/2025-09-19-deprecation-of-node-20-on-github-actions-runners/

COMMAND_EXIT_CODE=0
